hospital_id,code,code_type,cdm_code,rev_code,description,gross_charge,discounted_cash,setting
san_ramon,76377,CPT,5057637,350,3D IMAGING W POSTPROCESS,4168.0,3126.0,both
san_ramon,83883,CPT,7253868,300,A-2 MACROGLOBULIN,16.29,12.22,both
san_ramon,,,5412009,258,AA 4.25% D10 EL/CA 2LTPN,1106.0,829.5,both
san_ramon,,,5412026,258,AA 4.25% D10 ELEC 1L TPN,647.0,485.25,both
san_ramon,,,5412033,258,AA 5% D15 EL/CA 1L TPN,613.0,459.75,both
san_ramon,,,5412004,258,AA 5% D15 EL/CA 2L TPN,1167.0,875.25,both
san_ramon,,,5412021,258,AA 5% D20 EL/CA 1L TPN,617.0,462.75,both
san_ramon,,,5412003,258,AA 5% D20 EL/CA 2L TPN,1186.0,889.5,both
san_ramon,,,5300023,250,ABACAVIR/DOLUT/LAMIV TB,804.0,603.0,both
san_ramon,,,5300023,637,ABACAVIR/DOLUT/LAMIV TB,804.0,603.0,both
san_ramon,75630,CPT,4615631,320,ABD AORTA W/BI LWR EXT,19591.0,14693.25,both
san_ramon,75625,CPT,4615627,320,ABD AORTOGRPHY BY SERIAL,12393.0,9294.75,both
san_ramon,93975,CPT,5062015,921,ABD ART/VEN FLOW ABD COMP,5742.0,4306.5,both
san_ramon,93976,CPT,5062017,921,ABD ART/VEN FLOW LTD,2871.0,2153.25,both
san_ramon,,,4619083,360,ABD PARACENTESIS W/IMAGE,7679.0,5759.25,both
san_ramon,,,5059083,360,ABD PARACENTESIS W/IMAGE,8878.0,6658.5,both
san_ramon,,,5069083,360,ABD PARACENTESIS W/IMAGE,7573.0,5679.75,both
san_ramon,,,5069082,360,ABD PARACENTESIS W/OIMAG,3835.0,2876.25,both
san_ramon,74018,CPT,4904018,320,ABDOMEN 1 VIEW,1779.0,1334.25,both
san_ramon,74019,CPT,4904019,320,ABDOMEN 2 VIEWS,2936.0,2202.0,both
san_ramon,74022,CPT,4904022,320,ABDOMEN 2+VWS SNGL VW CHEST,3609.0,2706.75,both
san_ramon,74021,CPT,4904021,320,ABDOMEN 3/+ VIEWS,2560.0,1920.0,both
san_ramon,76010,CPT,4904030,320,ABDOMEN/CHEST DET FORBDY,1833.0,1374.75,both
san_ramon,82803,CPT,5501806,300,ABG W CALC O2 SAT,855.0,641.25,both
san_ramon,82805,CPT,5500152,300,ABG W O2 DIRECT,3012.0,2259.0,both
san_ramon,,,5300019,250,ABIRATERONE 250MG TB,146.0,109.5,both
san_ramon,,,5300019,637,ABIRATERONE 250MG TB,146.0,109.5,both
san_ramon,,,5050593,360,ABLATN RENL TUMORS CRYO,5086.0,3814.5,both
san_ramon,,,5318004,250,ACETAZOLAMI UPTO 500MGIJ,765.0,573.75,both
san_ramon,,,5318004,636,ACETAZOLAMI UPTO 500MGIJ,765.0,573.75,both
san_ramon,,,5300102,250,ACETAZOLAMID 500MG XR CP,124.0,93.0,both
san_ramon,,,5300102,637,ACETAZOLAMID 500MG XR CP,124.0,93.0,both
san_ramon,,,5300098,250,ACETAZOLAMIDE 250MG TB,71.0,53.25,both
san_ramon,,,5300098,637,ACETAZOLAMIDE 250MG TB,71.0,53.25,both
san_ramon,,,5414015,270,ACETIC ACID.25% 1L IRR,320.0,240.0,both
san_ramon,82010,CPT,4102012,300,ACETONE QUANTITATIVE/3,1766.0,1324.5,both
san_ramon,,,5330044,250,ACETYLCHOLINE CL1%2ML OS,687.0,515.25,both
san_ramon,,,5318016,250,ACETYLCYSTEIN PER100MGIJ,27.0,20.25,both
san_ramon,,,5318016,636,ACETYLCYSTEIN PER100MGIJ,27.0,20.25,both
san_ramon,,,5330079,250,ACETYLCYSTEINE 20%4ML IS,153.0,114.75,both
san_ramon,,,5330086,250,ACETYLCYSTEINE20%10ML IS,1874.0,1405.5,both
san_ramon,83519,CPT,7258385,300,ACHR ANTIBODY/3,30.0,22.5,both
san_ramon,73050,CPT,4903050,320,ACROMIOCLAVICULAR JTS BI,1952.0,1464.0,both
san_ramon,82024,CPT,7252024,300,ACTH,5.75,4.31,both
san_ramon,86015,CPT,7250516,300,ACTIN SMOOTH MUSCLE AB,5.29,3.97,both
san_ramon,86602,CPT,7256602,300,ACTINOMYCES AB/3,25.6,19.2,both
san_ramon,86602,CPT,7256604,300,ACTINOMYCES AB/5,25.6,19.2,both
san_ramon,78278,CPT,5208280,341,ACUTE GI BLOOD LOSS IMG,10285.0,7713.75,both
san_ramon,80074,CPT,7250074,300,ACUTE HEPATITIS PANEL,15.74,11.81,both
san_ramon,,,5300160,250,ACYCLOVIR 200MG CP,104.0,78.0,both
san_ramon,,,5300160,637,ACYCLOVIR 200MG CP,104.0,78.0,both
san_ramon,,,5300162,250,ACYCLOVIR 400MG TB,153.0,114.75,both
san_ramon,,,5300162,637,ACYCLOVIR 400MG TB,153.0,114.75,both
san_ramon,,,5318015,250,ACYCLOVIR PER 5MG IJ,17.0,12.75,both
san_ramon,,,5318015,636,ACYCLOVIR PER 5MG IJ,17.0,12.75,both
san_ramon,83520,CPT,7258538,300,ADAMTS 13 AB,135.0,101.25,both
san_ramon,85397,CPT,7258539,300,ADAMTS 13 ACTIVITY,125.0,93.75,both
san_ramon,84311,CPT,7256366,300,ADENOSINE DEAMINASE,45.0,33.75,both
san_ramon,,,5318047,250,ADENOSINE PER 1MG IJ,62.0,46.5,both
san_ramon,,,5318047,636,ADENOSINE PER 1MG IJ,62.0,46.5,both
san_ramon,83520,CPT,7253593,300,ADIPONECTIN,172.67,129.5,both
san_ramon,,,1990028,199,ADMIN DAY ADULT LEVEL II,15454.0,11590.5,both
san_ramon,,,2010028,199,ADMIN DAY ADULT LEVEL II,15454.0,11590.5,both
san_ramon,,,2120028,199,ADMIN DAY ADULT LEVEL II,15454.0,11590.5,both
san_ramon,,,2150028,199,ADMIN DAY ADULT LEVEL II,15454.0,11590.5,both
san_ramon,,,2500028,199,ADMIN DAY ADULT LEVEL II,15454.0,11590.5,both
san_ramon,,,1990027,169,ADMIN DAY LEVEL I,15454.0,11590.5,both
san_ramon,,,2010027,169,ADMIN DAY LEVEL I,15454.0,11590.5,both
san_ramon,,,2120027,169,ADMIN DAY LEVEL I,15454.0,11590.5,both
san_ramon,,,2150027,169,ADMIN DAY LEVEL I,15454.0,11590.5,both
san_ramon,,,2500027,169,ADMIN DAY LEVEL I,15454.0,11590.5,both
san_ramon,,,4010671,278,ADPTR MOLD HIP SPCR NECK,3640.0,2730.0,both
san_ramon,94664,CPT,5500103,410,AER TX DEMO AND/OR EVAL,1789.0,1341.75,both
san_ramon,94640,CPT,5500105,410,AEROSOL TREATMENT,833.0,624.75,both
san_ramon,,,8130136,274,AFO ANT TIB SPIRAL,8915.0,6686.25,both
san_ramon,,,8130009,274,AFO MULTIGAM ANK SPRT,1784.0,1338.0,both
san_ramon,,,8130079,274,AFO PLSTC/OTHER PREFAB,3479.0,2609.25,both
san_ramon,,,8130065,274,AFO POST SLD AK PLST MLD,10630.0,7972.5,both
san_ramon,94728,CPT,5504728,460,AIRWAY RESIST OSCILLMTRY,2498.0,1873.5,both
san_ramon,,,5314119,250,AL/MG OH/SIM 30ML ES LQ,33.0,24.75,both
san_ramon,,,5314119,637,AL/MG OH/SIM 30ML ES LQ,33.0,24.75,both
san_ramon,,,5314131,250,AL/MG OH/SIM 30ML LQ,15.0,11.25,both
san_ramon,,,5314131,637,AL/MG OH/SIM 30ML LQ,15.0,11.25,both
san_ramon,82135,CPT,7252135,300,ALA DELTA AMINOLVLN ACID,27.04,20.28,both
san_ramon,82135,CPT,7252136,300,ALA DELTA AMINOLVLN ACID/2,26.23,19.67,both
san_ramon,,,5318063,250,ALBUMIN 25% PER 50ML IJ,1501.0,1125.75,both
san_ramon,,,5318063,636,ALBUMIN 25% PER 50ML IJ,1501.0,1125.75,both
san_ramon,,,5318032,250,ALBUMIN 5% PER 250ML IJ,1501.0,1125.75,both
san_ramon,,,5318032,636,ALBUMIN 5% PER 250ML IJ,1501.0,1125.75,both
san_ramon,,,5318031,250,ALBUMIN 5% PER 50ML IJ,774.0,580.5,both
san_ramon,,,5318031,636,ALBUMIN 5% PER 50ML IJ,774.0,580.5,both
san_ramon,82042,CPT,4102045,300,ALBUMIN QUANT OTH SRC/2,687.0,515.25,both
san_ramon,82042,CPT,4152045,300,ALBUMIN QUANT OTH SRC/2,307.0,230.25,both
san_ramon,82042,CPT,7252111,300,ALBUMIN QUANT OTH SRC/2,14.6,10.95,both
san_ramon,82040,CPT,4102040,300,ALBUMIN SERUM,90.0,67.5,both
san_ramon,82040,CPT,4152040,300,ALBUMIN SERUM,68.0,51.0,both
san_ramon,82040,CPT,7252040,300,ALBUMIN SERUM,2.85,2.14,both
san_ramon,,,5330116,250,ALBUTEROL .083% 3ML IS,143.0,107.25,both
san_ramon,,,5330116,637,ALBUTEROL .083% 3ML IS,143.0,107.25,both
san_ramon,,,5330115,250,ALBUTEROL .5% 20ML IS,353.0,264.75,both
san_ramon,,,5330115,637,ALBUTEROL .5% 20ML IS,353.0,264.75,both
san_ramon,,,5330126,250,ALBUTEROL 1.25MG/3ML IS,48.0,36.0,both
san_ramon,,,5330126,637,ALBUTEROL 1.25MG/3ML IS,48.0,36.0,both
san_ramon,,,5330113,250,ALBUTEROL HFA 18GM IH,627.0,470.25,both
san_ramon,,,5330113,637,ALBUTEROL HFA 18GM IH,627.0,470.25,both
san_ramon,,,5330120,250,ALBUTEROL HFA 6.7GM IH,546.0,409.5,both
san_ramon,,,5330120,637,ALBUTEROL HFA 6.7GM IH,546.0,409.5,both
san_ramon,,,5330112,250,ALBUTEROL HFA 8.5GM IH,446.0,334.5,both
san_ramon,,,5330112,637,ALBUTEROL HFA 8.5GM IH,446.0,334.5,both
san_ramon,,,5330123,250,ALBUTEROL/IPRATR 3ML IS,95.0,71.25,both
san_ramon,,,5330123,637,ALBUTEROL/IPRATR 3ML IS,95.0,71.25,both
san_ramon,,,5330125,250,ALBUTEROL2.5MG/.5ML UDIS,36.0,27.0,both
san_ramon,,,5330125,637,ALBUTEROL2.5MG/.5ML UDIS,36.0,27.0,both
san_ramon,80320,CPT,7252078,300,ALCOHOLS/4,10.0,7.5,both
san_ramon,82085,CPT,7252085,300,ALDOLASE,2.0,1.5,both
san_ramon,82088,CPT,7252087,300,ALDOSTERONE,4.23,3.17,both
san_ramon,,,4020486,278,ALLODERM PER SQ CM (IMPLANT),266.0,199.5,both
san_ramon,,,4027050,278,ALLOGRAFT CARTILAGE,34080.0,25560.0,both
san_ramon,,,4027051,278,ALLOGRFT AMNIOTIC MEMBRN,3132.0,2349.0,both
san_ramon,,,4027054,250,ALLOGRFT AMNIOTIC MEMBRN,8384.0,6288.0,both
san_ramon,,,4027054,636,ALLOGRFT AMNIOTIC MEMBRN,8384.0,6288.0,both
san_ramon,,,4020536,250,ALLOGRFT DERMIS CORTIVA,15715.0,11786.25,both
san_ramon,,,4020536,636,ALLOGRFT DERMIS CORTIVA,15715.0,11786.25,both
san_ramon,,,4027053,278,ALLOGRFT HEMI CONDYL FEM,111579.0,83684.25,both
san_ramon,,,4027055,278,ALLOGRFT HUM PLCNTL TISS,13967.0,10475.25,both
san_ramon,,,4020518,278,ALLOGRFT SCLERA TUTOPLST,2395.0,1796.25,both
san_ramon,,,4020587,278,ALLOGRFT TENDON PRESUTUR,11994.0,8995.5,both
san_ramon,,,4027060,278,ALLOGRFT TENFUSE PIP,22902.0,17176.5,both
san_ramon,,,4027061,250,ALLOGRFT UMBILICAL CORD,6233.0,4674.75,both
san_ramon,,,4027061,636,ALLOGRFT UMBILICAL CORD,6233.0,4674.75,both
san_ramon,,,5300244,250,ALLOPURINOL100MG TB,60.0,45.0,both
san_ramon,,,5300244,637,ALLOPURINOL100MG TB,60.0,45.0,both
san_ramon,,,5300248,250,ALLOPURINOL300MG TB,71.0,53.25,both
san_ramon,,,5300248,637,ALLOPURINOL300MG TB,71.0,53.25,both
san_ramon,,,4020521,250,ALLOWRAP DS OR DRY PER SQ CM,3065.0,2298.75,both
san_ramon,,,4020521,636,ALLOWRAP DS OR DRY PER SQ CM,3065.0,2298.75,both
san_ramon,86003,CPT,7256053,300,ALLRGN SPEC IGE EA/22,3.26,2.45,both
san_ramon,86005,CPT,7256009,300,ALLRGN SPEC IGE QL MULTI/2,3.26,2.45,both
san_ramon,86008,CPT,7250064,300,ALLRGN SPEC IGE RECOMB EA/2,3.26,2.45,both
san_ramon,86001,CPT,7256008,300,ALLRGN SPEC IGG EA/2,3.26,2.45,both
san_ramon,82105,CPT,7252114,300,ALPHA FETO PROTEIN SERUM,4.07,3.05,both
san_ramon,,,5318082,250,ALPHA1PROT INH PER10MGIJ,52.0,39.0,both
san_ramon,,,5318082,636,ALPHA1PROT INH PER10MGIJ,52.0,39.0,both
san_ramon,,,5300294,250,ALPRAZOLAM .25MG TB,71.0,53.25,both
san_ramon,,,5300294,637,ALPRAZOLAM .25MG TB,71.0,53.25,both
san_ramon,,,5300298,250,ALPRAZOLAM .5MG TB,95.0,71.25,both
san_ramon,,,5300298,637,ALPRAZOLAM .5MG TB,95.0,71.25,both
san_ramon,,,5318074,250,ALPROSTADL PER1.25MCG IJ,3.0,2.25,both
san_ramon,,,5318074,637,ALPROSTADL PER1.25MCG IJ,3.0,2.25,both
san_ramon,,,5318092,250,ALTEPLASE PER 1MG IJ,603.0,452.25,both
san_ramon,,,5318092,636,ALTEPLASE PER 1MG IJ,603.0,452.25,both
san_ramon,,,5300420,250,ALVIMOPAN 12MG CP,1316.0,987.0,both
san_ramon,,,5300420,637,ALVIMOPAN 12MG CP,1316.0,987.0,both
san_ramon,,,5300476,250,AMANTADINE 100MG CP,71.0,53.25,both
san_ramon,,,5300476,637,AMANTADINE 100MG CP,71.0,53.25,both
san_ramon,,,5314177,250,AMANTADINE 10M/M 5ML LQ,89.0,66.75,both
san_ramon,,,5314177,637,AMANTADINE 10M/M 5ML LQ,89.0,66.75,both
san_ramon,93788,CPT,4603784,921,AMB BP MNTR SCAN & RPT,2651.0,1988.25,both
san_ramon,80150,CPT,7252124,300,AMIKACIN,10.0,7.5,both
san_ramon,,,5300522,250,AMILORIDE 5MG TB,65.0,48.75,both
san_ramon,,,5300522,637,AMILORIDE 5MG TB,65.0,48.75,both
san_ramon,82139,CPT,7258213,300,AMINO ACIDS 6+ QNT/2,93.67,70.25,both
san_ramon,82131,CPT,7252620,300,AMINO ACIDS QNT SNGL/8,7.15,5.36,both
san_ramon,,,5318150,250,AMINOCAPROIC ACID PER 1GM IJ,15.0,11.25,both
san_ramon,,,5318150,636,AMINOCAPROIC ACID PER 1GM IJ,15.0,11.25,both
san_ramon,,,5318177,250,AMINOPHYLLIN UPTO250MGIJ,152.0,114.0,both
san_ramon,,,5318177,636,AMINOPHYLLIN UPTO250MGIJ,152.0,114.0,both
san_ramon,,,5318198,250,AMIODAR PER30MG PMXIV IJ,120.0,90.0,both
san_ramon,,,5318198,636,AMIODAR PER30MG PMXIV IJ,120.0,90.0,both
san_ramon,,,5300624,250,AMIODARONE 100MG TB,147.0,110.25,both
san_ramon,,,5300624,637,AMIODARONE 100MG TB,147.0,110.25,both
san_ramon,,,5300625,250,AMIODARONE 200MG TB,159.0,119.25,both
san_ramon,,,5300625,637,AMIODARONE 200MG TB,159.0,119.25,both
san_ramon,,,5318199,250,AMIODARONE PER 30MG IJ,40.0,30.0,both
san_ramon,,,5318199,636,AMIODARONE PER 30MG IJ,40.0,30.0,both
san_ramon,,,5300634,250,AMITRIPTYLINE 10MG TB,60.0,45.0,both
san_ramon,,,5300634,637,AMITRIPTYLINE 10MG TB,60.0,45.0,both
san_ramon,,,5300638,250,AMITRIPTYLINE 25MG TB,71.0,53.25,both
san_ramon,,,5300638,637,AMITRIPTYLINE 25MG TB,71.0,53.25,both
san_ramon,,,5300642,250,AMITRIPTYLINE 50MG TB,90.0,67.5,both
san_ramon,,,5300642,637,AMITRIPTYLINE 50MG TB,90.0,67.5,both
san_ramon,,,5300660,250,AMLODIPINE 2.5MG TB,147.0,110.25,both
san_ramon,,,5300660,637,AMLODIPINE 2.5MG TB,147.0,110.25,both
san_ramon,,,5300661,250,AMLODIPINE 5MG TB,216.0,162.0,both
san_ramon,,,5300661,637,AMLODIPINE 5MG TB,216.0,162.0,both
san_ramon,82140,CPT,4102140,300,AMMONIA,1246.0,934.5,both
san_ramon,82140,CPT,4152140,300,AMMONIA,516.0,387.0,both
san_ramon,82140,CPT,7252140,300,AMMONIA,14.54,10.91,both
san_ramon,,,5330219,250,AMMONIA AROMATIC IH,53.0,39.75,both
san_ramon,,,5314230,250,AMOXIC/CLAV200/5 50PWLQ,419.0,314.25,both
san_ramon,,,5314230,637,AMOXIC/CLAV200/5 50PWLQ,419.0,314.25,both
san_ramon,,,5314225,250,AMOXIC/CLAV200/5 5MLPWLQ,19.0,14.25,both
san_ramon,,,5314225,637,AMOXIC/CLAV200/5 5MLPWLQ,19.0,14.25,both
san_ramon,,,5314237,250,AMOXIC/CLAV250/5 5MLPWLQ,80.0,60.0,both
san_ramon,,,5314237,637,AMOXIC/CLAV250/5 5MLPWLQ,80.0,60.0,both
san_ramon,,,5314239,250,AMOXIC/CLAV250/5 75PWLQ,1400.0,1050.0,both
san_ramon,,,5314239,637,AMOXIC/CLAV250/5 75PWLQ,1400.0,1050.0,both
san_ramon,,,5314227,250,AMOXIC/CLAV400/5 50PWLQ,697.0,522.75,both
san_ramon,,,5314227,637,AMOXIC/CLAV400/5 50PWLQ,697.0,522.75,both
san_ramon,,,5314226,250,AMOXIC/CLAV400/5 5MLPWLQ,80.0,60.0,both
san_ramon,,,5314226,637,AMOXIC/CLAV400/5 5MLPWLQ,80.0,60.0,both
san_ramon,,,5314228,250,AMOXIC/CLAV400/5 75PWLQ,240.0,180.0,both
san_ramon,,,5314228,637,AMOXIC/CLAV400/5 75PWLQ,240.0,180.0,both
san_ramon,,,5314243,250,AMOXIC/CLAV600/5 5MLPWLQ,60.0,45.0,both
san_ramon,,,5314243,637,AMOXIC/CLAV600/5 5MLPWLQ,60.0,45.0,both
san_ramon,,,5314249,250,AMOXICILLIN 125/5 5ML LQ,220.0,165.0,both
san_ramon,,,5314249,637,AMOXICILLIN 125/5 5ML LQ,220.0,165.0,both
san_ramon,,,5314253,250,AMOXICILLIN 250/5 5ML LQ,141.0,105.75,both
san_ramon,,,5314253,637,AMOXICILLIN 250/5 5ML LQ,141.0,105.75,both
san_ramon,,,5300723,250,AMOXICILLIN 250MG CP,80.0,60.0,both
san_ramon,,,5300723,637,AMOXICILLIN 250MG CP,80.0,60.0,both
san_ramon,,,5300725,250,AMOXICILLIN 500MG CP,98.0,73.5,both
san_ramon,,,5300725,637,AMOXICILLIN 500MG CP,98.0,73.5,both
san_ramon,,,5300712,250,AMOXICILLIN/CLAV 250MGTB,206.0,154.5,both
san_ramon,,,5300712,637,AMOXICILLIN/CLAV 250MGTB,206.0,154.5,both
san_ramon,,,5300715,250,AMOXICILLIN/CLAV 500MGTB,159.0,119.25,both
san_ramon,,,5300715,637,AMOXICILLIN/CLAV 500MGTB,159.0,119.25,both
san_ramon,,,5300713,250,AMOXICILLIN/CLAV 875MGTB,124.0,93.0,both
san_ramon,,,5300713,637,AMOXICILLIN/CLAV 875MGTB,124.0,93.0,both
san_ramon,,,5314257,250,AMOXICILLN 250/5 80ML LQ,70.0,52.5,both
san_ramon,,,5314257,637,AMOXICILLN 250/5 80ML LQ,70.0,52.5,both
san_ramon,,,5314254,250,AMOXICILN 250/5 100ML LQ,1220.0,915.0,both
san_ramon,,,5314254,637,AMOXICILN 250/5 100ML LQ,1220.0,915.0,both
san_ramon,,,5314256,250,AMOXICILN 250/5 150ML LQ,197.0,147.75,both
san_ramon,,,5314256,637,AMOXICILN 250/5 150ML LQ,197.0,147.75,both
san_ramon,80324,CPT,7250325,300,AMPHETAMINE QUAN 1-2,64.0,48.0,both
san_ramon,,,5318251,250,AMPHOT B LIPOS PER10MGIJ,504.0,378.0,both
san_ramon,,,5318251,636,AMPHOT B LIPOS PER10MGIJ,504.0,378.0,both
san_ramon,,,5318292,250,AMPICIL/SUL PER1.5GM IJ,491.0,368.25,both
san_ramon,,,5318292,636,AMPICIL/SUL PER1.5GM IJ,491.0,368.25,both
san_ramon,,,5318264,250,AMPICILLIN 250MG IJ,219.0,164.25,both
san_ramon,,,5318264,636,AMPICILLIN 250MG IJ,219.0,164.25,both
san_ramon,,,5318265,250,AMPICILLIN PER 500MG IJ,419.0,314.25,both
san_ramon,,,5318265,636,AMPICILLIN PER 500MG IJ,419.0,314.25,both
san_ramon,82150,CPT,4102150,300,AMYLASE,804.0,603.0,both
san_ramon,82150,CPT,4152150,300,AMYLASE,544.0,408.0,both
san_ramon,82150,CPT,7252150,300,AMYLASE,3.42,2.57,both
san_ramon,82150,CPT,4152151,300,AMYLASE/2,417.0,312.75,both
san_ramon,82150,CPT,7252664,300,AMYLASE/5,20.2,15.15,both
san_ramon,83520,CPT,7253585,300,AMYLOID BETA,80.0,60.0,both
san_ramon,80327,CPT,7252651,300,ANABOLIC STEROIDS 1-2,23.83,17.87,both
san_ramon,,,5300762,250,ANASTROZOLE 1MG TB,104.0,78.0,both
san_ramon,,,5300762,637,ANASTROZOLE 1MG TB,104.0,78.0,both
san_ramon,,,8170060,278,ANCH ARTHRO,2484.0,1863.0,both
san_ramon,,,4020598,278,ANCH BIO-SWIVELOCK,2379.0,1784.25,both
san_ramon,,,4020599,278,ANCH BONE W/ARTHRO DELY SYS,9020.0,6765.0,both
san_ramon,,,8240506,278,ANCH ENDOBUTTON CL BTB,2350.0,1762.5,both
san_ramon,,,4020700,278,ANCH SUT BIO-SUTURETAK,1912.0,1434.0,both
san_ramon,,,4010721,278,ANCH SUT FBRTAK W/SUTRTP,4573.0,3429.75,both
san_ramon,,,4010724,278,ANCH SUT KNOTLESS FIBERTAK,4064.0,3048.0,both
san_ramon,,,4010701,278,ANCH SUT SHORT SFT W/NDL,3618.0,2713.5,both
san_ramon,,,4010706,278,ANCH SUT SWVLK TENODESIS,12868.0,9651.0,both
san_ramon,,,8170090,278,ANCH SUTURE,242.0,181.5,both
san_ramon,,,8240006,278,ANCH/SCRW BN/BN TISS/BN2,823.0,617.25,both
san_ramon,,,8240007,278,ANCH/SCRW BN/BN TISS/BN3,1221.0,915.75,both
san_ramon,,,8240014,278,ANCH/SCRW BN/BN TISS/BN4,1621.0,1215.75,both
san_ramon,,,8240016,278,ANCH/SCRW BN/BN TISS/BN5,2012.0,1509.0,both
san_ramon,,,8240017,278,ANCH/SCRW BN/BN TISS/BN6,3172.0,2379.0,both
san_ramon,,,8240018,278,ANCH/SCRW BN/BN TISS/BN7,7397.0,5547.75,both
san_ramon,,,4020701,278,ANCHOR TENDON,5697.0,4272.75,both
san_ramon,82157,CPT,7252157,300,ANDROSTENEDIONE,10.0,7.5,both
san_ramon,,,3703561,370,ANESTHESIA EA ADD 15 MIN,1598.0,1198.5,both
san_ramon,,,3503561,370,ANESTHESIA EA ADD 15MIN,1591.0,1193.25,both
san_ramon,,,3503560,370,ANESTHESIA INIT 30 MIN,3537.0,2652.75,both
san_ramon,,,3703560,370,ANESTHESIA INIT 30 MIN,3983.0,2987.25,both
san_ramon,75733,CPT,4615734,320,ANGIO ADRENAL BILAT SEL,8506.0,6379.5,both
san_ramon,75898,CPT,4615898,320,ANGIO EXIST CATH F/U STU,12224.0,9168.0,both
san_ramon,75716,CPT,4615718,320,ANGIO EXTREMITY BILAT,11951.0,8963.25,both
san_ramon,75710,CPT,4615712,320,ANGIO EXTREMITY UNILAT,14644.0,10983.0,both
san_ramon,75710,CPT,4905798,320,ANGIO EXTREMITY UNILAT,16386.0,12289.5,both
san_ramon,75756,CPT,4615757,320,ANGIO INTERNAL MAMMARY,9149.0,6861.75,both
san_ramon,75746,CPT,4615747,320,ANGIO PULM NON-SEL CATH,6866.0,5149.5,both
san_ramon,75743,CPT,4615744,320,ANGIO PULM SEL BI,16754.0,12565.5,both
san_ramon,75741,CPT,4615742,320,ANGIO PULMONARY UNI SLCT,11380.0,8535.0,both
san_ramon,75774,CPT,4613540,320,ANGIO SELECT EA ADD VESL,5102.0,3826.5,both
san_ramon,75726,CPT,4615727,320,ANGIO VISCERAL SEL/SUPSEL,5944.0,4458.0,both
san_ramon,82164,CPT,7252164,300,ANGIOTENSIN CONV ENZYME,3.67,2.75,both
san_ramon,,,4617249,360,ANGIPLASTY VEN EA ADDL,5448.0,4086.0,both
san_ramon,,,4617248,360,ANGIPLASTY VEN INIT+S&I,49644.0,37233.0,both
san_ramon,73600,CPT,4903600,320,ANKLE 2 VIEWS,2136.0,1602.0,both
san_ramon,73610,CPT,4903610,320,ANKLE 3 VIEWS MINIMUM,2469.0,1851.75,both
san_ramon,74425,CPT,4614425,320,ANTEGRADE NEPHROSTOGRAM,3434.0,2575.5,both
san_ramon,74425,CPT,4904425,320,ANTEGRADE NEPHROSTOGRAM,4058.0,3043.5,both
san_ramon,83520,CPT,7253613,300,ANTI HMGCR AB,90.0,67.5,both
san_ramon,86255,CPT,7258615,300,ANTI NMDA RECEPTOR AB,234.0,175.5,both
san_ramon,83516,CPT,7252322,300,ANTI-GLOMERULAR BSMNT,7.33,5.5,both
san_ramon,83520,CPT,7251259,300,ANTI-GLOMERULAR BSMNT,59.45,44.59,both
san_ramon,83516,CPT,7253607,300,ANTI-PLA2R,105.0,78.75,both
san_ramon,86060,CPT,7256060,300,ANTI-STREPTOLYSN O TITER,3.67,2.75,both
san_ramon,86870,CPT,4106024,300,ANTIBDY IDENT RBC EA PNL,1749.0,1311.75,both
san_ramon,86870,CPT,4156024,300,ANTIBDY IDENT RBC EA PNL,458.0,343.5,both
san_ramon,86870,CPT,7036024,300,ANTIBDY IDENT RBC EA PNL,63.24,47.43,both
san_ramon,83516,CPT,7253548,300,ANTICHROMATIN AB,9.51,7.13,both
san_ramon,,,5318335,250,ANTICOAG CIT/DXSOL-A50ML,34.0,25.5,both
san_ramon,,,5318336,250,ANTICOAG NA CIT 250ML IJ,172.0,129.0,both
san_ramon,,,5318310,250,ANTICOAGUL NA CIT30MLIJ,342.0,256.5,both
san_ramon,80339,CPT,7252539,300,ANTIEPILEPTIC NOS 1-3/9,50.0,37.5,both
san_ramon,86038,CPT,7256043,300,ANTINUCLEAR AB(ANA)/2,2.44,1.83,both
san_ramon,86148,CPT,7256142,300,ANTIPHOSPHATIDYLSERINE AB,6.52,4.89,both
san_ramon,86148,CPT,7256143,300,ANTIPHOSPHATIDYLSERINE AB/2,6.52,4.89,both
san_ramon,86148,CPT,7256144,300,ANTIPHOSPHATIDYLSERINE AB/3,6.52,4.89,both
san_ramon,86148,CPT,7256149,300,ANTIPHOSPHATIDYLSERINE AB/4,105.0,78.75,both
san_ramon,83520,CPT,7258377,300,ANTIPROTEINASE 3 AB/2,6.0,4.5,both
san_ramon,,,5318299,250,ANTITHROMBIN 3 PER 1U IJ,33.0,24.75,both
san_ramon,,,5318299,636,ANTITHROMBIN 3 PER 1U IJ,33.0,24.75,both
san_ramon,85300,CPT,7255309,300,ANTITHROMBIN III ACTIVITY/2,14.5,10.88,both
san_ramon,82103,CPT,7256067,300,ANTITRYPSIN ALPHA 1 TOTL,4.5,3.38,both
san_ramon,82104,CPT,7252104,300,ANTITRYPSIN ALPHA PHENO,9.62,7.22,both
san_ramon,,,5319634,250,ANTIVEN CROTAL PER1GM IJ,21860.0,16395.0,both
san_ramon,,,5319634,636,ANTIVEN CROTAL PER1GM IJ,21860.0,16395.0,both
san_ramon,93978,CPT,5062020,921,AORT/INF/IV/BPG COMP,4360.0,3270.0,both
san_ramon,93979,CPT,5067150,921,AORT/IVC/IV/BPG UNI/LTD,1796.0,1347.0,both
san_ramon,,,5338016,250,APAP 120MG SU,80.0,60.0,both
san_ramon,,,5338016,637,APAP 120MG SU,80.0,60.0,both
san_ramon,,,5314016,250,APAP 160M/5M 20.3ML LQ,31.0,23.25,both
san_ramon,,,5314016,637,APAP 160M/5M 20.3ML LQ,31.0,23.25,both
san_ramon,,,5314011,250,APAP 160M/5M 5ML LQ,24.0,18.0,both
san_ramon,,,5314011,637,APAP 160M/5M 5ML LQ,24.0,18.0,both
san_ramon,,,5338020,250,APAP 325MG SU,74.0,55.5,both
san_ramon,,,5338020,637,APAP 325MG SU,74.0,55.5,both
san_ramon,,,5300017,250,APAP 325MG TB,4.0,3.0,both
san_ramon,,,5300017,637,APAP 325MG TB,4.0,3.0,both
san_ramon,,,5300014,250,APAP 500MG ES TB,4.0,3.0,both
san_ramon,,,5300014,637,APAP 500MG ES TB,4.0,3.0,both
san_ramon,,,5338024,250,APAP 650MG SU,71.0,53.25,both
san_ramon,,,5338024,637,APAP 650MG SU,71.0,53.25,both
san_ramon,,,5318338,250,APAP NOS PER 10MG IJ,12.0,9.0,both
san_ramon,,,5318338,636,APAP NOS PER 10MG IJ,12.0,9.0,both
san_ramon,,,5327036,250,APAP/BUTAL/CAF/ TB,60.0,45.0,both
san_ramon,,,5327036,637,APAP/BUTAL/CAF/ TB,60.0,45.0,both
san_ramon,,,5327011,250,APAP/COD 120/12 5ML LQ,100.0,75.0,both
san_ramon,,,5327011,637,APAP/COD 120/12 5ML LQ,100.0,75.0,both
san_ramon,,,5327019,250,APAP/COD 30MG TB,72.0,54.0,both
san_ramon,,,5327019,637,APAP/COD 30MG TB,72.0,54.0,both
san_ramon,,,5300772,250,APIXABAN 2.5MG TB,89.0,66.75,both
san_ramon,,,5300772,637,APIXABAN 2.5MG TB,89.0,66.75,both
san_ramon,,,5300771,250,APIXABAN 5MG TB,89.0,66.75,both
san_ramon,,,5300771,637,APIXABAN 5MG TB,89.0,66.75,both
san_ramon,,,8240451,250,APLIGRAF PER SQ CM,425.0,318.75,both
san_ramon,,,8240451,636,APLIGRAF PER SQ CM,425.0,318.75,both
san_ramon,82172,CPT,7252174,300,APOLIPOPROTEIN/3,6.0,4.5,both
san_ramon,82172,CPT,7252176,300,APOLIPOPROTEIN/4,6.72,5.04,both
san_ramon,,,6900016,360,APP LC SKNSB FNHG 1ST 100SC,3086.0,2314.5,both
san_ramon,,,6900016,361,APP LC SKNSB FNHG 1ST 100SC,3086.0,2314.5,both
san_ramon,,,6900018,360,APP LC SKNSB FNHG 1ST 25SC,3086.0,2314.5,both
san_ramon,,,6900018,361,APP LC SKNSB FNHG 1ST 25SC,3086.0,2314.5,both
san_ramon,,,6900015,360,APP LC SKNSB FNHG EA ADL 100SC,3608.0,2706.0,both
san_ramon,,,6900015,361,APP LC SKNSB FNHG EA ADL 100SC,3608.0,2706.0,both
san_ramon,,,6900017,360,APP LC SKNSB FNHG EA ADL 25SC,1542.0,1156.5,both
san_ramon,,,6900017,361,APP LC SKNSB FNHG EA ADL 25SC,1542.0,1156.5,both
san_ramon,,,6900021,360,APP LC SKNSB T/A/L 1ST 100SC,5194.0,3895.5,both
san_ramon,,,6900021,361,APP LC SKNSB T/A/L 1ST 100SC,5194.0,3895.5,both
san_ramon,,,6900023,360,APP LC SKNSB T/A/L 1ST 25SC,3086.0,2314.5,both
san_ramon,,,6900023,361,APP LC SKNSB T/A/L 1ST 25SC,3086.0,2314.5,both
san_ramon,,,6900022,360,APP LC SKNSB T/A/L EA ADL 25SC,1542.0,1156.5,both
san_ramon,,,6900022,361,APP LC SKNSB T/A/L EA ADL 25SC,1542.0,1156.5,both
san_ramon,,,6900019,360,APP LC SKNSB TAL EA ADL 100SC,2596.0,1947.0,both
san_ramon,,,6900019,361,APP LC SKNSB TAL EA ADL 100SC,2596.0,1947.0,both
san_ramon,,,6900031,360,APP SKNSUB F/N/H/G 1ST 100SC,5121.0,3840.75,both
san_ramon,,,6900031,361,APP SKNSUB F/N/H/G 1ST 100SC,5121.0,3840.75,both
san_ramon,,,6900029,360,APP SKNSUB F/N/H/G 1ST 25SC,5121.0,3840.75,both
san_ramon,,,6900029,361,APP SKNSUB F/N/H/G 1ST 25SC,5121.0,3840.75,both
san_ramon,,,6900030,360,APP SKNSUB F/N/H/G EA ADL 25SC,2653.0,1989.75,both
san_ramon,,,6900030,361,APP SKNSUB F/N/H/G EA ADL 25SC,2653.0,1989.75,both
san_ramon,,,6900028,360,APP SKNSUB GRFT T/A/L ADL100SC,8397.0,6297.75,both
san_ramon,,,6900028,361,APP SKNSUB GRFT T/A/L ADL100SC,8397.0,6297.75,both
san_ramon,,,6900026,360,APP SKNSUB GRFT T/A/L ADL25SC,3608.0,2706.0,both
san_ramon,,,6900026,361,APP SKNSUB GRFT T/A/L ADL25SC,3608.0,2706.0,both
san_ramon,,,6900025,360,APP SKNSUB GRFT T/A/L<1ST 25SC,7194.0,5395.5,both
san_ramon,,,6900025,361,APP SKNSUB GRFT T/A/L<1ST 25SC,7194.0,5395.5,both
san_ramon,,,6900091,360,APPLY ML COMPRS LWR LEG,1246.0,934.5,both
san_ramon,,,6900091,361,APPLY ML COMPRS LWR LEG,1246.0,934.5,both
san_ramon,86052,CPT,7253012,300,AQUAPORINE 4 AB,439.25,329.44,both
san_ramon,,,5330217,250,ARFORMOTEROL15MCG/2ML IS,222.0,166.5,both
san_ramon,,,5330217,637,ARFORMOTEROL15MCG/2ML IS,222.0,166.5,both
san_ramon,,,5318344,250,ARGATROBAN NONESRD 1MGIJ,34.0,25.5,both
san_ramon,,,5318344,636,ARGATROBAN NONESRD 1MGIJ,34.0,25.5,both
san_ramon,,,5300784,250,ARIPIPRAZOLE 10MG TB,159.0,119.25,both
san_ramon,,,5300784,637,ARIPIPRAZOLE 10MG TB,159.0,119.25,both
san_ramon,,,5300780,250,ARIPIPRAZOLE 15MG TB,201.0,150.75,both
san_ramon,,,5300780,637,ARIPIPRAZOLE 15MG TB,201.0,150.75,both
san_ramon,,,5300783,250,ARIPIPRAZOLE 5MG TB,274.0,205.5,both
san_ramon,,,5300783,637,ARIPIPRAZOLE 5MG TB,274.0,205.5,both
san_ramon,,,5314277,250,ARIPIPRAZOLE 5MG/5ML LQ,291.0,218.25,both
san_ramon,,,5314277,637,ARIPIPRAZOLE 5MG/5ML LQ,291.0,218.25,both
san_ramon,82175,CPT,7252175,300,ARSENIC/3,9.0,6.75,both
san_ramon,,,4612005,360,ARTERIAL CATH MONIT/SAMP,3445.0,2583.75,both
san_ramon,,,4616222,360,ARTERIOGR CAR NK SEL,14681.0,11010.75,both
san_ramon,,,4616221,360,ARTEROGRAM ARCH NON SEL,32080.0,24060.0,both
san_ramon,,,4020720,250,ARTHROFLEX PER SQ CM,706.0,529.5,both
san_ramon,,,4020720,636,ARTHROFLEX PER SQ CM,706.0,529.5,both
san_ramon,,,8131014,278,ARTICULAR COMPONENT,14429.0,10821.75,both
san_ramon,,,5338095,250,ASA 300MG SU,56.0,42.0,both
san_ramon,,,5338095,637,ASA 300MG SU,56.0,42.0,both
san_ramon,,,5301108,250,ASA 325MG EC TB,4.0,3.0,both
san_ramon,,,5301108,637,ASA 325MG EC TB,4.0,3.0,both
san_ramon,,,5301113,250,ASA 325MG TB,3.0,2.25,both
san_ramon,,,5301113,637,ASA 325MG TB,3.0,2.25,both
san_ramon,,,5338116,250,ASA 600MG SU,65.0,48.75,both
san_ramon,,,5338116,637,ASA 600MG SU,65.0,48.75,both
san_ramon,,,5301110,250,ASA 81MG CTB,4.0,3.0,both
san_ramon,,,5301110,637,ASA 81MG CTB,4.0,3.0,both
san_ramon,,,5301109,250,ASA 81MG EC TB,4.0,3.0,both
san_ramon,,,5301109,637,ASA 81MG EC TB,4.0,3.0,both
san_ramon,,,5301112,250,ASA BUFFERED 325MG TB,3.0,2.25,both
san_ramon,,,5301112,637,ASA BUFFERED 325MG TB,3.0,2.25,both
san_ramon,82180,CPT,7252180,300,ASCORBIC ACID,11.24,8.43,both
san_ramon,,,5301057,250,ASCORBIC ACID 250MG TB,71.0,53.25,both
san_ramon,,,5301057,637,ASCORBIC ACID 250MG TB,71.0,53.25,both
san_ramon,,,5301061,250,ASCORBIC ACID 500MG TB,68.0,51.0,both
san_ramon,,,5301061,637,ASCORBIC ACID 500MG TB,68.0,51.0,both
san_ramon,83520,CPT,7252217,300,ASIALO GM1 AB,17.08,12.81,both
san_ramon,,,5050160,360,ASP ABS/HEMAT/CYST,1331.0,998.25,both
san_ramon,,,5061160,360,ASP ABS/HEMAT/CYST,1540.0,1155.0,both
san_ramon,,,6900132,360,ASP ABS/HEMAT/CYST,1960.0,1470.0,both
san_ramon,,,6900132,361,ASP ABS/HEMAT/CYST,1960.0,1470.0,both
san_ramon,,,4900608,360,ASP/INJ INTERM JT WO/US,3004.0,2253.0,both
san_ramon,,,5050608,360,ASP/INJ INTERM JT WO/US,3049.0,2286.75,both
san_ramon,,,4610390,360,ASP/INJ RENL CYST/PELVIS,4159.0,3119.25,both
san_ramon,,,5057585,360,ASP/INJ RENL CYST/PELVIS,4595.0,3446.25,both
san_ramon,,,5067610,360,ASP/INJ RENL CYST/PELVIS,6192.0,4644.0,both
san_ramon,86606,CPT,7256606,300,ASPERGILLUS AB,25.6,19.2,both
san_ramon,86606,CPT,7256932,300,ASPERGILLUS AB/4,4.53,3.4,both
san_ramon,86606,CPT,7258691,300,ASPERGILLUS AB/6,21.66,16.25,both
san_ramon,87305,CPT,7257306,300,ASPERGILLUS IA,59.5,44.63,both
san_ramon,87305,CPT,7258730,300,ASPERGILLUS IA/2,157.5,118.13,both
san_ramon,,,3071004,360,ASPIR BREAST CYST,2791.0,2093.25,both
san_ramon,,,5066650,360,ASPIR BREAST CYST,3205.0,2403.75,both
san_ramon,,,5060607,360,ASPIR/INJ INTMD JT W/US,1955.0,1466.25,both
san_ramon,,,4900610,360,ASPIR/INJ MAJ JT WO/US,3674.0,2755.5,both
san_ramon,,,5060610,360,ASPIR/INJ MAJ JT WO/US,2426.0,1819.5,both
san_ramon,,,5060611,360,ASPIR/INJ MAJOR JT W/US,2540.0,1905.0,both
san_ramon,,,4900600,360,ASPIR/INJ SM JNT WO/US,1328.0,996.0,both
san_ramon,,,5060604,360,ASPIR/INJ SMALL JT W/US,1336.0,1002.0,both
san_ramon,,,8120100,276,ASTIGMATISM CORRECT IOL,3319.0,2489.25,both
san_ramon,,,5301137,250,ATENOLOL 25MG TB,47.0,35.25,both
san_ramon,,,5301137,637,ATENOLOL 25MG TB,47.0,35.25,both
san_ramon,,,5301138,250,ATENOLOL 50MG TB,80.0,60.0,both
san_ramon,,,5301138,637,ATENOLOL 50MG TB,80.0,60.0,both
san_ramon,,,5318363,250,ATEZOLIZUMAB PER 10MG IJ,618.0,463.5,both
san_ramon,,,5318363,636,ATEZOLIZUMAB PER 10MG IJ,618.0,463.5,both
san_ramon,,,5301145,250,ATORVASTATIN 10MG TB,112.0,84.0,both
san_ramon,,,5301145,637,ATORVASTATIN 10MG TB,112.0,84.0,both
san_ramon,,,5301146,250,ATORVASTATIN 20MG TB,146.0,109.5,both
san_ramon,,,5301146,637,ATORVASTATIN 20MG TB,146.0,109.5,both
san_ramon,,,5301147,250,ATORVASTATIN 40MG TB,99.0,74.25,both
san_ramon,,,5301147,637,ATORVASTATIN 40MG TB,99.0,74.25,both
san_ramon,,,5301148,250,ATORVASTATIN 80MG TB,84.0,63.0,both
san_ramon,,,5301148,637,ATORVASTATIN 80MG TB,84.0,63.0,both
san_ramon,,,5314293,250,ATOVAQUONE 750/5 5ML LQ,521.0,390.75,both
san_ramon,,,5314293,637,ATOVAQUONE 750/5 5ML LQ,521.0,390.75,both
san_ramon,,,4619379,360,ATRIAL APPENDGE OCCLUSN,40722.0,30541.5,both
san_ramon,,,5315081,250,ATROP/HYOS/PB/SCOP10MLLQ,45.0,33.75,both
san_ramon,,,5315081,637,ATROP/HYOS/PB/SCOP10MLLQ,45.0,33.75,both
san_ramon,,,5330275,250,ATROPINE 1% 2ML OS,60.0,45.0,both
san_ramon,,,5330275,637,ATROPINE 1% 2ML OS,60.0,45.0,both
san_ramon,,,5330282,250,ATROPINE 1% 5ML OS,483.0,362.25,both
san_ramon,,,5330282,637,ATROPINE 1% 5ML OS,483.0,362.25,both
san_ramon,,,5318387,250,ATROPINE PER 0.01MG IJ,3.0,2.25,both
san_ramon,,,5318387,636,ATROPINE PER 0.01MG IJ,3.0,2.25,both
san_ramon,,,5318388,250,ATROPINE PER 0.01MGPFSIJ,4.0,3.0,both
san_ramon,,,5318388,636,ATROPINE PER 0.01MGPFSIJ,4.0,3.0,both
san_ramon,92552,CPT,5762552,471,AUDIOMETRY PURE TONE AIR ONLY,145.0,108.75,both
san_ramon,,,5301215,250,AZATHIOPRINE 50MG TB,60.0,45.0,both
san_ramon,,,5301215,637,AZATHIOPRINE 50MG TB,60.0,45.0,both
san_ramon,,,5318424,250,AZITHROM PER500MG IVPBIJ,1769.0,1326.75,both
san_ramon,,,5318424,636,AZITHROM PER500MG IVPBIJ,1769.0,1326.75,both
san_ramon,,,5314300,250,AZITHROMYC 100/5 15ML LQ,516.0,387.0,both
san_ramon,,,5314300,637,AZITHROMYC 100/5 15ML LQ,516.0,387.0,both
san_ramon,,,5314270,250,AZITHROMYC 100/5 5ML LQ,220.0,165.0,both
san_ramon,,,5314270,637,AZITHROMYC 100/5 5ML LQ,220.0,165.0,both
san_ramon,,,5314304,250,AZITHROMYC 200/5 30ML LQ,768.0,576.0,both
san_ramon,,,5314304,637,AZITHROMYC 200/5 30ML LQ,768.0,576.0,both
san_ramon,,,5314305,250,AZITHROMYC 200/5 5ML LQ,349.0,261.75,both
san_ramon,,,5314305,637,AZITHROMYC 200/5 5ML LQ,349.0,261.75,both
san_ramon,,,5301220,250,AZITHROMYCIN 250MG TB,327.0,245.25,both
san_ramon,,,5301220,637,AZITHROMYCIN 250MG TB,327.0,245.25,both
san_ramon,,,5318414,250,AZITHROMYCIN PER500MG IJ,869.0,651.75,both
san_ramon,,,5318414,636,AZITHROMYCIN PER500MG IJ,869.0,651.75,both
san_ramon,,,5318430,250,AZTREONAM PER 100MG IJ,114.0,85.5,both
san_ramon,,,5318430,636,AZTREONAM PER 100MG IJ,114.0,85.5,both
san_ramon,83880,CPT,4103527,300,B-TYP NATRIURETC PEPTIDE,1600.0,1200.0,both
san_ramon,83880,CPT,4153527,300,B-TYP NATRIURETC PEPTIDE,927.0,695.25,both
san_ramon,83880,CPT,7258450,300,B-TYP NATRIURETC PEPTIDE/2,45.0,33.75,both
san_ramon,,,5334293,250,BACITRACIN 30GM OI,116.0,87.0,both
san_ramon,,,5334293,637,BACITRACIN 30GM OI,116.0,87.0,both
san_ramon,,,5318453,250,BACITRACIN 50000U IJ,867.0,650.25,both
san_ramon,,,5334294,250,BACITRACIN500U/1GM OI,2.0,1.5,both
san_ramon,,,5334294,637,BACITRACIN500U/1GM OI,2.0,1.5,both
san_ramon,,,5334291,250,BACITRACIN500U/GM15GM OI,76.0,57.0,both
san_ramon,,,5334291,637,BACITRACIN500U/GM15GM OI,76.0,57.0,both
san_ramon,,,5301357,250,BACLOFEN 10MG TB,71.0,53.25,both
san_ramon,,,5301357,637,BACLOFEN 10MG TB,71.0,53.25,both
san_ramon,,,5301361,250,BACLOFEN 20MG TB,118.0,88.5,both
san_ramon,,,5301361,637,BACLOFEN 20MG TB,118.0,88.5,both
san_ramon,86609,CPT,7256601,300,BACTERIUM AB NES,25.6,19.2,both
san_ramon,,,5301366,250,BARICITINIB 2MG TB,579.0,434.25,both
san_ramon,,,5301366,637,BARICITINIB 2MG TB,579.0,434.25,both
san_ramon,,,8240009,278,BARRIER ADHESION,1529.0,1146.75,both
san_ramon,,,8240515,278,BARRIER ADHESION 2,17085.0,12813.75,both
san_ramon,86611,CPT,7256611,300,BARTONELLA AB/3,3.66,2.75,both
san_ramon,86611,CPT,7256612,300,BARTONELLA AB/4,3.66,2.75,both
san_ramon,86611,CPT,7256613,300,BARTONELLA AB/5,3.66,2.75,both
san_ramon,86611,CPT,7256614,300,BARTONELLA AB/6,3.68,2.76,both
san_ramon,87471,CPT,7257471,300,BARTONELLA AMP PRB,150.0,112.5,both
san_ramon,,,4012958,278,BASE POST MOD GLENOID ZIM CL,9494.0,7120.5,both
san_ramon,,,4013068,278,BASE TIB TRIATH TRITN STRY CL,13796.0,10347.0,both
san_ramon,,,4013070,278,BASE TIB UNCOAT TS STRYKER CL,12204.0,9153.0,both
san_ramon,,,4012828,278,BASE TIB UNCT COCR TI DPY CL,9884.0,7413.0,both
san_ramon,,,4013069,278,BASE TIB UNCT TRIATH STRYK CL,10294.0,7720.5,both
san_ramon,,,4013006,278,BASE TIB UNCT UNCT PRS ZIM CL,11164.0,8373.0,both
san_ramon,,,4013411,278,BASE TIB UNCTD ALL POLY DJO CL,10887.0,8165.25,both
san_ramon,,,4012827,278,BASE TIBIAL COATD RP DEPUY CL,9884.0,7413.0,both
san_ramon,,,4012826,278,BASE TIBIAL COATED DEPUY CL,11860.0,8895.0,both
san_ramon,,,4013421,278,BASEPLATE GLENOID DJO CL,16330.0,12247.5,both
san_ramon,,,4013032,278,BASEPLATE REVERSE STRYKER CL,10612.0,7959.0,both
san_ramon,,,4012966,278,BASEPLT AUG REV GLENOID ZIM CL,17667.0,13250.25,both
san_ramon,,,4013501,278,BASEPLT GLENOID RVS TORNIER CL,15241.0,11430.75,both
san_ramon,,,4012955,278,BASEPLT GLENOID ZIMMER CL,17799.0,13349.25,both
san_ramon,80048,CPT,4100166,300,BASIC METABOLIC PANEL,2691.0,2018.25,both
san_ramon,80048,CPT,4150166,300,BASIC METABOLIC PANEL,960.0,720.0,both
san_ramon,92540,CPT,5712540,471,BASIC VESTIBULAR EXAM,923.0,692.25,both
san_ramon,81207,CPT,7270010,310,BCR/ABL 1 MINOR BREAKPNT,106.0,79.5,both
san_ramon,81207,CPT,7259203,310,BCR/ABL 1 MINOR BREAKPNT/2,80.4,60.3,both
san_ramon,81206,CPT,7270009,310,BCR/ABL1 MAJOR BREAKPNT,134.0,100.5,both
san_ramon,81206,CPT,7259202,310,BCR/ABL1 MAJOR BREAKPNT/2,82.5,61.88,both
san_ramon,81208,CPT,7270011,310,BCR/ABL1 OTHER BREAKPNT,292.0,219.0,both
san_ramon,36416,CPT,5506415,460,BD GAS CAP STICK,356.0,267.0,both
san_ramon,,,5327806,250,BELLADONNA OPIUM 60MGSU,104.0,78.0,both
san_ramon,,,5334410,250,BENZOCAINE 20% 0.5ML TS,229.0,171.75,both
san_ramon,,,5301478,250,BENZOCAINE 6MG LZ,5.0,3.75,both
san_ramon,,,5301478,637,BENZOCAINE 6MG LZ,5.0,3.75,both
san_ramon,,,5301480,250,BENZOCAINE-MENTH EACH LZ,5.0,3.75,both
san_ramon,,,5301480,637,BENZOCAINE-MENTH EACH LZ,5.0,3.75,both
san_ramon,,,5334430,250,BENZOCAINE20% 60ML SP,601.0,450.75,both
san_ramon,,,5334428,250,BENZOCAINE20%82.5ML SP,215.0,161.25,both
san_ramon,,,5334428,637,BENZOCAINE20%82.5ML SP,215.0,161.25,both
san_ramon,80346,CPT,7252512,300,BENZODIAZEPINES 1-12/7,11.54,8.66,both
san_ramon,,,5301499,250,BENZONATATE 100MG CP,68.0,51.0,both
san_ramon,,,5301499,637,BENZONATATE 100MG CP,68.0,51.0,both
san_ramon,,,5301522,250,BENZTROPINE 1MG TB,60.0,45.0,both
san_ramon,,,5301522,637,BENZTROPINE 1MG TB,60.0,45.0,both
san_ramon,,,5318538,250,BENZTROPINE PER 1MG IJ,275.0,206.25,both
san_ramon,,,5318538,636,BENZTROPINE PER 1MG IJ,275.0,206.25,both
san_ramon,86146,CPT,7256115,300,BETA 2 GLYCOPROT I AB EA,4.07,3.05,both
san_ramon,86146,CPT,7256116,300,BETA 2 GLYCOPROT I AB EA/2,4.07,3.05,both
san_ramon,86146,CPT,7256117,300,BETA 2 GLYCOPROT I AB EA/3,9.78,7.34,both
san_ramon,86146,CPT,7256146,300,BETA 2 GLYCOPROT I AB EA/4,24.75,18.56,both
san_ramon,82232,CPT,7252231,300,BETA-2-MICROGLOBLN,8.0,6.0,both
san_ramon,82232,CPT,7252232,300,BETA-2-MICROGLOBLN/2,4.0,3.0,both
san_ramon,82232,CPT,7252233,300,BETA-2-MICROGLOBLN/3,8.0,6.0,both
san_ramon,,,5318558,250,BETAMETHASONE PER 6MG IJ,222.0,166.5,both
san_ramon,,,5318558,636,BETAMETHASONE PER 6MG IJ,222.0,166.5,both
san_ramon,,,5301580,250,BETHANECHOL 25MG TB,95.0,71.25,both
san_ramon,,,5301580,637,BETHANECHOL 25MG TB,95.0,71.25,both
san_ramon,,,5318608,250,BEVACIZUMAB-AWWB PER 10MG IJ,674.0,505.5,both
san_ramon,,,5318608,636,BEVACIZUMAB-AWWB PER 10MG IJ,674.0,505.5,both
san_ramon,,,8031126,274,BG FECAL COLLECTION,55.0,41.25,both
san_ramon,,,5301590,250,BICALUTAMIDE 50MG TB,180.0,135.0,both
san_ramon,,,5301590,637,BICALUTAMIDE 50MG TB,180.0,135.0,both
san_ramon,82239,CPT,7252241,300,BILE ACIDS TOTAL/2,4.0,3.0,both
san_ramon,74363,CPT,4614363,320,BILIARY DIL W/WO STENT,5531.0,4148.25,both
san_ramon,,,4618205,360,BILIARY ENDO DIL WO STNT,10908.0,8181.0,both
san_ramon,82248,CPT,4102253,300,BILIRUBIN DIRECT,1037.0,777.75,both
san_ramon,82248,CPT,4152253,300,BILIRUBIN DIRECT,368.0,276.0,both
san_ramon,82247,CPT,4152250,300,BILIRUBIN TOTAL,68.0,51.0,both
san_ramon,82247,CPT,4102250,300,BILIRUBIN TOTAL/2,168.0,126.0,both
san_ramon,82247,CPT,7252250,300,BILIRUBIN TOTAL/2,20.0,15.0,both
san_ramon,,,5330414,250,BIMATOPROST PER 1MCG EYE IMPL,978.0,733.5,both
san_ramon,,,5330414,636,BIMATOPROST PER 1MCG EYE IMPL,978.0,733.5,both
san_ramon,,,5330416,250,BIMATOPROST.01% 2.5ML OS,1250.0,937.5,both
san_ramon,,,5330416,637,BIMATOPROST.01% 2.5ML OS,1250.0,937.5,both
san_ramon,84410,CPT,7254411,300,BIOAVAILABLE TESTOSTERONE/2,38.42,28.82,both
san_ramon,,,4020738,250,BIODFENCE G3 2CMX3CM PER SQ CM,1800.0,1350.0,both
san_ramon,,,4020738,636,BIODFENCE G3 2CMX3CM PER SQ CM,1800.0,1350.0,both
san_ramon,,,4020741,250,BIODFENCE G3 2CMX4CM PER SQ CM,1553.0,1164.75,both
san_ramon,,,4020741,636,BIODFENCE G3 2CMX4CM PER SQ CM,1553.0,1164.75,both
san_ramon,,,4020739,250,BIODFENCE G3 2CMX6CM PER SQ CM,1260.0,945.0,both
san_ramon,,,4020739,636,BIODFENCE G3 2CMX6CM PER SQ CM,1260.0,945.0,both
san_ramon,,,4020740,250,BIODFENCE G3 4CMX4CM PER SQ CM,1150.0,862.5,both
san_ramon,,,4020740,636,BIODFENCE G3 4CMX4CM PER SQ CM,1150.0,862.5,both
san_ramon,202U,CPT,7250513,300,BIOFIRE 22 TRGT SARSCOV2,296.31,222.23,both
san_ramon,,,5057503,360,BIOPSY BONE DEEP,1381.0,1035.75,both
san_ramon,,,5057504,360,BIOPSY BONE SUPERFICIAL,1373.0,1029.75,both
san_ramon,94660,CPT,5501857,410,BIPAP INITIAL,4420.0,3315.0,both
san_ramon,94660,CPT,5504663,410,BIPAP LESS THAN 12HRS,4202.0,3151.5,both
san_ramon,94660,CPT,5504662,410,BIPAP MANAGEMENT DLY,3536.0,2652.0,both
san_ramon,,,5338162,250,BISACODYL 10MG SU,56.0,42.0,both
san_ramon,,,5338162,637,BISACODYL 10MG SU,56.0,42.0,both
san_ramon,,,5301602,250,BISACODYL 5MG EC TB,3.0,2.25,both
san_ramon,,,5301602,637,BISACODYL 5MG EC TB,3.0,2.25,both
san_ramon,,,5316007,250,BISMUTH SUBSALI 120ML LQ,58.0,43.5,both
san_ramon,,,5316007,637,BISMUTH SUBSALI 120ML LQ,58.0,43.5,both
san_ramon,,,5316006,250,BISMUTH SUBSALI 15ML LQ,15.0,11.25,both
san_ramon,,,5316006,637,BISMUTH SUBSALI 15ML LQ,15.0,11.25,both
san_ramon,,,5314360,250,BISMUTH SUBSALI 240ML LQ,31.0,23.25,both
san_ramon,,,5314360,637,BISMUTH SUBSALI 240ML LQ,31.0,23.25,both
san_ramon,,,5316005,250,BISMUTH SUBSALI 30ML LQ,15.0,11.25,both
san_ramon,,,5316005,637,BISMUTH SUBSALI 30ML LQ,15.0,11.25,both
san_ramon,,,5301605,250,BISOPROLOL 5MG TB,60.0,45.0,both
san_ramon,,,5301605,637,BISOPROLOL 5MG TB,60.0,45.0,both
san_ramon,,,5318617,250,BIVALIRUDIN PER 1MG IJ,38.0,28.5,both
san_ramon,,,5318617,636,BIVALIRUDIN PER 1MG IJ,38.0,28.5,both
san_ramon,86612,CPT,7256198,300,BLASTOMYCES AB,12.22,9.17,both
san_ramon,86891,CPT,3216891,300,BLD AUTOSLV INTRA/PSOP,5736.0,4302.0,both
san_ramon,86891,CPT,3306891,300,BLD AUTOSLV INTRA/PSOP,5077.0,3807.75,both
san_ramon,,,4500018,399,BLD PLASMA FROZEN,423.0,317.25,both
san_ramon,,,4500026,399,BLD PLATELET PHERESIS,1692.0,1269.0,both
san_ramon,,,4500024,399,BLD PLT PHER LEUKO REDUC,1692.0,1269.0,both
san_ramon,,,4500014,399,BLD RC PACKED,412.0,309.0,both
san_ramon,85007,CPT,4105007,300,BLD SMR EXAM W/DIFF,259.0,194.25,both
san_ramon,85007,CPT,4155007,300,BLD SMR EXAM W/DIFF,408.0,306.0,both
san_ramon,86900,CPT,4106080,300,BLD TYPE ABO,859.0,644.25,both
san_ramon,86900,CPT,4156080,300,BLD TYPE ABO,353.0,264.75,both
san_ramon,86900,CPT,7036080,300,BLD TYPE ABO,25.0,18.75,both
san_ramon,86904,CPT,7036925,300,BLD TYPE PAT SERUM SCRN,45.0,33.75,both
san_ramon,86901,CPT,4106100,300,BLD TYPE RH (D),750.0,562.5,both
san_ramon,86901,CPT,4156100,300,BLD TYPE RH (D),353.0,264.75,both
san_ramon,86901,CPT,7036100,300,BLD TYPE RH (D),20.0,15.0,both
san_ramon,86906,CPT,7036105,300,BLD TYPE RH PHENOTYP CMP,61.2,45.9,both
san_ramon,84520,CPT,4104520,300,BLD UREA NITROGEN QUAN,270.0,202.5,both
san_ramon,84520,CPT,4154520,300,BLD UREA NITROGEN QUAN,82.0,61.5,both
san_ramon,,,8240528,278,BLN DISSCT SPCMKR HERNIA,7042.0,5281.5,both
san_ramon,,,8240010,278,BLN DISSECT SPACEMAKER,1911.0,1433.25,both
san_ramon,36430,CPT,6290011,391,BLOOD ADMINISTRATION 1-2 UNITS,1136.0,852.0,both
san_ramon,36430,CPT,6290012,391,BLOOD ADMINISTRATION 3-4 UNITS,1880.0,1410.0,both
san_ramon,36430,CPT,6290013,391,BLOOD ADMINISTRATION 5-6 UNITS,2802.0,2101.5,both
san_ramon,36430,CPT,6290014,391,BLOOD ADMINISTRATION 7-8 UNITS,3761.0,2820.75,both
san_ramon,36430,CPT,6290015,391,BLOOD ADMINISTRATION 9-10 UNIT,4648.0,3486.0,both
san_ramon,36430,CPT,6290016,391,BLOOD ADMINISTRATION >10 UNITS,5612.0,4209.0,both
san_ramon,,,4500034,399,BLOOD CRYOPRECIPITATE,603.0,452.25,both
san_ramon,36600,CPT,5501104,300,BLOOD GAS ARTERIAL STICK,265.0,198.75,both
san_ramon,82800,CPT,5505025,300,BLOOD GAS PH ONLY,1428.0,1071.0,both
san_ramon,85018,CPT,4105018,300,BLOOD HEMOGLBN,400.0,300.0,both
san_ramon,85018,CPT,4155018,300,BLOOD HEMOGLBN,173.0,129.75,both
san_ramon,,,4500025,399,BLOOD PLATELET CONCNTRAT,143.0,107.25,both
san_ramon,,,4500016,399,BLOOD RC LEUKOCYTE POOR,895.0,671.25,both
san_ramon,,,8131260,278,BN BLOCKS,3322.0,2491.5,both
san_ramon,,,8131270,278,BN CARTILAGE,5690.0,4267.5,both
san_ramon,,,8131275,278,BN CHIPS,2059.0,1544.25,both
san_ramon,,,4011203,278,BN EXTN ALLOGRAFT,7785.0,5838.75,both
san_ramon,,,8131276,278,BN FILLER,10932.0,8199.0,both
san_ramon,,,8031369,278,BN GEL/PUTTY 10CC,13484.0,10113.0,both
san_ramon,,,8038143,278,BN GEL/PUTTY 1CC,1263.0,947.25,both
san_ramon,,,8031359,278,BN GEL/PUTTY 2.5CC,5365.0,4023.75,both
san_ramon,,,8031364,278,BN GEL/PUTTY 20CC,30491.0,22868.25,both
san_ramon,,,8031366,278,BN GEL/PUTTY 5CC,5574.0,4180.5,both
san_ramon,,,8131283,278,BN GRANUELS 30CC,4611.0,3458.25,both
san_ramon,,,4010999,278,BN GRFT INFS LG,48532.0,36399.0,both
san_ramon,,,4011000,278,BN GRFT INFS MED 4SPNG,43775.0,32831.25,both
san_ramon,,,4011001,278,BN GRFT INFS SM 4SPNG,33586.0,25189.5,both
san_ramon,,,4011002,278,BN GRFT INFS XSM,13248.0,9936.0,both
san_ramon,,,4011003,278,BN GRFT INFS XXS,7341.0,5505.75,both
san_ramon,77072,CPT,4906020,320,BONE AGE STUDIES,1384.0,1038.0,both
san_ramon,78315,CPT,5208315,341,BONE IMAG 3 PHASE STUDY,5575.0,4181.25,both
san_ramon,78300,CPT,5208300,341,BONE IMAGING LIMITED,5058.0,3793.5,both
san_ramon,78306,CPT,5208307,341,BONE IMAGING WHOLE BODY,8535.0,6401.25,both
san_ramon,77073,CPT,4906040,320,BONE LENGTH STUDIES,617.0,462.75,both
san_ramon,77073,CPT,5057073,320,BONE LENGTH STUDIES,2443.0,1832.25,both
san_ramon,78104,CPT,5208104,341,BONE MARROW IMG WH/BODY,4353.0,3264.75,both
san_ramon,77075,CPT,4906063,320,BONE SURVEY COMPLETE,5176.0,3882.0,both
san_ramon,77074,CPT,4906060,320,BONE SURVEY LIMITED,5542.0,4156.5,both
san_ramon,,,8131331,271,BOOT/SHOE SURGICAL,885.0,663.75,both
san_ramon,86615,CPT,7256924,300,BORDETELLA AB,16.49,12.37,both
san_ramon,86615,CPT,7256929,300,BORDETELLA AB/3,14.99,11.24,both
san_ramon,,,5318644,250,BORTEZOMIB PER .1MG IJ,367.0,275.25,both
san_ramon,,,5318644,636,BORTEZOMIB PER .1MG IJ,367.0,275.25,both
san_ramon,,,5318651,250,BOTULINUM TOXIN A PERUIJ,84.0,63.0,both
san_ramon,,,5318651,636,BOTULINUM TOXIN A PERUIJ,84.0,63.0,both
san_ramon,81210,CPT,7270012,310,BRAF V600E VARIANT,118.0,88.5,both
san_ramon,,,5330439,250,BRIMONIDINE .2% 15ML OS,383.0,287.25,both
san_ramon,,,5330439,637,BRIMONIDINE .2% 15ML OS,383.0,287.25,both
san_ramon,,,5330437,250,BRIMONIDINE .2% 5ML OS,187.0,140.25,both
san_ramon,,,5330437,637,BRIMONIDINE .2% 5ML OS,187.0,140.25,both
san_ramon,80299,CPT,7250414,300,BRIVARACETAM,35.0,26.25,both
san_ramon,,,5500671,360,BRONCH ASPIRATN INITIAL,986.0,739.5,both
san_ramon,,,5500673,360,BRONCH ASPIRATN SUBSEQ,986.0,739.5,both
san_ramon,94070,CPT,5501180,460,BRONCH EVAL W/MULT SPIRO,2396.0,1797.0,both
san_ramon,,,5500663,360,BRONCH THRU TRACHEOSTMY,8972.0,6729.0,both
san_ramon,,,8031433,272,BRONCHOSCOPE ASCOPE HD,1298.0,973.5,both
san_ramon,,,5500655,360,BRONCHOSCOPY DIAGNOSTIC,8972.0,6729.0,both
san_ramon,,,5501011,360,BRONCHOSCOPY DX W/BRSH,10242.0,7681.5,both
san_ramon,,,5500660,360,BRONCHOSCOPY W BIOPSY,9710.0,7282.5,both
san_ramon,94060,CPT,5501201,460,BRONCHOSPASM EVAL PRE/PS,2940.0,2205.0,both
san_ramon,,,5501012,360,BRONCHSCPY ALVEOLAR LVG,7743.0,5807.25,both
san_ramon,86622,CPT,7256628,300,BRUCELLA AB/2,14.66,11.0,both
san_ramon,86622,CPT,7256635,300,BRUCELLA AB/3,13.03,9.77,both
san_ramon,,,4012920,278,BSE TB JRNY CTDUNCTD PLY SN CL,10442.0,7831.5,both
san_ramon,,,5332452,250,BSS IRR 15ML OS,77.0,57.75,both
san_ramon,,,5332454,250,BSS IRR 500ML OS,2500.0,1875.0,both
san_ramon,,,5332457,250,BSS PLUS IRR 500ML OS,4137.0,3102.75,both
san_ramon,,,5330463,250,BUDE/FORMOT160/4.5 6GMIH,1535.0,1151.25,both
san_ramon,,,5330463,637,BUDE/FORMOT160/4.5 6GMIH,1535.0,1151.25,both
san_ramon,,,5330460,250,BUDE/FORMT160/4.5 10GMIH,2448.0,1836.0,both
san_ramon,,,5330460,637,BUDE/FORMT160/4.5 10GMIH,2448.0,1836.0,both
san_ramon,,,5330430,250,BUDESONIDE .25MG/2ML IS,86.0,64.5,both
san_ramon,,,5330430,637,BUDESONIDE .25MG/2ML IS,86.0,64.5,both
san_ramon,,,5330448,250,BUDESONIDE .5MG/2ML IS,143.0,107.25,both
san_ramon,,,5330448,637,BUDESONIDE .5MG/2ML IS,143.0,107.25,both
san_ramon,,,5301725,250,BUDESONIDE 3MG XR CP,65.0,48.75,both
san_ramon,,,5301725,637,BUDESONIDE 3MG XR CP,65.0,48.75,both
san_ramon,,,5301742,250,BUMETANIDE 1MG TB,71.0,53.25,both
san_ramon,,,5301742,637,BUMETANIDE 1MG TB,71.0,53.25,both
san_ramon,,,5318684,250,BUMETANIDE PER .5MG IJ,376.0,282.0,both
san_ramon,,,5318684,636,BUMETANIDE PER .5MG IJ,376.0,282.0,both
san_ramon,,,5318721,250,BUPIV.5% W/PMP 400ML IJ,6148.0,4611.0,both
san_ramon,,,5318776,250,BUPIVACAI/DEX NOS PER 0.5MG IJ,2.0,1.5,both
san_ramon,,,5318776,636,BUPIVACAI/DEX NOS PER 0.5MG IJ,2.0,1.5,both
san_ramon,,,5318769,250,BUPIVACAI/EPI NOS PER 0.5MG IJ,0.19,0.14,both
san_ramon,,,5318769,636,BUPIVACAI/EPI NOS PER 0.5MG IJ,0.19,0.14,both
san_ramon,,,5318692,250,BUPIVACAIN LIPO PER1MGIJ,12.0,9.0,both
san_ramon,,,5318692,636,BUPIVACAIN LIPO PER1MGIJ,12.0,9.0,both
san_ramon,,,5318772,250,BUPIVACAIN PF NOS PER 0.5MG IJ,0.11,0.08,both
san_ramon,,,5318772,636,BUPIVACAIN PF NOS PER 0.5MG IJ,0.11,0.08,both
san_ramon,,,5318768,250,BUPIVACAINE NOS PER 0.5MG IJ,0.13,0.1,both
san_ramon,,,5318768,636,BUPIVACAINE NOS PER 0.5MG IJ,0.13,0.1,both
san_ramon,,,5301754,250,BUPRENORPHINE 2MG TB,77.0,57.75,both
san_ramon,,,5301754,637,BUPRENORPHINE 2MG TB,77.0,57.75,both
san_ramon,,,5301755,250,BUPRENORPHINE 8MG TB,181.0,135.75,both
san_ramon,,,5301755,637,BUPRENORPHINE 8MG TB,181.0,135.75,both
san_ramon,,,5301746,250,BUPROPION 100MG TB,98.0,73.5,both
san_ramon,,,5301746,637,BUPROPION 100MG TB,98.0,73.5,both
san_ramon,,,5301748,250,BUPROPION 100MG XR TB,108.0,81.0,both
san_ramon,,,5301748,637,BUPROPION 100MG XR TB,108.0,81.0,both
san_ramon,,,5301749,250,BUPROPION 150MG XR TB,104.0,78.0,both
san_ramon,,,5301749,637,BUPROPION 150MG XR TB,104.0,78.0,both
san_ramon,,,5301753,250,BUPROPION 150MG XR24 TB,80.0,60.0,both
san_ramon,,,5301753,637,BUPROPION 150MG XR24 TB,80.0,60.0,both
san_ramon,,,5301745,250,BUPROPION 75MG TB,92.0,69.0,both
san_ramon,,,5301745,637,BUPROPION 75MG TB,92.0,69.0,both
san_ramon,,,5301761,250,BUSPIRONE 10MG TB,126.0,94.5,both
san_ramon,,,5301761,637,BUSPIRONE 10MG TB,126.0,94.5,both
san_ramon,,,5301760,250,BUSPIRONE 5MG TB,92.0,69.0,both
san_ramon,,,5301760,637,BUSPIRONE 5MG TB,92.0,69.0,both
san_ramon,,,5318752,250,BUTORPHANOL PER 1MG IJ,114.0,85.5,both
san_ramon,,,5318752,636,BUTORPHANOL PER 1MG IJ,114.0,85.5,both
san_ramon,,,8172896,278,BUTTON ARTHRO,319.0,239.25,both
san_ramon,,,4011056,278,BUTTON TIGHTRP ABS RND CONCAVE,3484.0,2613.0,both
san_ramon,,,5057502,360,BX ABD/RETROPER PERC NDL,5571.0,4178.25,both
san_ramon,,,5067530,360,BX ABD/RETROPER PERC NDL,1403.0,1052.25,both
san_ramon,,,4909081,360,BX BRST 1ST LESION STRTC,4152.0,3114.0,both
san_ramon,,,3079183,360,BX BRST 1ST LESION US,8951.0,6713.25,both
san_ramon,,,5069183,360,BX BRST 1ST LESION US,3963.0,2972.25,both
san_ramon,,,3079184,360,BX BRST ADD LESION US,3268.0,2451.0,both
san_ramon,,,5069184,360,BX BRST ADD LESION US,2296.0,1722.0,both
san_ramon,,,5058215,360,BX LIVER PERC NDL,5272.0,3954.0,both
san_ramon,,,5067520,360,BX LIVER PERC NDL,1588.0,1191.0,both
san_ramon,,,5057510,360,BX LUNG/MEDIAST PERC NDL,6028.0,4521.0,both
san_ramon,,,5067510,360,BX LUNG/MEDIAST PERC NDL,9238.0,6928.5,both
san_ramon,,,5057511,360,BX MUSCLE PERC NDL,1497.0,1122.75,both
san_ramon,,,5067515,360,BX MUSCLE PERC NDL,16813.0,12609.75,both
san_ramon,,,5057512,360,BX PANCREAS PERC NDL,1133.0,849.75,both
san_ramon,,,5057540,360,BX PROSTATE NEEDLE/PUNCH,9676.0,7257.0,both
san_ramon,,,5057514,360,BX RENAL PERC NDL,4832.0,3624.0,both
san_ramon,,,5067535,360,BX RENAL PERC NDL,1209.0,906.75,both
san_ramon,,,5062400,360,BX SALIVARY GLAND NDL,3582.0,2686.5,both
san_ramon,,,5057515,360,BX SOFT PELVIS/HIP DEEP,7436.0,5577.0,both
san_ramon,,,5057040,360,BX SOFT PELVIS/HIP SPFC,4489.0,3366.75,both
san_ramon,,,5067040,360,BX SOFT PELVIS/HIP SPFC,5458.0,4093.5,both
san_ramon,,,5068575,360,BX SOFT TISSUE NECK/THOR,7260.0,5445.0,both
san_ramon,,,5067545,360,BX THYROID PERC NDL,2884.0,2163.0,both
san_ramon,87493,CPT,4108751,300,C DIFF TOXIN AMP PROBE,350.0,262.5,both
san_ramon,87493,CPT,7258754,300,C DIFF TOXIN AMP PROBE,65.16,48.87,both
san_ramon,87101,CPT,7257101,300,C FUNGI SKIN HAIR NAIL,9.39,7.04,both
san_ramon,84681,CPT,7253976,300,C-PEPTIDE,3.65,2.74,both
san_ramon,86140,CPT,4106025,300,C-REACTIVE PROTEIN/2,1187.0,890.25,both
san_ramon,86140,CPT,4156025,300,C-REACTIVE PROTEIN/2,804.0,603.0,both
san_ramon,93798,CPT,6010152,943,C/R EXER W/ ECG,630.0,472.5,both
san_ramon,93797,CPT,6010153,943,C/R EXER W/O ECG,24.0,18.0,both
san_ramon,,,5301833,250,CA CARB VITD 250/125TB,15.0,11.25,both
san_ramon,,,5301833,637,CA CARB VITD 250/125TB,15.0,11.25,both
san_ramon,,,5301834,250,CA CARB VITD 500/200TB,32.0,24.0,both
san_ramon,,,5301834,637,CA CARB VITD 500/200TB,32.0,24.0,both
san_ramon,,,5301832,250,CA CIT/VITD 315/200 TB,20.0,15.0,both
san_ramon,,,5301832,637,CA CIT/VITD 315/200 TB,20.0,15.0,both
san_ramon,,,5318824,250,CA GLUC 1GM NS 50ML IJ,196.0,147.0,both
san_ramon,,,5318821,250,CA GLUC(WG CRITICAL) PER10MGIJ,2.0,1.5,both
san_ramon,,,5318821,636,CA GLUC(WG CRITICAL) PER10MGIJ,2.0,1.5,both
san_ramon,,,5318819,250,CA GLUCONATE NOS PER 10MG IJ,3.0,2.25,both
san_ramon,,,5318819,636,CA GLUCONATE NOS PER 10MG IJ,3.0,2.25,both
san_ramon,,,5318803,250,CACL PER 2MG IJ,0.32,0.24,both
san_ramon,,,5318803,636,CACL PER 2MG IJ,0.32,0.24,both
san_ramon,,,5318804,250,CACL PER 2MG PFS IJ,0.21,0.16,both
san_ramon,,,5318804,636,CACL PER 2MG PFS IJ,0.21,0.16,both
san_ramon,,,5334652,250,CADEXOMER IOD PEDDOSE GL,402.0,301.5,both
san_ramon,,,5334652,637,CADEXOMER IOD PEDDOSE GL,402.0,301.5,both
san_ramon,,,5334653,250,CADEXOMER IODIN.9%10GMGL,370.0,277.5,both
san_ramon,,,5334653,637,CADEXOMER IODIN.9%10GMGL,370.0,277.5,both
san_ramon,,,5318762,250,CAFFEINE CIT PER 5MG IJ,62.0,46.5,both
san_ramon,,,5318762,636,CAFFEINE CIT PER 5MG IJ,62.0,46.5,both
san_ramon,,,5318767,250,CAFFEINE/NA BENZ 500MGIJ,529.0,396.75,both
san_ramon,,,5334655,250,CALAMINE 180ML LT,40.0,30.0,both
san_ramon,,,5334655,637,CALAMINE 180ML LT,40.0,30.0,both
san_ramon,82308,CPT,7252308,300,CALCITONIN,8.0,6.0,both
san_ramon,,,5318788,250,CALCITONIN UPTO 400U IJ,20077.0,15057.75,both
san_ramon,,,5318788,637,CALCITONIN UPTO 400U IJ,20077.0,15057.75,both
san_ramon,,,5330454,250,CALCITONINNS200U/3.7MLSP,1339.0,1004.25,both
san_ramon,,,5330454,637,CALCITONINNS200U/3.7MLSP,1339.0,1004.25,both
san_ramon,,,5301791,250,CALCITRIOL .25MCG CP,104.0,78.0,both
san_ramon,,,5301791,637,CALCITRIOL .25MCG CP,104.0,78.0,both
san_ramon,,,5318805,250,CALCITRIOL PER 0.1MCG IJ,90.0,67.5,both
san_ramon,,,5318805,636,CALCITRIOL PER 0.1MCG IJ,90.0,67.5,both
san_ramon,82310,CPT,4102310,300,CALCIUM,351.0,263.25,both
san_ramon,82310,CPT,4152310,300,CALCIUM,69.0,51.75,both
san_ramon,,,5301810,250,CALCIUM ACETATE 667MG TB,39.0,29.25,both
san_ramon,,,5301810,637,CALCIUM ACETATE 667MG TB,39.0,29.25,both
san_ramon,,,5301813,250,CALCIUM CARB 1.25GM TB,5.0,3.75,both
san_ramon,,,5301813,637,CALCIUM CARB 1.25GM TB,5.0,3.75,both
san_ramon,,,5301815,250,CALCIUM CARB 500MG TB,45.0,33.75,both
san_ramon,,,5301815,637,CALCIUM CARB 500MG TB,45.0,33.75,both
san_ramon,,,5301819,250,CALCIUM CARBONATE CTB,3.0,2.25,both
san_ramon,,,5301819,637,CALCIUM CARBONATE CTB,3.0,2.25,both
san_ramon,82330,CPT,7252330,300,CALCIUM IONIZED,3.5,2.63,both
san_ramon,82340,CPT,4152340,300,CALCIUM URINE QUAN,412.0,309.0,both
san_ramon,82340,CPT,4102341,300,CALCIUM URINE QUAN/2,927.0,695.25,both
san_ramon,82340,CPT,7252341,300,CALCIUM URINE QUAN/2,2.0,1.5,both
san_ramon,82310,CPT,7252310,300,CALCIUM/2,4.19,3.14,both
san_ramon,82365,CPT,7252365,300,CALCULUS INFRARED SPCTRO,11.05,8.29,both
san_ramon,82360,CPT,7252360,300,CALCULUS QUAN,12.22,9.17,both
san_ramon,83993,CPT,7254001,300,CALPROTECTIN FECAL,91.25,68.44,both
san_ramon,81219,CPT,7251220,310,CALR EXON 9 VARIANTS,175.0,131.25,both
san_ramon,81219,CPT,7270014,310,CALR EXON 9 VARIANTS,299.0,224.25,both
san_ramon,36416,CPT,4206417,300,CAP BLD COLL,12.0,9.0,both
san_ramon,,,8131507,278,CAP LOCKING SCREW NCB,1482.0,1111.5,both
san_ramon,,,5330449,250,CARBACHOL .01% 1.5ML OS,1073.0,804.75,both
san_ramon,80156,CPT,4152372,300,CARBAMAZAPINE,509.0,381.75,both
san_ramon,,,5301975,250,CARBAMAZEPINE 100MG CTB,60.0,45.0,both
san_ramon,,,5301975,637,CARBAMAZEPINE 100MG CTB,60.0,45.0,both
san_ramon,,,5301981,250,CARBAMAZEPINE 200MG TB,60.0,45.0,both
san_ramon,,,5301981,637,CARBAMAZEPINE 200MG TB,60.0,45.0,both
san_ramon,,,5330492,250,CARBAMIDE PERX6.5%15MLOT,246.0,184.5,both
san_ramon,,,5330492,637,CARBAMIDE PERX6.5%15MLOT,246.0,184.5,both
san_ramon,,,5302027,250,CARBIDOPA/LEVD 10/100 TB,60.0,45.0,both
san_ramon,,,5302027,637,CARBIDOPA/LEVD 10/100 TB,60.0,45.0,both
san_ramon,,,5302031,250,CARBIDOPA/LEVD 25/100 TB,80.0,60.0,both
san_ramon,,,5302031,637,CARBIDOPA/LEVD 25/100 TB,80.0,60.0,both
san_ramon,,,5302035,250,CARBIDOPA/LEVD 25/250 TB,80.0,60.0,both
san_ramon,,,5302035,637,CARBIDOPA/LEVD 25/250 TB,80.0,60.0,both
san_ramon,,,5302026,250,CARBIDOPA/LEVD 48.75/195 XRCP,50.0,37.5,both
san_ramon,,,5302026,637,CARBIDOPA/LEVD 48.75/195 XRCP,50.0,37.5,both
san_ramon,,,5302032,250,CARBIDOPA/LEVD25/100XRTB,27.0,20.25,both
san_ramon,,,5302032,637,CARBIDOPA/LEVD25/100XRTB,27.0,20.25,both
san_ramon,,,5302036,250,CARBIDOPA/LEVD50/200XRTB,136.0,102.0,both
san_ramon,,,5302036,637,CARBIDOPA/LEVD50/200XRTB,136.0,102.0,both
san_ramon,82374,CPT,4152374,300,CARBON DIOXIDE,47.0,35.25,both
san_ramon,,,5318911,250,CARBOPLATIN PER50MG IJ,1972.0,1479.0,both
san_ramon,,,5318911,636,CARBOPLATIN PER50MG IJ,1972.0,1479.0,both
san_ramon,,,5318908,250,CARBOPROST PER 0.1MG IJ,201.6,151.2,both
san_ramon,,,5318908,636,CARBOPROST PER 0.1MG IJ,201.6,151.2,both
san_ramon,82378,CPT,4106151,300,CARCINO-EMBRYONIC AG,1079.0,809.25,both
san_ramon,82378,CPT,4156151,300,CARCINO-EMBRYONIC AG,724.0,543.0,both
san_ramon,93321,CPT,4603328,483,CARDIAC DOPPLER FU/LTD,1384.0,1038.0,both
san_ramon,,,6010164,943,CARDIAC REHAB W/O EKG,12.5,9.38,both
san_ramon,93017,CPT,4603017,482,CARDIO STRESS TRACE ONLY,6910.0,5182.5,both
san_ramon,86147,CPT,7256381,300,CARDIOLIPIN AB EA IG,45.0,33.75,both
san_ramon,86147,CPT,7256382,300,CARDIOLIPIN AB EA IG/2,2.82,2.12,both
san_ramon,86147,CPT,7256385,300,CARDIOLIPIN AB EA IG/3,2.82,2.12,both
san_ramon,86147,CPT,7256386,300,CARDIOLIPIN AB EA IG/4,2.82,2.12,both
san_ramon,,,5318915,250,CARDIOPLEG SOL 1000ML IJ,1697.0,1272.75,both
san_ramon,92960,CPT,6102960,450,CARDIOVERSION ELEC/SCHED,13373.0,10029.75,both
san_ramon,92960,CPT,5072960,480,CARDIOVRT ELECTRC/ELECTV,13393.0,10044.75,both
san_ramon,,,5302058,250,CARISOPRODOL 350MG TB,71.0,53.25,both
san_ramon,,,5302058,637,CARISOPRODOL 350MG TB,71.0,53.25,both
san_ramon,82379,CPT,7252379,300,CARNITINE,20.0,15.0,both
san_ramon,82380,CPT,7252380,300,CAROTENE,7.52,5.64,both
san_ramon,,,5302080,250,CARVEDILOL 25MG TB,104.0,78.0,both
san_ramon,,,5302080,637,CARVEDILOL 25MG TB,104.0,78.0,both
san_ramon,,,5302077,250,CARVEDILOL 3.125MG TB,132.0,99.0,both
san_ramon,,,5302077,637,CARVEDILOL 3.125MG TB,132.0,99.0,both
san_ramon,,,5302078,250,CARVEDILOL 6.25MG TB,136.0,102.0,both
san_ramon,,,5302078,637,CARVEDILOL 6.25MG TB,136.0,102.0,both
san_ramon,82384,CPT,7252384,300,CATECHOLAMINES FRAC,20.36,15.27,both
san_ramon,82384,CPT,7252385,300,CATECHOLAMINES FRAC/2,20.57,15.43,both
san_ramon,,,8240125,278,CATH ANG TRANSLUMNL NLSR,2045.0,1533.75,both
san_ramon,,,8056013,278,CATH ANGIO OMNI FLUSH,976.0,732.0,both
san_ramon,,,8245820,278,CATH ASH SPLIT MEDCOMP,3511.0,2633.25,both
san_ramon,,,8058030,278,CATH ATHER JETSTREAM SC,13229.0,9921.75,both
san_ramon,,,8240749,278,CATH B BLN RAPIDEXCHANGE,1417.0,1062.75,both
san_ramon,,,8056054,278,CATH BAL DIL SINUS,4405.0,3303.75,both
san_ramon,,,8245095,278,CATH BLN CUT INTERVENTNL,8701.0,6525.75,both
san_ramon,,,8240030,278,CATH BLN DIL CRE,1469.0,1101.75,both
san_ramon,,,8240071,278,CATH BLN DIL CRE FX WIRE,1187.0,890.25,both
san_ramon,,,4031252,278,CATH BLN DIL HURRICANERX,1693.0,1269.75,both
san_ramon,,,8056094,278,CATH BLN DIL NC EUPHORA,710.0,532.5,both
san_ramon,,,8056093,278,CATH BLN DIL SC EUPHORA,710.0,532.5,both
san_ramon,,,8240761,278,CATH BLN DIL UROMAX UHP,1347.0,1010.25,both
san_ramon,,,8050005,278,CATH BLN IN.PACT AV DCB FISTUL,14412.0,10809.0,both
san_ramon,,,4031275,278,CATH BLN RELIANT STN GRF,5381.0,4035.75,both
san_ramon,,,8240078,278,CATH BRACHYTHER SEED ADM,18701.0,14025.75,both
san_ramon,,,8056324,278,CATH CLOTTRIEVER,44293.0,33219.75,both
san_ramon,,,8056365,278,CATH CNTRL VEIN,658.0,493.5,both
san_ramon,93455,CPT,4613455,480,CATH COR ART/GRFT S&I,19596.0,14697.0,both
san_ramon,93455,CPT,4613455,481,CATH COR ART/GRFT S&I,19596.0,14697.0,both
san_ramon,93454,CPT,4613454,480,CATH CORONARY ARTERY S&I,26698.0,20023.5,both
san_ramon,93454,CPT,4613454,481,CATH CORONARY ARTERY S&I,26698.0,20023.5,both
san_ramon,,,8031605,278,CATH CYSTO,443.0,332.25,both
san_ramon,,,4020901,278,CATH DIAL HEMOSPLIT,2448.0,1836.0,both
san_ramon,,,4031310,278,CATH DIAMONDBACK 360,20763.0,15572.25,both
san_ramon,,,8240082,278,CATH DRAINAGE,665.0,498.75,both
san_ramon,,,8245534,278,CATH DRN PARA/THORA,242.0,181.5,both
san_ramon,,,8245533,278,CATH DRN PLEURAL,3292.0,2469.0,both
san_ramon,,,8056373,278,CATH FGRTY EMBLA,290.0,217.5,both
san_ramon,,,8056439,278,CATH GLIDE,678.0,508.5,both
san_ramon,,,8240096,278,CATH GUIDING,1286.0,964.5,both
san_ramon,,,8240098,278,CATH HEMODIAL LONG TERM,12393.0,9294.75,both
san_ramon,,,8240102,278,CATH HEMODIAL SHORT TERM,4579.0,3434.25,both
san_ramon,,,8056475,278,CATH HICKMAN,865.0,648.75,both
san_ramon,,,8245731,278,CATH INF CV DL ARROW,860.0,645.0,both
san_ramon,,,8245755,278,CATH INF PICC,352.0,264.0,both
san_ramon,,,8245753,278,CATH INF PICC DL PWR,11197.0,8397.75,both
san_ramon,,,8245770,278,CATH INF RAPID TRANSIT,2752.0,2064.0,both
san_ramon,93566,CPT,4613568,480,CATH INJ R VENTRIC/ATRIA,8836.0,6627.0,both
san_ramon,93566,CPT,4613568,481,CATH INJ R VENTRIC/ATRIA,8836.0,6627.0,both
san_ramon,93567,CPT,4613569,480,CATH INJ SUPRVLV AORTOGR,5898.0,4423.5,both
san_ramon,93567,CPT,4613569,481,CATH INJ SUPRVLV AORTOGR,5898.0,4423.5,both
san_ramon,93459,CPT,4613459,480,CATH L HRT ART/GRFT,65904.0,49428.0,both
san_ramon,93459,CPT,4613459,481,CATH L HRT ART/GRFT,65904.0,49428.0,both
san_ramon,93458,CPT,4613458,480,CATH L HRT ARTERY/VENTR,64896.0,48672.0,both
san_ramon,93458,CPT,4613458,481,CATH L HRT ARTERY/VENTR,64896.0,48672.0,both
san_ramon,,,8056569,278,CATH LSR ATHR PERIPH OTW,16191.0,12143.25,both
san_ramon,93452,CPT,4613452,480,CATH LT HRT W/LTVENT,28500.0,21375.0,both
san_ramon,93452,CPT,4613452,481,CATH LT HRT W/LTVENT,28500.0,21375.0,both
san_ramon,,,8056596,278,CATH MUSHROOM MALECOT,367.0,275.25,both
san_ramon,,,8056615,278,CATH NEPHROSTOMY,1951.0,1463.25,both
san_ramon,,,4031481,278,CATH P-DIAL SAPHIRE,4118.0,3088.5,both
san_ramon,,,8056883,278,CATH PERIPH IVL SHOCKWAVE S4,13336.0,10002.0,both
san_ramon,,,4031484,278,CATH PERIT DIAL LNG TRM,815.0,611.25,both
san_ramon,,,8245900,278,CATH PICC DL MIDLINE 5,1368.0,1026.0,both
san_ramon,,,8173370,278,CATH PORT,3261.0,2445.75,both
san_ramon,,,8056668,278,CATH PTA ARMADA 35 BLLN,732.0,549.0,both
san_ramon,,,8058258,278,CATH PTA ARMADA14 BLN,1925.0,1443.75,both
san_ramon,,,4020970,278,CATH PTA DORADO,1160.0,870.0,both
san_ramon,,,8056886,278,CATH PTA DRUG COATED BLN,16699.0,12524.25,both
san_ramon,,,8058260,278,CATH PTA IN.PACT ADMIRAL,8892.0,6669.0,both
san_ramon,,,4031502,278,CATH PWR PICC SOLO SL,9323.0,6992.25,both
san_ramon,93457,CPT,4613457,480,CATH R HRT ART/GRFT ANGI,59057.0,44292.75,both
san_ramon,93457,CPT,4613457,481,CATH R HRT ART/GRFT ANGI,59057.0,44292.75,both
san_ramon,93456,CPT,4613456,480,CATH R HRT COR ART ANG,52902.0,39676.5,both
san_ramon,93456,CPT,4613456,481,CATH R HRT COR ART ANG,52902.0,39676.5,both
san_ramon,93461,CPT,4613461,480,CATH R&L HRT AR/VNT BPGF,89103.0,66827.25,both
san_ramon,93461,CPT,4613461,481,CATH R&L HRT AR/VNT BPGF,89103.0,66827.25,both
san_ramon,93460,CPT,4613460,480,CATH R&L HRT ART/VENT,73152.0,54864.0,both
san_ramon,93460,CPT,4613460,481,CATH R&L HRT ART/VENT,73152.0,54864.0,both
san_ramon,93453,CPT,4613453,480,CATH R&L HRT W/VENTRICLG,76804.0,57603.0,both
san_ramon,93453,CPT,4613453,481,CATH R&L HRT W/VENTRICLG,76804.0,57603.0,both
san_ramon,93451,CPT,4613451,480,CATH RIGHT HEART,32631.0,24473.25,both
san_ramon,93451,CPT,4613451,481,CATH RIGHT HEART,32631.0,24473.25,both
san_ramon,,,8056916,278,CATH SHOCKWAVE C2,45336.0,34002.0,both
san_ramon,,,8056701,278,CATH SINUS GUIDE,2623.0,1967.25,both
san_ramon,,,8056699,278,CATH SINUS IRRG VORTEX 2,1046.0,784.5,both
san_ramon,,,8058279,278,CATH SUPPORT CXI,1553.0,1164.75,both
san_ramon,,,4031628,278,CATH SUPPORT GOPHER,6287.0,4715.25,both
san_ramon,,,8056738,278,CATH SUPPORT TRAILBLAZER,827.0,620.25,both
san_ramon,,,8240119,278,CATH SUPRAPUBC/CYSTOSCOP,1890.0,1417.5,both
san_ramon,,,8056780,278,CATH THORACIC,102.0,76.5,both
san_ramon,,,8240091,278,CATH THROMB/EMBOLECTMY 2,692.0,519.0,both
san_ramon,,,8240121,278,CATH THROMB/EMBOLECTOMY,5184.0,3888.0,both
san_ramon,,,8056805,278,CATH TRIP-LUMEN,3976.0,2982.0,both
san_ramon,,,8031660,278,CATH URET,1422.0,1066.5,both
san_ramon,,,8041250,278,CATH URETERAL,202.0,151.5,both
san_ramon,,,8041251,278,CATH URETERAL,274.0,205.5,both
san_ramon,,,8041252,278,CATH URETERAL WV,740.0,555.0,both
san_ramon,,,8246050,278,CATH URTRL FLEXIMA,98.0,73.5,both
san_ramon,,,8240113,278,CATH US INTRAVASCULAR,6838.0,5128.5,both
san_ramon,85027,CPT,4100056,300,CBC AUTO W/O DIFF,795.0,596.25,both
san_ramon,85027,CPT,4150056,300,CBC AUTO W/O DIFF,334.0,250.5,both
san_ramon,85025,CPT,4105028,300,CBC WITH AUTO DIFF,1117.0,837.75,both
san_ramon,85025,CPT,4155028,300,CBC WITH AUTO DIFF,475.0,356.25,both
san_ramon,,,8131515,278,CBL ORTHO W CRIMP,3931.0,2948.25,both
san_ramon,,,5318976,250,CEFAZOLIN 500MG IJ,695.0,521.25,both
san_ramon,,,5318976,636,CEFAZOLIN 500MG IJ,695.0,521.25,both
san_ramon,,,5318977,250,CEFAZOLIN 500MG PMX IJ,754.0,565.5,both
san_ramon,,,5318977,636,CEFAZOLIN 500MG PMX IJ,754.0,565.5,both
san_ramon,,,5318985,250,CEFEPIME PER 500MG IJ,202.0,151.5,both
san_ramon,,,5318985,636,CEFEPIME PER 500MG IJ,202.0,151.5,both
san_ramon,,,5318989,250,CEFEPIME PER500MG PMX IJ,84.0,63.0,both
san_ramon,,,5318989,636,CEFEPIME PER500MG PMX IJ,84.0,63.0,both
san_ramon,,,5319029,250,CEFOTETAN PER 10MG IJ,2.33,1.75,both
san_ramon,,,5319029,636,CEFOTETAN PER 10MG IJ,2.33,1.75,both
san_ramon,,,5319071,250,CEFTAZ/AVIBAC.5/.125G IJ,559.0,419.25,both
san_ramon,,,5319071,636,CEFTAZ/AVIBAC.5/.125G IJ,559.0,419.25,both
san_ramon,,,5319060,250,CEFTAZIDIME PER 500MG IJ,359.0,269.25,both
san_ramon,,,5319060,636,CEFTAZIDIME PER 500MG IJ,359.0,269.25,both
san_ramon,,,5319092,250,CEFTRIAX PER250MG PMXIJ,276.0,207.0,both
san_ramon,,,5319092,636,CEFTRIAX PER250MG PMXIJ,276.0,207.0,both
san_ramon,,,5319093,250,CEFTRIAXON250MG IM KT IJ,353.0,264.75,both
san_ramon,,,5319093,636,CEFTRIAXON250MG IM KT IJ,353.0,264.75,both
san_ramon,,,5319082,250,CEFTRIAXONE PER 250MG IJ,276.0,207.0,both
san_ramon,,,5319082,636,CEFTRIAXONE PER 250MG IJ,276.0,207.0,both
san_ramon,,,5302121,250,CEFUROXIME 250MG TB,183.0,137.25,both
san_ramon,,,5302121,637,CEFUROXIME 250MG TB,183.0,137.25,both
san_ramon,,,5319101,250,CEFUROXIME PER 750MG IJ,504.0,378.0,both
san_ramon,,,5319101,636,CEFUROXIME PER 750MG IJ,504.0,378.0,both
san_ramon,,,5302129,250,CELECOXIB 100MG CP,104.0,78.0,both
san_ramon,,,5302129,637,CELECOXIB 100MG CP,104.0,78.0,both
san_ramon,,,5302130,250,CELECOXIB 200MG CP,89.0,66.75,both
san_ramon,,,5302130,637,CELECOXIB 200MG CP,89.0,66.75,both
san_ramon,89050,CPT,4109050,300,CELL COUNT MISC BODY FLD,1163.0,872.25,both
san_ramon,89050,CPT,4159050,300,CELL COUNT MISC BODY FLD,833.0,624.75,both
san_ramon,89051,CPT,4109051,300,CELL COUNT MISC W/DIFF,1066.0,799.5,both
san_ramon,89051,CPT,4159051,300,CELL COUNT MISC W/DIFF,458.0,343.5,both
san_ramon,86352,CPT,7256352,300,CELLULAR FUNCTION ASSAY/2,55.0,41.25,both
san_ramon,,,8131520,278,CEMT BN,2870.0,2152.5,both
san_ramon,,,4011935,278,CEMT BN ANTIFUL ZIMM CAP,4279.0,3209.25,both
san_ramon,,,8173507,278,CEMT BN IMAGING MATRIX,766.0,574.5,both
san_ramon,,,4011934,278,CEMT BN PL FUL ZIMMR CAP,2736.0,2052.0,both
san_ramon,,,8131522,278,CEMT BN W/ANTIBIOTIC,4190.0,3142.5,both
san_ramon,,,5302204,250,CEPHALEXIN 250MG CP,92.0,69.0,both
san_ramon,,,5302204,637,CEPHALEXIN 250MG CP,92.0,69.0,both
san_ramon,,,5302208,250,CEPHALEXIN 500MG CP,152.0,114.0,both
san_ramon,,,5302208,637,CEPHALEXIN 500MG CP,152.0,114.0,both
san_ramon,,,5314562,250,CEPHALEXIN125/5 5ML PWLQ,92.0,69.0,both
san_ramon,,,5314562,637,CEPHALEXIN125/5 5ML PWLQ,92.0,69.0,both
san_ramon,,,5314566,250,CEPHALEXIN250/5 5ML PWLQ,141.0,105.75,both
san_ramon,,,5314566,637,CEPHALEXIN250/5 5ML PWLQ,141.0,105.75,both
san_ramon,82390,CPT,7252390,300,CERULOPLASMIN,4.69,3.52,both
san_ramon,,,8130072,274,CERV COL FOAM 2PC W THOR,3837.0,2877.75,both
san_ramon,,,8130073,274,CERV COL THERMPLS FM 2PC,308.0,231.0,both
san_ramon,,,8130075,274,CERV SEMIRIG ADJ MLD CHN,1682.0,1261.5,both
san_ramon,,,4902301,360,CERVICAL MYELO LUMB INJ,5888.0,4416.0,both
san_ramon,81220,CPT,7251241,310,CFTR COMMON VARIANTS,165.0,123.75,both
san_ramon,,,4619446,360,CH GTUBE TO GJTUBE W/FLU,4873.0,3654.75,both
san_ramon,,,4617515,360,CHANGE BILIARY DRAIN CTH,5279.0,3959.25,both
san_ramon,,,4617520,360,CHANGE NEPHROSTOMY TUBE,7168.0,5376.0,both
san_ramon,,,4907520,360,CHANGE NEPHROSTOMY TUBE,7267.0,5450.25,both
san_ramon,75984,CPT,4615985,320,CHANGE PERC DRAIN CATH,4578.0,3433.5,both
san_ramon,,,4610382,360,CHANGE URETER STENT PERC,17656.0,13242.0,both
san_ramon,,,5314033,250,CHAR/SORB25GM/120ML LQ,229.0,171.75,both
san_ramon,,,5314033,637,CHAR/SORB25GM/120ML LQ,229.0,171.75,both
san_ramon,,,5314034,250,CHAR/SORB50GM/240ML LQ,270.0,202.5,both
san_ramon,,,5314034,637,CHAR/SORB50GM/240ML LQ,270.0,202.5,both
san_ramon,,,5314036,250,CHARCOAL 25GM/120ML LQ,229.0,171.75,both
san_ramon,,,5314036,637,CHARCOAL 25GM/120ML LQ,229.0,171.75,both
san_ramon,,,5314037,250,CHARCOAL 50GM/240ML LQ,270.0,202.5,both
san_ramon,,,5314037,637,CHARCOAL 50GM/240ML LQ,270.0,202.5,both
san_ramon,,,6904010,360,CHEM CAUTERY OF TISSUE,1573.0,1179.75,both
san_ramon,,,6904010,361,CHEM CAUTERY OF TISSUE,1573.0,1179.75,both
san_ramon,82397,CPT,7252397,300,CHEMILUMINESCENT ASY/2,23.93,17.95,both
san_ramon,96450,CPT,4616450,331,CHEMO ADM CNS,4299.0,3224.25,both
san_ramon,96450,CPT,4906450,331,CHEMO ADM CNS,4299.0,3224.25,both
san_ramon,71045,CPT,4901045,320,CHEST 1 VIEW,1602.0,1201.5,both
san_ramon,71046,CPT,4901046,320,CHEST 2 VIEWS,2008.0,1506.0,both
san_ramon,71047,CPT,4901047,320,CHEST 3 VIEWS,3056.0,2292.0,both
san_ramon,71048,CPT,4901030,320,CHEST 4+ VIEWS,3618.0,2713.5,both
san_ramon,86631,CPT,7256903,300,CHLAMYDIA AB/5,7.33,5.5,both
san_ramon,87491,CPT,7257492,300,CHLAMYDIA AMP PROBE/2,9.0,6.75,both
san_ramon,87491,CPT,7257491,300,CHLAMYDIA AMP PROBE/3,17.72,13.29,both
san_ramon,86632,CPT,7256629,300,CHLAMYDIA IGM,12.74,9.56,both
san_ramon,86632,CPT,7256632,300,CHLAMYDIA IGM/2,11.28,8.46,both
san_ramon,86632,CPT,7256945,300,CHLAMYDIA IGM/3,12.74,9.56,both
san_ramon,,,5302389,250,CHLORDIAZEPOXIDE 10MG CP,68.0,51.0,both
san_ramon,,,5302389,637,CHLORDIAZEPOXIDE 10MG CP,68.0,51.0,both
san_ramon,,,5302393,250,CHLORDIAZEPOXIDE 25MG CP,71.0,53.25,both
san_ramon,,,5302393,637,CHLORDIAZEPOXIDE 25MG CP,71.0,53.25,both
san_ramon,,,5334777,250,CHLORHEXID ORAL CARE KT,265.0,198.75,both
san_ramon,,,5334777,637,CHLORHEXID ORAL CARE KT,265.0,198.75,both
san_ramon,,,5314638,250,CHLORHEXIDINE 15ML LQ,27.0,20.25,both
san_ramon,,,5314638,637,CHLORHEXIDINE 15ML LQ,27.0,20.25,both
san_ramon,82435,CPT,4152439,300,CHLORIDE,58.0,43.5,both
san_ramon,82436,CPT,7252435,300,CHLORIDE URINE,2.0,1.5,both
san_ramon,82436,CPT,4102436,300,CHLORIDE URINE/2,611.0,458.25,both
san_ramon,82436,CPT,4152436,300,CHLORIDE URINE/2,298.0,223.5,both
san_ramon,,,5329245,250,CHLOROPROCAINE PER 1MG IJ,1.0,0.75,both
san_ramon,,,5329245,636,CHLOROPROCAINE PER 1MG IJ,1.0,0.75,both
san_ramon,,,5319262,250,CHLOROTHIAZID PER500MGIJ,502.0,376.5,both
san_ramon,,,5319262,636,CHLOROTHIAZID PER500MGIJ,502.0,376.5,both
san_ramon,,,5319309,250,CHLORPROMAZ UPTO 50MG IJ,124.0,93.0,both
san_ramon,,,5319309,636,CHLORPROMAZ UPTO 50MG IJ,124.0,93.0,both
san_ramon,,,5302594,250,CHLORPROMAZINE 25MG TB,72.0,54.0,both
san_ramon,,,5302594,637,CHLORPROMAZINE 25MG TB,72.0,54.0,both
san_ramon,,,5302664,250,CHLORTHALIDONE 25MG TB,68.0,51.0,both
san_ramon,,,5302664,637,CHLORTHALIDONE 25MG TB,68.0,51.0,both
san_ramon,74300,CPT,4904300,320,CHOLANGIO INTRAOP S&I INIT,4064.0,3048.0,both
san_ramon,,,4617531,360,CHOLANGIO+INJ EXIST CTH,5887.0,4415.25,both
san_ramon,,,4907531,360,CHOLANGIO+INJ EXIST CTH,5887.0,4415.25,both
san_ramon,83718,CPT,4152477,300,CHOLESTEROL HDL,367.0,275.25,both
san_ramon,82465,CPT,4102465,300,CHOLESTEROL TOTAL,108.0,81.0,both
san_ramon,82465,CPT,4152465,300,CHOLESTEROL TOTAL,61.0,45.75,both
san_ramon,82465,CPT,7252465,300,CHOLESTEROL TOTAL,30.0,22.5,both
san_ramon,,,5314680,250,CHOLESTYRAMINE 4GM PWLQ,53.0,39.75,both
san_ramon,,,5314680,637,CHOLESTYRAMINE 4GM PWLQ,53.0,39.75,both
san_ramon,88262,CPT,7270073,310,CHRM ANAL 15-20 CELL W/BND,175.0,131.25,both
san_ramon,88262,CPT,7258257,310,CHRM ANAL 15-20 CELL W/BND/2,90.95,68.21,both
san_ramon,88264,CPT,7270074,310,CHRM ANAL 20-25 CELLS,175.0,131.25,both
san_ramon,88261,CPT,7258247,310,CHRM ANAL 5 CELL W/BND,106.45,79.84,both
san_ramon,88261,CPT,7270072,310,CHRM ANAL 5 CELL W/BND,175.0,131.25,both
san_ramon,82542,CPT,7252568,300,CHROM/MASS SPEC NES QL/15,19.0,14.25,both
san_ramon,82542,CPT,7254124,300,CHROM/MASS SPEC NES QL/21,136.8,102.6,both
san_ramon,82542,CPT,7255428,300,CHROM/MASS SPEC NES QL/22,195.0,146.25,both
san_ramon,82542,CPT,7258333,300,CHROM/MASS SPEC NES QL/28,215.0,161.25,both
san_ramon,82542,CPT,7252521,300,CHROM/MASS SPEC NES QL/8,382.0,286.5,both
san_ramon,82542,CPT,7252531,300,CHROM/MASS SPEC NES QL/9,190.0,142.5,both
san_ramon,82495,CPT,7252495,300,CHROMIUM/2,6.0,4.5,both
san_ramon,88280,CPT,7270075,310,CHROMO ADD KARYOTYPES EA,50.0,37.5,both
san_ramon,88280,CPT,7258280,310,CHROMO ADD KARYOTYPES EA/2,15.94,11.96,both
san_ramon,88285,CPT,7270076,310,CHROMOSOME ADD CELL CT EA,45.0,33.75,both
san_ramon,94667,CPT,5504667,410,CHST WALL MANIPULATN INI,1177.0,882.75,both
san_ramon,94668,CPT,5504668,410,CHST WALL MANIPULATN SUB,971.0,728.25,both
san_ramon,,,5302731,250,CILOSTAZOL 100MG TB,69.0,51.75,both
san_ramon,,,5302731,637,CILOSTAZOL 100MG TB,69.0,51.75,both
san_ramon,,,5302730,250,CILOSTAZOL 50MG TB,33.0,24.75,both
san_ramon,,,5302730,637,CILOSTAZOL 50MG TB,33.0,24.75,both
san_ramon,,,5302762,250,CINACALCET 30MG TB,162.0,121.5,both
san_ramon,,,5302762,637,CINACALCET 30MG TB,162.0,121.5,both
san_ramon,,,5319388,250,CIPROFLOX PER200MG PMXIJ,1540.0,1155.0,both
san_ramon,,,5319388,636,CIPROFLOX PER200MG PMXIJ,1540.0,1155.0,both
san_ramon,,,5330547,250,CIPROFLOXACIN .3% 5ML OS,593.0,444.75,both
san_ramon,,,5330547,637,CIPROFLOXACIN .3% 5ML OS,593.0,444.75,both
san_ramon,,,5302775,250,CIPROFLOXACIN 250MG TB,152.0,114.0,both
san_ramon,,,5302775,637,CIPROFLOXACIN 250MG TB,152.0,114.0,both
san_ramon,,,5302776,250,CIPROFLOXACIN 500MGTB,183.0,137.25,both
san_ramon,,,5302776,637,CIPROFLOXACIN 500MGTB,183.0,137.25,both
san_ramon,,,5330549,250,CIPROFLOXACIN.3%3.5GM OO,1086.0,814.5,both
san_ramon,,,5330549,637,CIPROFLOXACIN.3%3.5GM OO,1086.0,814.5,both
san_ramon,,,3110150,723,CIRCUMCISION,1834.0,1375.5,both
san_ramon,,,5319391,250,CISATRACURM 2MG/ML 5MLIJ,259.0,194.25,both
san_ramon,,,5319392,250,CISATRACURM 2MG/ML10MLIJ,443.0,332.25,both
san_ramon,,,5319398,250,CISPLATIN PER 10MG IJ,950.0,712.5,both
san_ramon,,,5319398,636,CISPLATIN PER 10MG IJ,950.0,712.5,both
san_ramon,78630,CPT,5208630,341,CISTERNOGRAM,7242.0,5431.5,both
san_ramon,,,5302771,250,CITALOPRAM 10MG TB,45.0,33.75,both
san_ramon,,,5302771,637,CITALOPRAM 10MG TB,45.0,33.75,both
san_ramon,,,5302773,250,CITALOPRAM 20MG TB,68.0,51.0,both
san_ramon,,,5302773,637,CITALOPRAM 20MG TB,68.0,51.0,both
san_ramon,,,5314754,250,CITRATE MG 300ML LQ,156.0,117.0,both
san_ramon,,,5314754,637,CITRATE MG 300ML LQ,156.0,117.0,both
san_ramon,82507,CPT,7252509,300,CITRATE/2,10.0,7.5,both
san_ramon,82553,CPT,4102553,300,CK MB FRACTION,1557.0,1167.75,both
san_ramon,82553,CPT,4152553,300,CK MB FRACTION,1215.0,911.25,both
san_ramon,,,5302780,250,CLARITHROMYCIN 250MG TB,173.0,129.75,both
san_ramon,,,5302780,637,CLARITHROMYCIN 250MG TB,173.0,129.75,both
san_ramon,,,5302781,250,CLARITHROMYCIN 500MG TB,237.0,177.75,both
san_ramon,,,5302781,637,CLARITHROMYCIN 500MG TB,237.0,177.75,both
san_ramon,73000,CPT,4903000,320,CLAVICLE COMPLETE,2603.0,1952.25,both
san_ramon,,,5302814,250,CLINDAMYCIN 150MG CP,143.0,107.25,both
san_ramon,,,5302814,637,CLINDAMYCIN 150MG CP,143.0,107.25,both
san_ramon,,,5314769,250,CLINDAMYCIN 75/5 5MLPWLQ,77.0,57.75,both
san_ramon,,,5314769,637,CLINDAMYCIN 75/5 5MLPWLQ,77.0,57.75,both
san_ramon,,,5319424,250,CLINDAMYCIN PER 300MG IJ,485.0,363.75,both
san_ramon,,,5319424,636,CLINDAMYCIN PER 300MG IJ,485.0,363.75,both
san_ramon,,,5319425,250,CLINDAMYCIN PER 300MG PMX IJ,815.0,611.25,both
san_ramon,,,5319425,636,CLINDAMYCIN PER 300MG PMX IJ,815.0,611.25,both
san_ramon,,,8141285,278,CLIP ANEURANEUR,3280.0,2460.0,both
san_ramon,,,5334868,250,CLOBETASOL .05% 15GM CR,564.0,423.0,both
san_ramon,,,5334868,637,CLOBETASOL .05% 15GM CR,564.0,423.0,both
san_ramon,,,5302910,250,CLONAZEPAM .5MG TB,60.0,45.0,both
san_ramon,,,5302910,637,CLONAZEPAM .5MG TB,60.0,45.0,both
san_ramon,,,5302914,250,CLONAZEPAM 1MG TB,92.0,69.0,both
san_ramon,,,5302914,637,CLONAZEPAM 1MG TB,92.0,69.0,both
san_ramon,,,5334897,250,CLONIDINE .1MG XR TD,159.0,119.25,both
san_ramon,,,5334897,637,CLONIDINE .1MG XR TD,159.0,119.25,both
san_ramon,,,5334899,250,CLONIDINE .2MG XR TD,229.0,171.75,both
san_ramon,,,5334899,637,CLONIDINE .2MG XR TD,229.0,171.75,both
san_ramon,,,5334901,250,CLONIDINE .3MG XR TD,265.0,198.75,both
san_ramon,,,5334901,637,CLONIDINE .3MG XR TD,265.0,198.75,both
san_ramon,,,5302941,250,CLONIDINE 0.1MG TB,68.0,51.0,both
san_ramon,,,5302941,637,CLONIDINE 0.1MG TB,68.0,51.0,both
san_ramon,,,5302945,250,CLONIDINE 0.2MG TB,104.0,78.0,both
san_ramon,,,5302945,637,CLONIDINE 0.2MG TB,104.0,78.0,both
san_ramon,,,5302970,250,CLOPIDOGREL 300MG TB,355.0,266.25,both
san_ramon,,,5302970,637,CLOPIDOGREL 300MG TB,355.0,266.25,both
san_ramon,,,5302965,250,CLOPIDOGREL 75MG TB,143.0,107.25,both
san_ramon,,,5302965,637,CLOPIDOGREL 75MG TB,143.0,107.25,both
san_ramon,87324,CPT,4105006,300,CLOSTRIDIUM IA,453.0,339.75,both
san_ramon,87324,CPT,4155006,300,CLOSTRIDIUM IA,502.0,376.5,both
san_ramon,87324,CPT,4107324,300,CLOSTRIDIUM IA/2,210.0,157.5,both
san_ramon,85210,CPT,7255210,300,CLOT FACTOR II PRTHRMBN,15.0,11.25,both
san_ramon,85220,CPT,7255220,300,CLOT FACTOR V (LABILE),12.22,9.17,both
san_ramon,85230,CPT,7255230,300,CLOT FACTOR VII(STABLE),40.73,30.55,both
san_ramon,85250,CPT,7255250,300,CLOT FCTR IX(PTC/XMAS),16.29,12.22,both
san_ramon,85244,CPT,7258524,300,CLOT FCTR VIII RELATE AG,69.23,51.92,both
san_ramon,85240,CPT,7255240,300,CLOT FCTR VIII(AHG)1 STG,15.0,11.25,both
san_ramon,85240,CPT,7255231,300,CLOT FCTR VIII(AHG)1 STG/2,118.0,88.5,both
san_ramon,85260,CPT,7255260,300,CLOT FCTR X(STUART-PRWR),20.0,15.0,both
san_ramon,85270,CPT,7255270,300,CLOT FCTR XI(PTA),30.0,22.5,both
san_ramon,85280,CPT,7255280,300,CLOT FCTR XII(HAGEMANN),57.02,42.77,both
san_ramon,85290,CPT,7255290,300,CLOT FCTR XIII(FBRN STB),42.76,32.07,both
san_ramon,,,5334893,250,CLOTRIMAZ/BETAMET 15GMCR,881.0,660.75,both
san_ramon,,,5334893,637,CLOTRIMAZ/BETAMET 15GMCR,881.0,660.75,both
san_ramon,,,5334871,250,CLOTRIMAZOLE 1% 15GM CR,342.0,256.5,both
san_ramon,,,5334871,637,CLOTRIMAZOLE 1% 15GM CR,342.0,256.5,both
san_ramon,,,5334874,250,CLOTRIMAZOLE 1% 30GM CR,810.0,607.5,both
san_ramon,,,5334874,637,CLOTRIMAZOLE 1% 30GM CR,810.0,607.5,both
san_ramon,,,5334884,250,CLOTRIMAZOLE 1%45GM VCR,1009.0,756.75,both
san_ramon,,,5334884,637,CLOTRIMAZOLE 1%45GM VCR,1009.0,756.75,both
san_ramon,,,5302894,250,CLOTRIMAZOLE 10MG LZ,80.0,60.0,both
san_ramon,,,5302894,637,CLOTRIMAZOLE 10MG LZ,80.0,60.0,both
san_ramon,,,4013018,278,CMP FEM CMT NCKL SNS PR ZIM CL,27619.0,20714.25,both
san_ramon,,,4012891,278,CMP FEM OXI GN REN OXLEG SN CL,18987.0,14240.25,both
san_ramon,,,4013407,278,CMP FM UNCT 3D UNCT PTL DJO CL,18507.0,13880.25,both
san_ramon,87497,CPT,7257499,300,CMV QUANT,40.73,30.55,both
san_ramon,87497,CPT,7257497,300,CMV QUANT/2,63.0,47.25,both
san_ramon,87483,CPT,7257483,300,CNS PATHOGENS 12-25,550.0,412.5,both
san_ramon,88323,CPT,4308323,310,CNSLT/RPT REFRD MATERIAL,288.0,216.0,both
san_ramon,88323,CPT,7270084,310,CNSLT/RPT REFRD MATERIAL,65.0,48.75,both
san_ramon,88323,CPT,7270110,310,CNSLT/RPT REFRD MATERIAL/2,140.0,105.0,both
san_ramon,88321,CPT,4308321,310,CNSLT/RPT REFRD SLIDES,692.0,519.0,both
san_ramon,85347,CPT,4105347,300,COAGULATION TIME ACTIVTD,58.0,43.5,both
san_ramon,85347,CPT,4155347,300,COAGULATION TIME ACTIVTD,58.0,43.5,both
san_ramon,85347,CPT,4613585,300,COAGULATION TIME ACTIVTD,1428.0,1071.0,both
san_ramon,,,5327318,250,COCAINE 4% 4ML TS,317.0,237.75,both
san_ramon,86635,CPT,7256721,300,COCCIDIOIDES ANTIBODY/4,20.25,15.19,both
san_ramon,86635,CPT,7256722,300,COCCIDIOIDES ANTIBODY/5,20.25,15.19,both
san_ramon,86635,CPT,7257453,300,COCCIDIOIDES ANTIBODY/6,15.75,11.81,both
san_ramon,86635,CPT,7258682,300,COCCIDIOIDES ANTIBODY/9,18.0,13.5,both
san_ramon,,,8031745,278,COIL EMBOLIC,1101.0,825.75,both
san_ramon,,,8060300,278,COIL EMBOLIC DETACH,7579.0,5684.25,both
san_ramon,,,5303040,250,COLCHICINE .6MG CP,87.0,65.25,both
san_ramon,,,5303040,637,COLCHICINE .6MG CP,87.0,65.25,both
san_ramon,,,5303042,250,COLCHICINE .6MG TB,45.0,33.75,both
san_ramon,,,5303042,637,COLCHICINE .6MG TB,45.0,33.75,both
san_ramon,86157,CPT,7256015,300,COLD AGGLUTINATN TITER,5.0,3.75,both
san_ramon,,,5303043,250,COLESEVELAM 625MG TB,29.0,21.75,both
san_ramon,,,5303043,637,COLESEVELAM 625MG TB,29.0,21.75,both
san_ramon,,,5319491,250,COLISTIMETHA UPTO150MGIJ,611.0,458.25,both
san_ramon,,,5319491,636,COLISTIMETHA UPTO150MGIJ,611.0,458.25,both
san_ramon,82523,CPT,7252524,300,COLLAGEN CROSS LINKS/2,11.6,8.7,both
san_ramon,82523,CPT,7252527,300,COLLAGEN CROSS LINKS/3,65.0,48.75,both
san_ramon,82523,CPT,7258252,300,COLLAGEN CROSS LINKS/6,56.61,42.46,both
san_ramon,,,5334958,250,COLLAGENASE250U/GM30GMOI,2448.0,1836.0,both
san_ramon,,,5334958,637,COLLAGENASE250U/GM30GMOI,2448.0,1836.0,both
san_ramon,74280,CPT,4904280,320,COLON DBL CM STUDY INCLD GLUC,4081.0,3060.75,both
san_ramon,74270,CPT,4904270,320,COLON SNGL CM STUDY,4392.0,3294.0,both
san_ramon,,,5314380,250,COLONIC LAVAGE 1L PWLQ,901.0,675.75,both
san_ramon,,,5314380,637,COLONIC LAVAGE 1L PWLQ,901.0,675.75,both
san_ramon,,,5314381,250,COLONIC LAVAGE 4L PWLQ,564.0,423.0,both
san_ramon,,,5314381,637,COLONIC LAVAGE 4L PWLQ,564.0,423.0,both
san_ramon,,,4012818,278,COMP FEM COATD ATTUNE DEPUY CL,18286.0,13714.5,both
san_ramon,,,4013047,278,COMP FEM CTD TRIATH STRYKR CL,19103.0,14327.25,both
san_ramon,,,4013048,278,COMP FEM PATELLO FEM STRYK CL,20006.0,15004.5,both
san_ramon,,,4012810,278,COMP FEM UNCT FLX ATT DPY CL,16307.0,12230.25,both
san_ramon,,,4012963,278,COMP FEM UNCT GND PR VG ZM CL,20865.0,15648.75,both
san_ramon,,,4013050,278,COMP FEM UNCTD TRIATH STRY CL,15814.0,11860.5,both
san_ramon,,,4013277,278,COMP FEMOR UNCOATD MICROPRT CL,14241.0,10680.75,both
san_ramon,,,4012882,278,COMP KNEE FEM REVISION SN CL,43289.0,32466.75,both
san_ramon,80053,CPT,4100111,300,COMP METABOLIC PANEL,3263.0,2447.25,both
san_ramon,80053,CPT,4150111,300,COMP METABOLIC PANEL,1782.0,1336.5,both
san_ramon,86922,CPT,4106212,300,COMP TST EA UT AHG TECH,558.0,418.5,both
san_ramon,86922,CPT,4156212,300,COMP TST EA UT AHG TECH,554.0,415.5,both
san_ramon,86921,CPT,4106211,300,COMP TST EA UT INCUB TCH,589.0,441.75,both
san_ramon,86921,CPT,4156211,300,COMP TST EA UT INCUB TCH,665.0,498.75,both
san_ramon,86920,CPT,4106210,300,COMP TST EA UT SPIN TECH,918.0,688.5,both
san_ramon,86920,CPT,4156210,300,COMP TST EA UT SPIN TECH,1070.0,802.5,both
san_ramon,81265,CPT,7251266,310,COMPARATIVE ANL STR MRKR,95.0,71.25,both
san_ramon,86160,CPT,7256136,300,COMPLEMENT AG EA,8.55,6.41,both
san_ramon,86160,CPT,7256332,300,COMPLEMENT AG EA/10,2.85,2.14,both
san_ramon,86160,CPT,7256333,300,COMPLEMENT AG EA/11,2.85,2.14,both
san_ramon,86160,CPT,7256157,300,COMPLEMENT AG EA/3,9.57,7.18,both
san_ramon,86162,CPT,7256162,300,COMPLEMENT TOTAL CH50,4.0,3.0,both
san_ramon,86161,CPT,7258308,300,COMPLEMNT FUNCT ACTIV EA,19.34,14.51,both
san_ramon,,,4012808,278,COMPONENT FEM COAT DEPUY CL,16307.0,12230.25,both
san_ramon,,,8131549,278,COMPONENT FX PHALANGEAL,5819.0,4364.25,both
san_ramon,87015,CPT,7257018,300,CONCENTRATION INF AGENT/5,9.0,6.75,both
san_ramon,87015,CPT,7257212,300,CONCENTRATION INF AGENT/7,8.14,6.11,both
san_ramon,,,5303065,250,CONJ ESTROGEN .3MG TB,65.0,48.75,both
san_ramon,,,5303065,637,CONJ ESTROGEN .3MG TB,65.0,48.75,both
san_ramon,,,5303069,250,CONJ ESTROGEN .625MG TB,80.0,60.0,both
san_ramon,,,5303069,637,CONJ ESTROGEN .625MG TB,80.0,60.0,both
san_ramon,,,5334998,250,CONJUGAT ESTRGN 30GM VCR,2106.0,1579.5,both
san_ramon,,,5334998,637,CONJUGAT ESTRGN 30GM VCR,2106.0,1579.5,both
san_ramon,88332,CPT,4308332,310,CONSULT/FROZEN ADD,33.7,25.28,both
san_ramon,88332,CPT,7188332,310,CONSULT/FROZEN ADD,30.42,22.82,both
san_ramon,88331,CPT,4308331,310,CONSULT/FROZEN SEC,55.92,41.94,both
san_ramon,88331,CPT,7188331,310,CONSULT/FROZEN SEC,53.58,40.19,both
san_ramon,88329,CPT,4308329,310,CONSULT/SURGERY,508.0,381.0,both
san_ramon,94644,CPT,5504644,410,CONT AER MED OBSTR 1STHR,1838.0,1378.5,both
san_ramon,94645,CPT,5504645,410,CONT AER MED OBSTR ADDHR,1118.0,838.5,both
san_ramon,90945,CPT,5601100,801,CONT RENAL REPLACE THRPY,10920.0,8190.0,both
san_ramon,90945,CPT,5601100,821,CONT RENAL REPLACE THRPY,10920.0,8190.0,both
san_ramon,,,4616598,360,CONTRST EVAL EXISTNG CVD,2412.0,1809.0,both
san_ramon,,,4906598,360,CONTRST EVAL EXISTNG CVD,2412.0,1809.0,both
san_ramon,86880,CPT,4106031,300,COOMBS DIRECT EA,688.0,516.0,both
san_ramon,86880,CPT,4156031,300,COOMBS DIRECT EA,222.0,166.5,both
san_ramon,86880,CPT,7036033,300,COOMBS DIRECT EA,23.46,17.6,both
san_ramon,86880,CPT,4106036,300,COOMBS DIRECT EA/3,659.0,494.25,both
san_ramon,86886,CPT,7036027,300,COOMBS INDIRECT EA AB TITR,76.5,57.38,both
san_ramon,82525,CPT,7252525,300,COPPER/3,5.0,3.75,both
san_ramon,92921,CPT,4612921,480,COR ANGPLSTY ADD,17907.0,13430.25,both
san_ramon,92920,CPT,4612919,480,COR ANGPLSTY INIT,78095.0,58571.25,both
san_ramon,92934,CPT,4612934,480,COR ATHER STNT APLST ADD,22301.0,16725.75,both
san_ramon,92933,CPT,4612933,480,COR ATHER STNT APLST INI,150009.0,112506.75,both
san_ramon,92924,CPT,4612924,480,COR ATHERECT APLAS INIT,137032.0,102774.0,both
san_ramon,92929,CPT,4612929,480,COR STNT ANGIO ADD,21725.0,16293.75,both
san_ramon,92928,CPT,4612928,480,COR STNT ANGIO INIT,74242.0,55681.5,both
san_ramon,92975,CPT,4612975,480,COR THROMBLYS-INTRA COR,9824.0,7368.0,both
san_ramon,,,1990026,210,CORONARY CARE UNIT,35714.0,26785.5,both
san_ramon,,,2010026,210,CORONARY CARE UNIT,35714.0,26785.5,both
san_ramon,,,2150026,210,CORONARY CARE UNIT,35714.0,26785.5,both
san_ramon,,,2230026,210,CORONARY CARE UNIT,35714.0,26785.5,both
san_ramon,,,1990030,219,CORONARY CARE UNIT OTHER,43212.0,32409.0,both
san_ramon,,,2010030,219,CORONARY CARE UNIT OTHER,43212.0,32409.0,both
san_ramon,,,2150030,219,CORONARY CARE UNIT OTHER,43212.0,32409.0,both
san_ramon,92977,CPT,6102977,450,CORONARY THROMBLYSIS IV,2118.0,1588.5,both
san_ramon,82530,CPT,7252534,300,CORTISOL FREE/2,10.41,7.81,both
san_ramon,82533,CPT,7252533,300,CORTISOL TOTAL/4,2.28,1.71,both
san_ramon,,,5319575,250,CORTROSYN PER.25MG IJ,1681.0,1260.75,both
san_ramon,,,5319575,636,CORTROSYN PER.25MG IJ,1681.0,1260.75,both
san_ramon,,,5319589,250,COSYNTROPIN PER.25MG IJ,1129.0,846.75,both
san_ramon,,,5319589,636,COSYNTROPIN PER.25MG IJ,1129.0,846.75,both
san_ramon,,,4100372,300,COVID 19,389.0,291.75,both
san_ramon,,,4155241,300,COVID 19,389.0,291.75,both
san_ramon,,,7250043,300,COVID 19,51.31,38.48,both
san_ramon,,,7080012,300,COVID 19 CDC,0.01,0.01,both
san_ramon,,,4013436,278,CP ACE CTD DUAL MOB MEDACTA CL,11274.0,8455.5,both
san_ramon,94660,CPT,5500600,410,CPAP INITIAL,3536.0,2652.0,both
san_ramon,94660,CPT,5504661,410,CPAP MANAGEMENT DLY,3536.0,2652.0,both
san_ramon,94660,CPT,5500596,410,CPAP NEONATAL INITAL,4420.0,3315.0,both
san_ramon,94660,CPT,5500599,410,CPAP NEONATAL SUBSEQ,3854.0,2890.5,both
san_ramon,92950,CPT,5500200,480,CPR,3489.0,2616.75,both
san_ramon,92950,CPT,6100535,450,CPR CARDIOPULM RESUSC,3835.0,2876.25,both
san_ramon,82552,CPT,7252552,300,CREATINE KINASE ISONZ,3.64,2.73,both
san_ramon,82550,CPT,4102550,300,CREATINE KINASE TOTAL,1117.0,837.75,both
san_ramon,82550,CPT,4152550,300,CREATINE KINASE TOTAL,811.0,608.25,both
san_ramon,82550,CPT,7252550,300,CREATINE KINASE TOTAL,2.0,1.5,both
san_ramon,82565,CPT,4152565,300,CREATININE BLOOD,147.0,110.25,both
san_ramon,82565,CPT,4102565,300,CREATININE BLOOD/2,263.0,197.25,both
san_ramon,82575,CPT,4102575,300,CREATININE CLEARANCE,1898.0,1423.5,both
san_ramon,82575,CPT,4152575,300,CREATININE CLEARANCE,831.0,623.25,both
san_ramon,82570,CPT,4102570,300,CREATININE OTHR SRCE,887.0,665.25,both
san_ramon,82570,CPT,4152570,300,CREATININE OTHR SRCE,391.0,293.25,both
san_ramon,82570,CPT,7252570,300,CREATININE OTHR SRCE/2,2.0,1.5,both
san_ramon,82570,CPT,7252571,300,CREATININE OTHR SRCE/3,4.69,3.52,both
san_ramon,82570,CPT,7252574,300,CREATININE OTHR SRCE/5,4.69,3.52,both
san_ramon,99291,CPT,6100514,450,CRIT CARE E&M 30-74 MIN,12291.0,9218.25,both
san_ramon,99292,CPT,6103055,450,CRITICAL CR E&M ADDL 30,6828.0,5121.0,both
san_ramon,86141,CPT,4106140,300,CRP HI SENSITIVITY,1056.0,792.0,both
san_ramon,86141,CPT,4156140,300,CRP HI SENSITIVITY,301.0,225.75,both
san_ramon,82595,CPT,7252596,300,CRYOCRIT QUAL/SEMI QNT/2,2.85,2.14,both
san_ramon,82595,CPT,7252652,300,CRYOCRIT QUAL/SEMI QNT/3,4.7,3.53,both
san_ramon,82585,CPT,7252585,300,CRYOFIBRINOGEN,1.88,1.41,both
san_ramon,86641,CPT,7256173,300,CRYPTOCOCCIS AB,18.73,14.05,both
san_ramon,87272,CPT,4157178,300,CRYPTOSPORIDIUM DFA,510.0,382.5,both
san_ramon,89060,CPT,4109363,300,CRYST ID BODY FLD EX URN,1010.0,757.5,both
san_ramon,89060,CPT,4159363,300,CRYST ID BODY FLD EX URN,500.0,375.0,both
san_ramon,78650,CPT,5208650,341,CSF LEAK DETECTION,7896.0,5922.0,both
san_ramon,,,5192633,278,CSIUM131 NOSTRND EA SOUR,521.0,390.75,both
san_ramon,74177,CPT,5054177,350,CT ABD & PELVIS W/CM,18838.0,14128.5,both
san_ramon,74176,CPT,5054179,350,CT ABD & PELVIS W/O CM,20805.0,15603.75,both
san_ramon,74178,CPT,5054178,350,CT ABD & PELVIS WO/W CM,21222.0,15916.5,both
san_ramon,76380,CPT,5056382,350,CT ABDOMEN W CM LTD,6976.0,5232.0,both
san_ramon,74160,CPT,5054160,350,CT ABDOMEN W/ CM,11210.0,8407.5,both
san_ramon,74150,CPT,5054150,350,CT ABDOMEN W/O CM,10027.0,7520.25,both
san_ramon,76380,CPT,5054140,350,CT ABDOMEN W/O CM LTD,6343.0,4757.25,both
san_ramon,74170,CPT,5054170,350,CT ABDOMEN WO/W CM,14466.0,10849.5,both
san_ramon,75571,CPT,5056500,350,CT CARD SCORING WO CONT,885.0,663.75,both
san_ramon,42T,CPT,5050042,350,CT CEREBRAL PERF W CONT,2206.0,1654.5,both
san_ramon,76380,CPT,5053703,350,CT EXTREMITY LTD,3911.0,2933.25,both
san_ramon,77012,CPT,5056361,350,CT GUIDANCE NDL PLACEMNT,10324.0,7743.0,both
san_ramon,70460,CPT,5050460,350,CT HEAD/BRAIN W CONTRAST,12051.0,9038.25,both
san_ramon,70450,CPT,5050450,350,CT HEAD/BRAIN WO CONTRST,12591.0,9443.25,both
san_ramon,70470,CPT,5050470,350,CT HEAD/BRAIN WO/W CONTR,18614.0,13960.5,both
san_ramon,73701,CPT,5053701,350,CT LOWER EXTRMTY W/ CM,12504.0,9378.0,both
san_ramon,73700,CPT,5053700,350,CT LOWER EXTRMTY W/O CM,10597.0,7947.75,both
san_ramon,73702,CPT,5053702,350,CT LOWER EXTRMTY WO/W CM,17682.0,13261.5,both
san_ramon,76380,CPT,5056505,350,CT LTD OR LOC F/U STUDY,4323.0,3242.25,both
san_ramon,71271,CPT,5051275,350,CT LUNG SCREENING,804.0,603.0,both
san_ramon,70487,CPT,5050487,350,CT MAXILLOFACIAL W/CM,13326.0,9994.5,both
san_ramon,70486,CPT,5050486,350,CT MAXILLOFACIAL W/O CM,14415.0,10811.25,both
san_ramon,70488,CPT,5050488,350,CT MAXILLOFACIAL WO/W CM,14534.0,10900.5,both
san_ramon,70481,CPT,5050524,350,CT ORB/EAR/FOSSA W/CM,15464.0,11598.0,both
san_ramon,70480,CPT,5050520,350,CT ORB/EAR/FOSSA W/O CM,12841.0,9630.75,both
san_ramon,70482,CPT,5050528,350,CT ORB/EAR/FOSSA WO/W CM,21157.0,15867.75,both
san_ramon,72192,CPT,5052192,350,CT PELVIS W/O CONTRAST,13559.0,10169.25,both
san_ramon,72193,CPT,5052193,350,CT PELVIS WITH CONTRAST,15041.0,11280.75,both
san_ramon,72194,CPT,5052194,350,CT PELVIS WO/W CM,19807.0,14855.25,both
san_ramon,70492,CPT,5050492,350,CT SFT TISS NECK WO/W CM,16663.0,12497.25,both
san_ramon,76380,CPT,5050206,350,CT SINUS W/O CM LTD,6976.0,5232.0,both
san_ramon,70486,CPT,5050202,350,CT SINUS W/O CONTRAST,14415.0,10811.25,both
san_ramon,70487,CPT,5050200,350,CT SINUS WITH CONTRAST,18025.0,13518.75,both
san_ramon,70491,CPT,5050491,350,CT SOFT TISS NECK W CM,11719.0,8789.25,both
san_ramon,70490,CPT,5050490,350,CT SOFT TISS NECK WO CM,10727.0,8045.25,both
san_ramon,76380,CPT,5052141,350,CT SP W/O CM LTD,6976.0,5232.0,both
san_ramon,72126,CPT,5052126,350,CT SPINE CERVICAL W/CM,15274.0,11455.5,both
san_ramon,72125,CPT,5052125,350,CT SPINE CERVICAL W/O CM,14191.0,10643.25,both
san_ramon,72127,CPT,5052127,350,CT SPINE CERVICL WO/W CM,22991.0,17243.25,both
san_ramon,72132,CPT,5052132,350,CT SPINE LUMBAR W/CM,18205.0,13653.75,both
san_ramon,72131,CPT,5052131,350,CT SPINE LUMBAR W/O CM,19235.0,14426.25,both
san_ramon,72133,CPT,5052133,350,CT SPINE LUMBAR WO/W CM,25495.0,19121.25,both
san_ramon,72129,CPT,5052129,350,CT SPINE THORACIC W/CM,11462.0,8596.5,both
san_ramon,72128,CPT,5052128,350,CT SPINE THORACIC W/O CM,10176.0,7632.0,both
san_ramon,71250,CPT,5051250,350,CT THORAX W/O CONTRAST,14941.0,11205.75,both
san_ramon,71260,CPT,5051260,350,CT THORAX WITH CONTRAST,13269.0,9951.75,both
san_ramon,71270,CPT,5051270,350,CT THORAX WO/W CONTRAST,20253.0,15189.75,both
san_ramon,73201,CPT,5053201,350,CT UPPER EXTRMTY W/ CM,9677.0,7257.75,both
san_ramon,73200,CPT,5053200,350,CT UPPER EXTRMTY W/O CM,7117.0,5337.75,both
san_ramon,73202,CPT,5053202,350,CT UPPER EXTRMTY WO/W CM,10552.0,7914.0,both
san_ramon,75635,CPT,5050496,350,CTA ABD LE RO WO/W CONT,15430.0,11572.5,both
san_ramon,74175,CPT,5054175,350,CTA ABD W CONTRAST ONLY,11892.0,8919.0,both
san_ramon,74174,CPT,5054174,350,CTA ABD/PEL WO/W CM,12064.0,9048.0,both
san_ramon,74175,CPT,5050498,350,CTA ABDOMEN WO/W CM,13142.0,9856.5,both
san_ramon,71275,CPT,5051274,350,CTA CHEST (NONCOR) W CM,18711.0,14033.25,both
san_ramon,71275,CPT,5050461,350,CTA CHEST (NONCOR) WO/W,21640.0,16230.0,both
san_ramon,70496,CPT,5050497,350,CTA HEAD W CONTRAST ONLY,15808.0,11856.0,both
san_ramon,70496,CPT,5050500,350,CTA HEAD WO/W CONTRAST,15808.0,11856.0,both
san_ramon,73706,CPT,5053706,350,CTA LOW EXT W CNTRST ONL,11891.0,8918.25,both
san_ramon,73706,CPT,5050510,350,CTA LOWR EXTRMTY WO/W CM,15512.0,11634.0,both
san_ramon,70498,CPT,5050499,350,CTA NECK W CONTRAST ONLY,17679.0,13259.25,both
san_ramon,70498,CPT,5050502,350,CTA NECK WO/W CONTRAST,17679.0,13259.25,both
san_ramon,72191,CPT,5050504,350,CTA PELVIS WO/W CONTRAST,19487.0,14615.25,both
san_ramon,72191,CPT,5052196,350,CTA PELVS W CONTRST ONLY,16499.0,12374.25,both
san_ramon,73206,CPT,5053206,350,CTA UP EXT W CONTRST ONL,8111.0,6083.25,both
san_ramon,73206,CPT,5050508,350,CTA UP EXTREMITY WO/W CM,9799.0,7349.25,both
san_ramon,87150,CPT,7257150,300,CULT AMPLIFIED PROBE EA,20.36,15.27,both
san_ramon,87075,CPT,4107075,300,CULT ANAEROBIC ANY EX BLD/2,517.0,387.75,both
san_ramon,87075,CPT,4157075,300,CULT ANAEROBIC ANY EX BLD/2,460.0,345.0,both
san_ramon,87149,CPT,4107149,300,CULT DIR PRB EA ORGANISM,682.0,511.5,both
san_ramon,87149,CPT,4157149,300,CULT DIR PRB EA ORGANISM,682.0,511.5,both
san_ramon,87149,CPT,7257149,300,CULT DIR PRB EA ORGANISM/2,50.0,37.5,both
san_ramon,87107,CPT,7257111,300,CULT FUNGI ID MOLD EA,51.0,38.25,both
san_ramon,87106,CPT,4107106,300,CULT FUNGI ID YEAST EA,288.0,216.0,both
san_ramon,87106,CPT,4157106,300,CULT FUNGI ID YEAST EA,288.0,216.0,both
san_ramon,87153,CPT,7258716,300,CULT ID SEQUENCING EA/2,65.0,48.75,both
san_ramon,87107,CPT,7250542,300,CULT MOLD MALDI DEF ID EA,65.0,48.75,both
san_ramon,87118,CPT,7257119,300,CULT MYCOBACTERIAL EA ISOL,65.0,48.75,both
san_ramon,87046,CPT,7257047,300,CULT STOOL ADD PATH EA/2,8.99,6.74,both
san_ramon,87046,CPT,4157047,300,CULT STOOL ADD PATH EA/3,1037.0,777.75,both
san_ramon,87046,CPT,7257057,300,CULT STOOL ADD PATH EA/3,5.5,4.13,both
san_ramon,87046,CPT,4107057,300,CULT STOOL ADD PATH EA/4,710.0,532.5,both
san_ramon,87077,CPT,4108707,300,CULTURE AEROBIC DEF ID,408.0,306.0,both
san_ramon,87077,CPT,4158707,300,CULTURE AEROBIC DEF ID,425.0,318.75,both
san_ramon,87077,CPT,7257074,300,CULTURE AEROBIC DEF ID/2,65.0,48.75,both
san_ramon,87077,CPT,7258707,300,CULTURE AEROBIC DEF ID/3,12.22,9.17,both
san_ramon,87116,CPT,4107116,300,CULTURE AFB,1861.0,1395.75,both
san_ramon,87116,CPT,4157116,300,CULTURE AFB,723.0,542.25,both
san_ramon,87116,CPT,4177116,300,CULTURE AFB,10.8,8.1,both
san_ramon,87116,CPT,7257116,300,CULTURE AFB,10.75,8.06,both
san_ramon,87116,CPT,4107134,300,CULTURE AFB/2,1478.0,1108.5,both
san_ramon,87076,CPT,7257013,300,CULTURE ANAEROBIC DEF ID,24.44,18.33,both
san_ramon,87076,CPT,4157097,300,CULTURE ANAEROBIC DEF ID/2,547.0,410.25,both
san_ramon,87076,CPT,7257076,300,CULTURE ANAEROBIC DEF ID/2,65.0,48.75,both
san_ramon,87076,CPT,4107097,300,CULTURE ANAEROBIC DEF ID/3,261.0,195.75,both
san_ramon,87070,CPT,7257024,300,CULTURE BACT OTH SOURCE,9.93,7.45,both
san_ramon,87070,CPT,4107065,300,CULTURE BACT OTH SOURCE/11,1766.0,1324.5,both
san_ramon,87070,CPT,4157067,300,CULTURE BACT OTH SOURCE/11,658.0,493.5,both
san_ramon,87070,CPT,4157068,300,CULTURE BACT OTH SOURCE/12,695.0,521.25,both
san_ramon,87070,CPT,4107067,300,CULTURE BACT OTH SOURCE/13,2075.0,1556.25,both
san_ramon,87070,CPT,4157069,300,CULTURE BACT OTH SOURCE/13,727.0,545.25,both
san_ramon,87070,CPT,4107068,300,CULTURE BACT OTH SOURCE/14,1984.0,1488.0,both
san_ramon,87070,CPT,4157070,300,CULTURE BACT OTH SOURCE/14,706.0,529.5,both
san_ramon,87070,CPT,4107069,300,CULTURE BACT OTH SOURCE/15,1766.0,1324.5,both
san_ramon,87070,CPT,4107070,300,CULTURE BACT OTH SOURCE/16,1766.0,1324.5,both
san_ramon,87070,CPT,4157073,300,CULTURE BACT OTH SOURCE/16,695.0,521.25,both
san_ramon,87070,CPT,4157074,300,CULTURE BACT OTH SOURCE/17,695.0,521.25,both
san_ramon,87070,CPT,4107073,300,CULTURE BACT OTH SOURCE/18,2281.0,1710.75,both
san_ramon,87070,CPT,4157078,300,CULTURE BACT OTH SOURCE/18,1152.0,864.0,both
san_ramon,87070,CPT,4107022,300,CULTURE BACT OTH SOURCE/2,1984.0,1488.0,both
san_ramon,87070,CPT,4157022,300,CULTURE BACT OTH SOURCE/2,922.0,691.5,both
san_ramon,87070,CPT,4107078,300,CULTURE BACT OTH SOURCE/20,1766.0,1324.5,both
san_ramon,87070,CPT,4157087,300,CULTURE BACT OTH SOURCE/22,554.0,415.5,both
san_ramon,87070,CPT,4157133,300,CULTURE BACT OTH SOURCE/24,1177.0,882.75,both
san_ramon,87070,CPT,4107133,300,CULTURE BACT OTH SOURCE/25,1766.0,1324.5,both
san_ramon,87070,CPT,4157064,300,CULTURE BACT OTH SOURCE/8,737.0,552.75,both
san_ramon,87070,CPT,4107056,300,CULTURE BACT OTH SOURCE/9,950.0,712.5,both
san_ramon,87070,CPT,4157065,300,CULTURE BACT OTH SOURCE/9,695.0,521.25,both
san_ramon,87081,CPT,4107039,300,CULTURE BACTERIAL SCREEN,1106.0,829.5,both
san_ramon,87081,CPT,4157039,300,CULTURE BACTERIAL SCREEN,779.0,584.25,both
san_ramon,87081,CPT,7257081,300,CULTURE BACTERIAL SCREEN/2,39.0,29.25,both
san_ramon,87081,CPT,4107160,300,CULTURE BACTERIAL SCREEN/7,1324.0,993.0,both
san_ramon,87081,CPT,4157160,300,CULTURE BACTERIAL SCREEN/8,712.0,534.0,both
san_ramon,87040,CPT,4107040,300,CULTURE BLOOD,2863.0,2147.25,both
san_ramon,87040,CPT,4157040,300,CULTURE BLOOD,1574.0,1180.5,both
san_ramon,87110,CPT,7257110,300,CULTURE CHLAMYDIA,10.0,7.5,both
san_ramon,87103,CPT,4107103,300,CULTURE FUNGI BLOOD,1546.0,1159.5,both
san_ramon,87102,CPT,4107102,300,CULTURE FUNGI OTHER,1282.0,961.5,both
san_ramon,87102,CPT,4157102,300,CULTURE FUNGI OTHER,518.0,388.5,both
san_ramon,87045,CPT,4107055,300,CULTURE STOOL,2070.0,1552.5,both
san_ramon,87045,CPT,4157055,300,CULTURE STOOL,1470.0,1102.5,both
san_ramon,87140,CPT,7257140,300,CULTURE TYPNG FLUORO EA,10.0,7.5,both
san_ramon,87158,CPT,7257158,300,CULTURE TYPNG OTHER MTHD,65.0,48.75,both
san_ramon,87147,CPT,4157147,300,CULTURE TYPNG SEROLOGIC,102.0,76.5,both
san_ramon,87147,CPT,4107147,300,CULTURE TYPNG SEROLOGIC/3,102.0,76.5,both
san_ramon,87086,CPT,4107086,300,CULTURE URINE COLONY CT,2130.0,1597.5,both
san_ramon,87086,CPT,4157086,300,CULTURE URINE COLONY CT,1032.0,774.0,both
san_ramon,,,4012803,278,CUP ACE BMNTM PRSFT PLS DPY CL,10873.0,8154.75,both
san_ramon,,,4012801,278,CUP ACETAB GRIPTN COAT DPY CL,8897.0,6672.75,both
san_ramon,,,4012875,278,CUP ACETABULAR CUP R3 SN CL,8543.0,6407.25,both
san_ramon,,,4012944,278,CUP ACETABULR COATD ZIMMER CL,10456.0,7842.0,both
san_ramon,,,4012947,278,CUP ACETABULR REGENERX ZIM CL,12051.0,9038.25,both
san_ramon,,,4013115,278,CUP ACETABULR TRITAN STRYK CL,10612.0,7959.0,both
san_ramon,,,4012802,278,CUP ACETABULR UNCOAT DEPUY CL,8897.0,6672.75,both
san_ramon,,,4012945,278,CUP ACTB OSSEOT LMT HLE ZIM CL,18587.0,13940.25,both
san_ramon,,,4012902,278,CUP HIP RESURF ACET BHR SN CL,21836.0,16377.0,both
san_ramon,,,4012873,278,CUP HIP REVISION SN CL,18510.0,13882.5,both
san_ramon,,,4013034,278,CUP HUMERAL STRYKER CL,9551.0,7163.25,both
san_ramon,,,8056936,278,CV CATH OH IABP,8167.0,6125.25,both
san_ramon,,,5319674,250,CYANOCOBALAMN UPTO1MG IJ,425.0,318.75,both
san_ramon,,,5319674,636,CYANOCOBALAMN UPTO1MG IJ,425.0,318.75,both
san_ramon,82607,CPT,4102611,300,CYANOCOBLMN(VIT B12),1686.0,1264.5,both
san_ramon,82607,CPT,4152611,300,CYANOCOBLMN(VIT B12),958.0,718.5,both
san_ramon,82607,CPT,7252611,300,CYANOCOBLMN(VIT B12),2.85,2.14,both
san_ramon,86200,CPT,7253596,300,CYC CITRULLINATED PEP AB,10.12,7.59,both
san_ramon,,,5303254,250,CYCLOBENZAPRINE 10MG TB,95.0,71.25,both
san_ramon,,,5303254,637,CYCLOBENZAPRINE 10MG TB,95.0,71.25,both
san_ramon,,,5303253,250,CYCLOBENZAPRINE 5MG TB,32.0,24.0,both
san_ramon,,,5303253,637,CYCLOBENZAPRINE 5MG TB,32.0,24.0,both
san_ramon,,,5330590,250,CYCLOPENTOLATE 1% 2ML OS,77.0,57.75,both
san_ramon,,,5330598,250,CYCLOPENTOLATE 1%15ML OS,277.0,207.75,both
san_ramon,,,5330597,250,CYCLOPENTOLATE 1%5ML OS,601.0,450.75,both
san_ramon,,,5303278,250,CYCLOPHOSPHAMIDE 25MG CP,180.0,135.0,both
san_ramon,,,5303278,637,CYCLOPHOSPHAMIDE 25MG CP,180.0,135.0,both
san_ramon,,,5303282,250,CYCLOPHOSPHAMIDE 50MG CP,112.0,84.0,both
san_ramon,,,5303282,637,CYCLOPHOSPHAMIDE 50MG CP,112.0,84.0,both
san_ramon,,,5303286,250,CYCLOSPORIN 25MG CP,74.0,55.5,both
san_ramon,,,5303286,637,CYCLOSPORIN 25MG CP,74.0,55.5,both
san_ramon,,,5303288,250,CYCLOSPORIN 50MG CP,33.0,24.75,both
san_ramon,,,5303288,637,CYCLOSPORIN 50MG CP,33.0,24.75,both
san_ramon,,,5303289,250,CYCLOSPORINE 25MG GEL CP,45.0,33.75,both
san_ramon,,,5303289,637,CYCLOSPORINE 25MG GEL CP,45.0,33.75,both
san_ramon,,,5330610,250,CYCLOSPORINE.05% .4ML OS,118.0,88.5,both
san_ramon,,,5330610,637,CYCLOSPORINE.05% .4ML OS,118.0,88.5,both
san_ramon,80158,CPT,7252613,300,CYCLOSPORINE/2,12.14,9.11,both
san_ramon,,,5314875,250,CYCLOSPORINE100MG/1ML LQ,259.0,194.25,both
san_ramon,,,5314875,637,CYCLOSPORINE100MG/1ML LQ,259.0,194.25,both
san_ramon,82610,CPT,7258261,300,CYSTATIN C,10.0,7.5,both
san_ramon,74430,CPT,4904434,320,CYSTOGRAPHY 3VW MIN,3911.0,2933.25,both
san_ramon,,,5319680,250,CYTARABINE 100MG IJ,114.0,85.5,both
san_ramon,,,5319680,636,CYTARABINE 100MG IJ,114.0,85.5,both
san_ramon,,,5319727,250,CYTARABINE LIP PER10MGIJ,9466.0,7099.5,both
san_ramon,,,5319727,636,CYTARABINE LIP PER10MGIJ,9466.0,7099.5,both
san_ramon,88333,CPT,4308166,310,CYTO CONSLT INITIAL SITE,43.22,32.42,both
san_ramon,88333,CPT,7188166,310,CYTO CONSLT INITIAL SITE,42.89,32.17,both
san_ramon,88334,CPT,4308168,310,CYTO CONSULT EA ADD SITE,26.3,19.73,both
san_ramon,88334,CPT,7188168,310,CYTO CONSULT EA ADD SITE,24.49,18.37,both
san_ramon,88172,CPT,4308175,310,CYTO FNA 1ST EVAL,29.16,21.87,both
san_ramon,88172,CPT,7180018,310,CYTO FNA 1ST EVAL,25.08,18.81,both
san_ramon,88177,CPT,4308177,310,CYTO FNA ADD EVAL,11.34,8.51,both
san_ramon,88173,CPT,4308173,310,CYTO FNA INTRP/REPORT,135.1,101.33,both
san_ramon,88173,CPT,7180019,310,CYTO FNA INTRP/REPORT,108.49,81.37,both
san_ramon,88161,CPT,4308140,310,CYTO SMEAR PREP,76.92,57.69,both
san_ramon,88162,CPT,4303456,310,CYTO SMR & 5SLDS/MULT STN,122.41,91.81,both
san_ramon,88120,CPT,7270059,310,CYTO UA 3/5 PRB EA SPEC,410.0,307.5,both
san_ramon,88291,CPT,7270077,310,CYTO/MOLECULAR REPORT,32.0,24.0,both
san_ramon,81229,CPT,7251229,310,CYTOGEN VARIANT CHROME,890.0,667.5,both
san_ramon,81229,CPT,7251232,310,CYTOGEN VARIANT CHROME/3,890.0,667.5,both
san_ramon,86645,CPT,7256645,300,CYTOMEGALOVIRUS AB IGM,4.28,3.21,both
san_ramon,86644,CPT,7259425,300,CYTOMEGALOVIRUS AB/4,15.75,11.81,both
san_ramon,87496,CPT,7257500,300,CYTOMEGALOVIRUS AMP PRB,52.0,39.0,both
san_ramon,87496,CPT,7257498,300,CYTOMEGALOVIRUS AMPL PRB/2,50.0,37.5,both
san_ramon,88108,CPT,4308108,310,CYTOPATH CONL SMR W/INT,63.63,47.72,both
san_ramon,88160,CPT,4308160,310,CYTOPATH OTHER SOURCE,74.2,55.65,both
san_ramon,88160,CPT,7180014,310,CYTOPATH OTHER SOURCE,58.47,43.85,both
san_ramon,88104,CPT,4308104,310,CYTOPATH WASH/BRUSH/SM,66.04,49.53,both
san_ramon,88104,CPT,7188104,310,CYTOPATH WASH/BRUSH/SM,50.46,37.85,both
san_ramon,88112,CPT,4308112,310,CYTOPTH CELL ENHANCE TEC,55.92,41.94,both
san_ramon,88112,CPT,7180013,310,CYTOPTH CELL ENHANCE TEC,50.46,37.85,both
san_ramon,,,5412440,258,D10W 1000ML TPN,1129.0,846.75,both
san_ramon,,,5412430,258,D10W 250ML TPN,1099.0,824.25,both
san_ramon,,,5412435,258,D10W 500ML TPN,1608.0,1206.0,both
san_ramon,,,5412360,250,D5 100ML IVF,555.0,416.25,both
san_ramon,,,5412360,636,D5 100ML IVF,555.0,416.25,both
san_ramon,,,5412365,250,D5 150ML IVF,530.0,397.5,both
san_ramon,,,5412365,636,D5 150ML IVF,530.0,397.5,both
san_ramon,,,5412370,250,D5 250ML IVF,555.0,416.25,both
san_ramon,,,5412370,636,D5 250ML IVF,555.0,416.25,both
san_ramon,,,5412375,250,D5 500ML IVF,974.0,730.5,both
san_ramon,,,5412375,636,D5 500ML IVF,974.0,730.5,both
san_ramon,,,5412355,250,D5 50ML IVF,841.0,630.75,both
san_ramon,,,5412355,636,D5 50ML IVF,841.0,630.75,both
san_ramon,,,5412170,250,D5 L RINGERS 1000ML IVF,1250.0,937.5,both
san_ramon,,,5412170,636,D5 L RINGERS 1000ML IVF,1250.0,937.5,both
san_ramon,,,5412215,258,D5 NACL 0.2 1000ML IVF,1268.0,951.0,both
san_ramon,,,5412250,258,D5 NACL 0.33 500ML IVF,156.0,117.0,both
san_ramon,,,5412290,258,D5 NACL 0.45 1000ML IVF,1017.0,762.75,both
san_ramon,,,5412280,258,D5 NACL 0.45 250ML IVF,523.0,392.25,both
san_ramon,,,5412285,258,D5 NACL 0.45 500ML IVF,1268.0,951.0,both
san_ramon,,,5412335,250,D5 NACL 0.9 1000ML IVF,974.0,730.5,both
san_ramon,,,5412335,636,D5 NACL 0.9 1000ML IVF,974.0,730.5,both
san_ramon,,,5412330,250,D5 NACL 0.9 500ML IVF,844.0,633.0,both
san_ramon,,,5412330,636,D5 NACL 0.9 500ML IVF,844.0,633.0,both
san_ramon,,,5412230,258,D5 NACL.2 KCL20 1L IVF,47.0,35.25,both
san_ramon,,,5412300,258,D5 NACL.45 KCL10 1L IVF,1017.0,762.75,both
san_ramon,,,5412310,258,D5 NACL.45 KCL20 1L IVF,1129.0,846.75,both
san_ramon,,,5412320,258,D5 NACL.45 KCL40 1L IVF,161.0,120.75,both
san_ramon,,,5412340,258,D5 NACL.9 KCL20 1L IVF,116.0,87.0,both
san_ramon,,,5412345,258,D5 NACL.9 KCL40 1L IVF,143.0,107.25,both
san_ramon,,,5412380,250,D5W 1000ML IVF,974.0,730.5,both
san_ramon,,,5412380,636,D5W 1000ML IVF,974.0,730.5,both
san_ramon,,,5412395,258,D5W KCL 20 1000ML IVF,167.0,125.25,both
san_ramon,,,5413425,258,D70W 2000ML TPN,150.0,112.5,both
san_ramon,,,5303321,250,DABIGATRAN 110MG CAP,120.0,90.0,both
san_ramon,,,5303321,637,DABIGATRAN 110MG CAP,120.0,90.0,both
san_ramon,,,5303320,250,DABIGATRAN 150MG CP,80.0,60.0,both
san_ramon,,,5303320,637,DABIGATRAN 150MG CP,80.0,60.0,both
san_ramon,,,5303319,250,DABIGATRAN 75MG CP,80.0,60.0,both
san_ramon,,,5303319,637,DABIGATRAN 75MG CP,80.0,60.0,both
san_ramon,,,5303430,250,DAPAGLIFLOZIN 5MG TB,156.0,117.0,both
san_ramon,,,5303430,637,DAPAGLIFLOZIN 5MG TB,156.0,117.0,both
san_ramon,,,5303443,250,DAPSONE 100MG TB,77.0,57.75,both
san_ramon,,,5303443,637,DAPSONE 100MG TB,77.0,57.75,both
san_ramon,,,5319759,250,DAPTOMYCIN PER 1MG IJ,4.0,3.0,both
san_ramon,,,5319759,636,DAPTOMYCIN PER 1MG IJ,4.0,3.0,both
san_ramon,,,5319769,250,DARATU/HYALUR PER 10MG SQIJ,608.0,456.0,both
san_ramon,,,5319769,636,DARATU/HYALUR PER 10MG SQIJ,608.0,456.0,both
san_ramon,,,6900040,360,DEBRID SUBQ 1ST 20 SQ CM OR <,2643.0,1982.25,both
san_ramon,,,6900040,361,DEBRID SUBQ 1ST 20 SQ CM OR <,2643.0,1982.25,both
san_ramon,,,6900044,360,DEBRIDE BONE 20SQ CM/<,10040.0,7530.0,both
san_ramon,,,6900044,361,DEBRIDE BONE 20SQ CM/<,10040.0,7530.0,both
san_ramon,,,6900045,360,DEBRIDE BONE EA ADD 20SQ,5019.0,3764.25,both
san_ramon,,,6900045,361,DEBRIDE BONE EA ADD 20SQ,5019.0,3764.25,both
san_ramon,,,6900042,360,DEBRIDE MSCL/FSCA 20SQCM,3447.0,2585.25,both
san_ramon,,,6900042,361,DEBRIDE MSCL/FSCA 20SQCM,3447.0,2585.25,both
san_ramon,,,6900043,360,DEBRIDE MSCL/FSCA EA ADD,1723.0,1292.25,both
san_ramon,,,6900043,361,DEBRIDE MSCL/FSCA EA ADD,1723.0,1292.25,both
san_ramon,,,6900036,360,DEBRIDE NAIL 1-5,727.0,545.25,both
san_ramon,,,6900036,361,DEBRIDE NAIL 1-5,727.0,545.25,both
san_ramon,,,6900041,360,DEBRIDE SUBQ EA ADD 20SQ,1322.0,991.5,both
san_ramon,,,6900041,361,DEBRIDE SUBQ EA ADD 20SQ,1322.0,991.5,both
san_ramon,88311,CPT,4308311,310,DECALCIFICATION,11.48,8.61,both
san_ramon,88311,CPT,7188311,310,DECALCIFICATION,10.84,8.13,both
san_ramon,,,5319794,250,DEFEROXAMINE PER500MG IJ,697.0,522.75,both
san_ramon,,,5319794,636,DEFEROXAMINE PER500MG IJ,697.0,522.75,both
san_ramon,82627,CPT,7252631,300,DEHYDROEPIANDRST SULFATE,5.0,3.75,both
san_ramon,82626,CPT,7252632,300,DEHYDROEPIANDRSTRONE,4.89,3.67,both
san_ramon,,,3101212,722,DELIVERY COMPLEX,12393.0,9294.75,both
san_ramon,,,3101210,722,DELIVERY SIMPLE,12945.0,9708.75,both
san_ramon,86790,CPT,7256717,300,DENGUE FEVER AB,27.75,20.81,both
san_ramon,86790,CPT,7256720,300,DENGUE FEVER AB/2,25.75,19.31,both
san_ramon,,,5319802,250,DENOSUMAB PER 1MG IJ,209.0,156.75,both
san_ramon,,,5319802,636,DENOSUMAB PER 1MG IJ,209.0,156.75,both
san_ramon,,,4028008,250,DERMACELL PER SQ CM,565.0,423.75,both
san_ramon,,,4028008,636,DERMACELL PER SQ CM,565.0,423.75,both
san_ramon,,,5330641,250,DESMOPRESSIN .01%5ML SP,1913.0,1434.75,both
san_ramon,,,5330641,637,DESMOPRESSIN .01%5ML SP,1913.0,1434.75,both
san_ramon,,,5319819,250,DESMOPRESSIN PER 1MCG IJ,141.0,105.75,both
san_ramon,,,5319819,636,DESMOPRESSIN PER 1MCG IJ,141.0,105.75,both
san_ramon,,,5335069,250,DESONIDE .05% 15GM CR,613.0,459.75,both
san_ramon,,,5335069,637,DESONIDE .05% 15GM CR,613.0,459.75,both
san_ramon,,,5303590,250,DESVENLAFAXINE 50MG XRTB,85.0,63.75,both
san_ramon,,,5303590,637,DESVENLAFAXINE 50MG XRTB,85.0,63.75,both
san_ramon,,,8240133,278,DEV CLOSR VASC IMP/INSRT,1707.0,1280.25,both
san_ramon,,,8240135,278,DEV REP URINARY W/SLING,7811.0,5858.25,both
san_ramon,77081,CPT,3076076,320,DEXA APPENDICULAR SKELTN,1085.0,813.75,both
san_ramon,77081,CPT,4906077,320,DEXA APPENDICULAR SKELTN,1018.0,763.5,both
san_ramon,77080,CPT,3070048,320,DEXA AXIAL SKELETON,2287.0,1715.25,both
san_ramon,77080,CPT,4906050,320,DEXA AXIAL SKELETON,2663.0,1997.25,both
san_ramon,77086,CPT,3077607,320,DEXA VERT FX ASSESSMENT,679.0,509.25,both
san_ramon,,,5330722,250,DEXAMETH/NEO/POLY 5ML OS,202.0,151.5,both
san_ramon,,,5330722,637,DEXAMETH/NEO/POLY 5ML OS,202.0,151.5,both
san_ramon,,,5330751,250,DEXAMETH/NEO/POLY3.5GMOO,742.0,556.5,both
san_ramon,,,5330751,637,DEXAMETH/NEO/POLY3.5GMOO,742.0,556.5,both
san_ramon,,,5303610,250,DEXAMETHASONE 1MG TB,60.0,45.0,both
san_ramon,,,5303610,637,DEXAMETHASONE 1MG TB,60.0,45.0,both
san_ramon,,,5314910,250,DEXAMETHASONE 1MG/1ML LQ,38.0,28.5,both
san_ramon,,,5314910,637,DEXAMETHASONE 1MG/1ML LQ,38.0,28.5,both
san_ramon,,,5303604,250,DEXAMETHASONE 4MG TB,141.0,105.75,both
san_ramon,,,5303604,637,DEXAMETHASONE 4MG TB,141.0,105.75,both
san_ramon,,,5319864,250,DEXAMETHASONE-S PER1MGIJ,40.0,30.0,both
san_ramon,,,5319864,636,DEXAMETHASONE-S PER1MGIJ,40.0,30.0,both
san_ramon,,,5319882,250,DEXMEDETM400MCG/100PMXIJ,1882.0,1411.5,both
san_ramon,,,5319881,250,DEXMEDETOM200MCG/50PMXIJ,918.0,688.5,both
san_ramon,,,5319880,250,DEXMEDETOMIDINE200MCGIJ,1209.0,906.75,both
san_ramon,,,5319898,250,DEXTROSE 25% 10ML PFS IJ,468.0,351.0,both
san_ramon,,,5319901,250,DEXTROSE 50% 50ML IJ,377.0,282.75,both
san_ramon,,,5319913,250,DEXTROSE 50% 50ML PFS IJ,882.0,661.5,both
san_ramon,,,4000082,278,DFB ACTICOR 7 HF-T QP 429522,149963.0,112472.25,both
san_ramon,,,4000084,278,DFB ACTICOR 7 VR-T DX 429525,137197.0,102897.75,both
san_ramon,,,4008493,278,DFB CLARIA MRI DTMA1QQ,230160.0,172620.0,both
san_ramon,,,4008333,278,DFB EMBLEM MRI A219,182924.0,137193.0,both
san_ramon,,,4008454,278,DFB INTICA 7 HF-T 429553,138089.0,103566.75,both
san_ramon,,,4008461,278,DFB MOMENTUM EL DR D121,98902.0,74176.5,both
san_ramon,,,4008462,278,DFB MOMENTUM EL VR D120,117704.0,88278.0,both
san_ramon,,,4008451,278,DFB PERCIVA DR DF1 D401,99091.0,74318.25,both
san_ramon,,,4000234,278,DFB RESONATE EL DR D433,116514.0,87385.5,both
san_ramon,,,4000237,278,DFB RIVACOR 7 DR-T 429534,169959.0,127469.25,both
san_ramon,,,4000236,278,DFB RIVACOR 7 HF-T QP 429532,108596.0,81447.0,both
san_ramon,,,4008478,278,DFB VIGILANT EL DR D233,120110.0,90082.5,both
san_ramon,,,4000174,278,DFB VIGILANT EL MRI VR D232,109250.0,81937.5,both
san_ramon,,,4008496,278,DFB VIGILANT X4 CRT-D G247,142709.0,107031.75,both
san_ramon,,,4000134,278,DFIB ILIVIA NEO 7 DR-T 429529,127255.0,95441.25,both
san_ramon,,,4008400,278,DFIB LUMAX 540 DR-T MOBL,121584.0,91188.0,both
san_ramon,,,4616907,360,DIA-CIR APLAS+IMG+S&I,5051.0,3788.25,both
san_ramon,,,4616908,360,DIA-CIR STENT+IMG+S&I,9336.0,7002.0,both
san_ramon,,,4616904,360,DIA-CIR THRO+IMG+S&I,59358.0,44518.5,both
san_ramon,,,4616905,360,DIA-CIR THRO+PLST+IMG+S&I,119973.0,89979.75,both
san_ramon,,,4616906,360,DIA-CIR THRO+STN+IMG+S&I,209544.0,157158.0,both
san_ramon,,,3530108,942,DIAB SLFMGMT IND 30 MIN,808.0,606.0,both
san_ramon,,,4616902,360,DIAL-CIRC BAL-PLASTY+S&I,59358.0,44518.5,both
san_ramon,,,4616903,360,DIAL-CIRC STNT+PLSTY+S&I,119973.0,89979.75,both
san_ramon,,,5600977,360,DIALYSIS PLASMAPHERESIS,8850.0,6637.5,both
san_ramon,,,5303716,250,DIAZEPAM 10MG TB,71.0,53.25,both
san_ramon,,,5303716,637,DIAZEPAM 10MG TB,71.0,53.25,both
san_ramon,,,5303708,250,DIAZEPAM 2MG TB,60.0,45.0,both
san_ramon,,,5303708,637,DIAZEPAM 2MG TB,60.0,45.0,both
san_ramon,,,5303712,250,DIAZEPAM 5MG TB,68.0,51.0,both
san_ramon,,,5303712,637,DIAZEPAM 5MG TB,68.0,51.0,both
san_ramon,,,5319938,250,DIAZEPAM UPTO 5MG SG IJ,276.0,207.0,both
san_ramon,,,5319938,636,DIAZEPAM UPTO 5MG SG IJ,276.0,207.0,both
san_ramon,,,5303820,250,DICYCLOMINE 10MG CP,45.0,33.75,both
san_ramon,,,5303820,637,DICYCLOMINE 10MG CP,45.0,33.75,both
san_ramon,,,5319981,250,DICYCLOMINE UPTO 20MG IJ,772.0,579.0,both
san_ramon,,,5319981,636,DICYCLOMINE UPTO 20MG IJ,772.0,579.0,both
san_ramon,94729,CPT,5504729,460,DIFFUSING CAPACITY,1973.0,1479.75,both
san_ramon,77062,CPT,3077062,401,DIG BREAST TOMO BILAT,180.0,135.0,both
san_ramon,77061,CPT,3077061,401,DIG BREAST TOMO UNI,180.0,135.0,both
san_ramon,,,5314964,250,DIGOXIN .05MG/ML 5ML LQ,50.0,37.5,both
san_ramon,,,5314964,637,DIGOXIN .05MG/ML 5ML LQ,50.0,37.5,both
san_ramon,,,5303944,250,DIGOXIN 0.125MG TB,60.0,45.0,both
san_ramon,,,5303944,637,DIGOXIN 0.125MG TB,60.0,45.0,both
san_ramon,,,5303952,250,DIGOXIN 0.25MG TB,60.0,45.0,both
san_ramon,,,5303952,637,DIGOXIN 0.25MG TB,60.0,45.0,both
san_ramon,,,5320031,250,DIGOXIN IMM FB PER VL IJ,7324.0,5493.0,both
san_ramon,,,5320031,636,DIGOXIN IMM FB PER VL IJ,7324.0,5493.0,both
san_ramon,80162,CPT,4102643,300,DIGOXIN TOTAL,1581.0,1185.75,both
san_ramon,80162,CPT,4152643,300,DIGOXIN TOTAL,852.0,639.0,both
san_ramon,,,5320028,250,DIGOXIN UPTO .5MG IJ,386.0,289.5,both
san_ramon,,,5320028,636,DIGOXIN UPTO .5MG IJ,386.0,289.5,both
san_ramon,,,5314966,250,DIGOXIN.05MG/ML 2.5ML LQ,33.0,24.75,both
san_ramon,,,5314966,637,DIGOXIN.05MG/ML 2.5ML LQ,33.0,24.75,both
san_ramon,,,4617542,360,DILAT BILE DUCT EA,3104.0,2328.0,both
san_ramon,74485,CPT,4614486,320,DILAT NEPHRO/URETR/URETH,5203.0,3902.25,both
san_ramon,74485,CPT,4904486,320,DILAT NEPHRO/URETR/URETH,6935.0,5201.25,both
san_ramon,,,4907565,750,DILATE ESOPH FLUORO<30MM,8140.0,6105.0,both
san_ramon,,,5304043,250,DILTIAZEM 120MG XR24 CP,143.0,107.25,both
san_ramon,,,5304043,637,DILTIAZEM 120MG XR24 CP,143.0,107.25,both
san_ramon,,,5304044,250,DILTIAZEM 180MG XR24 CP,159.0,119.25,both
san_ramon,,,5304044,637,DILTIAZEM 180MG XR24 CP,159.0,119.25,both
san_ramon,,,5304045,250,DILTIAZEM 240MG XR24 CP,61.0,45.75,both
san_ramon,,,5304045,637,DILTIAZEM 240MG XR24 CP,61.0,45.75,both
san_ramon,,,5304033,250,DILTIAZEM 30MG TB,60.0,45.0,both
san_ramon,,,5304033,637,DILTIAZEM 30MG TB,60.0,45.0,both
san_ramon,,,5304037,250,DILTIAZEM 60MG TB,80.0,60.0,both
san_ramon,,,5304037,637,DILTIAZEM 60MG TB,80.0,60.0,both
san_ramon,,,5320057,250,DILTIAZEM PER 0.5MG IJ,0.72,0.54,both
san_ramon,,,5320057,636,DILTIAZEM PER 0.5MG IJ,0.72,0.54,both
san_ramon,,,5320069,250,DILTIAZEM PER 0.5MG PMX IJ,0.54,0.41,both
san_ramon,,,5320069,636,DILTIAZEM PER 0.5MG PMX IJ,0.54,0.41,both
san_ramon,,,5338320,250,DINOPROSTONE 10MG SU,4106.0,3079.5,both
san_ramon,,,5338320,637,DINOPROSTONE 10MG SU,4106.0,3079.5,both
san_ramon,,,5335269,250,DIPHENHYD-ZINC 2% 30GMCR,80.0,60.0,both
san_ramon,,,5335269,637,DIPHENHYD-ZINC 2% 30GMCR,80.0,60.0,both
san_ramon,,,5320117,250,DIPHENHYDR UPTO 50MG IJ,347.0,260.25,both
san_ramon,,,5320117,636,DIPHENHYDR UPTO 50MG IJ,347.0,260.25,both
san_ramon,,,5315001,250,DIPHENHYDRA12.5/5 10 LQ,16.0,12.0,both
san_ramon,,,5315001,637,DIPHENHYDRA12.5/5 10 LQ,16.0,12.0,both
san_ramon,,,5314998,250,DIPHENHYDRA12.5MG/5ML LQ,24.0,18.0,both
san_ramon,,,5314998,637,DIPHENHYDRA12.5MG/5ML LQ,24.0,18.0,both
san_ramon,,,5304087,250,DIPHENHYDRAMINE 25MG CP,68.0,51.0,both
san_ramon,,,5304087,637,DIPHENHYDRAMINE 25MG CP,68.0,51.0,both
san_ramon,,,5304098,250,DIPHENOX/ATROP 2.5 TB,45.0,33.75,both
san_ramon,,,5304098,637,DIPHENOX/ATROP 2.5 TB,45.0,33.75,both
san_ramon,90702,CPT,5320139,250,DIPHTHER TET <7YR IJ,274.0,205.5,both
san_ramon,90702,CPT,5320139,636,DIPHTHER TET <7YR IJ,274.0,205.5,both
san_ramon,90714,CPT,5320137,250,DIPHTHER TET >7YR PF IJ,284.0,213.0,both
san_ramon,90714,CPT,5320137,636,DIPHTHER TET >7YR PF IJ,284.0,213.0,both
san_ramon,,,5304123,250,DIPYRDAML/ASA200/25 XRCP,56.0,42.0,both
san_ramon,,,5304123,637,DIPYRDAML/ASA200/25 XRCP,56.0,42.0,both
san_ramon,72285,CPT,4902285,320,DISCOGRAPHY CERV/THOR,5963.0,4472.25,both
san_ramon,72295,CPT,4902290,320,DISCOGRAPHY LUMBAR,4067.0,3050.25,both
san_ramon,,,5304153,250,DISOPYRAMIDE 100MG XR CP,57.0,42.75,both
san_ramon,,,5304153,637,DISOPYRAMIDE 100MG XR CP,57.0,42.75,both
san_ramon,,,5304190,250,DIVALPROX NA 125MG EC TB,60.0,45.0,both
san_ramon,,,5304190,637,DIVALPROX NA 125MG EC TB,60.0,45.0,both
san_ramon,,,5312260,250,DIVALPROX NA 125MG XR CP,60.0,45.0,both
san_ramon,,,5312260,637,DIVALPROX NA 125MG XR CP,60.0,45.0,both
san_ramon,,,5304191,250,DIVALPROX NA 250MG EC TB,80.0,60.0,both
san_ramon,,,5304191,637,DIVALPROX NA 250MG EC TB,80.0,60.0,both
san_ramon,,,5304196,250,DIVALPROX NA 250MG XR TB,33.0,24.75,both
san_ramon,,,5304196,637,DIVALPROX NA 250MG XR TB,33.0,24.75,both
san_ramon,,,5304193,250,DIVALPROX NA 500MG EC TB,126.0,94.5,both
san_ramon,,,5304193,637,DIVALPROX NA 500MG EC TB,126.0,94.5,both
san_ramon,86225,CPT,7256220,300,DNA ANTIBODY DBL STRAND,5.7,4.28,both
san_ramon,86226,CPT,7256225,300,DNA ANTIBODY SNGL STRAND,14.24,10.68,both
san_ramon,,,5320186,250,DOBUTAMN PER250MG PMX IJ,229.0,171.75,both
san_ramon,,,5320186,636,DOBUTAMN PER250MG PMX IJ,229.0,171.75,both
san_ramon,,,5320194,250,DOCETAXEL PER 1MG IJ,386.0,289.5,both
san_ramon,,,5320194,636,DOCETAXEL PER 1MG IJ,386.0,289.5,both
san_ramon,,,5304219,250,DOCUSATE 100MG CP,56.0,42.0,both
san_ramon,,,5304219,637,DOCUSATE 100MG CP,56.0,42.0,both
san_ramon,,,5315054,250,DOCUSATE 100MG/10ML LQ,19.0,14.25,both
san_ramon,,,5315054,637,DOCUSATE 100MG/10ML LQ,19.0,14.25,both
san_ramon,,,5304223,250,DOCUSATE 250MG CP,60.0,45.0,both
san_ramon,,,5304223,637,DOCUSATE 250MG CP,60.0,45.0,both
san_ramon,,,5310756,250,DOCUSATE/SENNA TB,15.0,11.25,both
san_ramon,,,5310756,637,DOCUSATE/SENNA TB,15.0,11.25,both
san_ramon,,,5304230,250,DOFETILDE .125MG CP,116.0,87.0,both
san_ramon,,,5304230,637,DOFETILDE .125MG CP,116.0,87.0,both
san_ramon,,,5304231,250,DOFETILDE .25MG CP,113.0,84.75,both
san_ramon,,,5304231,637,DOFETILDE .25MG CP,113.0,84.75,both
san_ramon,,,5304257,250,DOLUTEGRAVIR 50MG TB,426.0,319.5,both
san_ramon,,,5304257,637,DOLUTEGRAVIR 50MG TB,426.0,319.5,both
san_ramon,,,5304250,250,DONEPEZIL 5MG TB,136.0,102.0,both
san_ramon,,,5304250,637,DONEPEZIL 5MG TB,136.0,102.0,both
san_ramon,,,5320210,250,DOPAMINE PER40MG IV IJ,36.0,27.0,both
san_ramon,,,5320210,636,DOPAMINE PER40MG IV IJ,36.0,27.0,both
san_ramon,,,5320208,250,DOPAMINE PER40MG PMX IJ,62.0,46.5,both
san_ramon,,,5320208,636,DOPAMINE PER40MG PMX IJ,62.0,46.5,both
san_ramon,93572,CPT,4613658,480,DOPP FLW/PR MSMNT ADDL,2219.0,1664.25,both
san_ramon,93572,CPT,4613658,481,DOPP FLW/PR MSMNT ADDL,2219.0,1664.25,both
san_ramon,93571,CPT,4613657,480,DOPP FLW/PR MSMNT INIT,8199.0,6149.25,both
san_ramon,93571,CPT,4613657,481,DOPP FLW/PR MSMNT INIT,8199.0,6149.25,both
san_ramon,93325,CPT,4603330,483,DOPPLER ECHO COLOR FLOW,3496.0,2622.0,both
san_ramon,93320,CPT,4603325,483,DOPPLER ECHO PULSE/CONT,6144.0,4608.0,both
san_ramon,,,5330780,250,DORNASE ALF2.5MG/2.5MLIS,777.0,582.75,both
san_ramon,,,5330780,637,DORNASE ALF2.5MG/2.5MLIS,777.0,582.75,both
san_ramon,,,5330790,250,DORZOL/TIMOLOL .2MLUD OS,44.0,33.0,both
san_ramon,,,5330790,637,DORZOL/TIMOLOL .2MLUD OS,44.0,33.0,both
san_ramon,,,5330786,250,DORZOLAMIDE 2% 10ML OS,683.0,512.25,both
san_ramon,,,5330786,637,DORZOLAMIDE 2% 10ML OS,683.0,512.25,both
san_ramon,99455,CPT,5761005,519,DOT PHYSICAL EXAM,133.0,99.75,both
san_ramon,99455,CPT,5761006,519,DOT/PE 90 DAY EXAM,133.0,99.75,both
san_ramon,,,5304335,250,DOXAZOSIN 1MG TB,87.0,65.25,both
san_ramon,,,5304335,637,DOXAZOSIN 1MG TB,87.0,65.25,both
san_ramon,,,5304342,250,DOXEPIN 10MG CP,60.0,45.0,both
san_ramon,,,5304342,637,DOXEPIN 10MG CP,60.0,45.0,both
san_ramon,,,5304365,250,DOXEPIN 25MG CP,65.0,48.75,both
san_ramon,,,5304365,637,DOXEPIN 25MG CP,65.0,48.75,both
san_ramon,,,5320268,250,DOXORUBICIN PER 10MG IJ,403.0,302.25,both
san_ramon,,,5320268,636,DOXORUBICIN PER 10MG IJ,403.0,302.25,both
san_ramon,,,5304392,250,DOXYCYCLINE 100MG CP,183.0,137.25,both
san_ramon,,,5304392,637,DOXYCYCLINE 100MG CP,183.0,137.25,both
san_ramon,,,5320293,250,DOXYCYCLINE 1MG/ML 1MLIJ,13.0,9.75,both
san_ramon,,,5320293,636,DOXYCYCLINE 1MG/ML 1MLIJ,13.0,9.75,both
san_ramon,,,5320295,250,DOXYCYCLINE HYCLATE PER 1MG IJ,3.0,2.25,both
san_ramon,,,5320295,636,DOXYCYCLINE HYCLATE PER 1MG IJ,3.0,2.25,both
san_ramon,81232,CPT,7251238,310,DPYD GENE COMMON VARIANT,203.63,152.72,both
san_ramon,,,5057586,360,DRAIN PERITONEAL ABSCESS,10122.0,7591.5,both
san_ramon,,,5067590,360,DRAIN PERITONEAL ABSCESS,1559.0,1169.25,both
san_ramon,80306,CPT,4100404,300,DRGSCRN DIR OPT INST,1687.0,1265.25,both
san_ramon,,,5327430,250,DRONABINOL 2.5MG CP,97.0,72.75,both
san_ramon,,,5327430,637,DRONABINOL 2.5MG CP,97.0,72.75,both
san_ramon,,,5327431,250,DRONABINOL 5MG CP,146.0,109.5,both
san_ramon,,,5327431,637,DRONABINOL 5MG CP,146.0,109.5,both
san_ramon,,,5304405,250,DRONEDARONE 400MG TB,90.0,67.5,both
san_ramon,,,5304405,637,DRONEDARONE 400MG TB,90.0,67.5,both
san_ramon,,,6900048,360,DRSG/DEBRIDE PT BURN LG,2899.0,2174.25,both
san_ramon,,,6900048,361,DRSG/DEBRIDE PT BURN LG,2899.0,2174.25,both
san_ramon,,,6900047,360,DRSG/DEBRIDE PT BURN MD,1573.0,1179.75,both
san_ramon,,,6900047,361,DRSG/DEBRIDE PT BURN MD,1573.0,1179.75,both
san_ramon,,,6900046,360,DRSG/DEBRIDE PT BURN SM,1573.0,1179.75,both
san_ramon,,,6900046,361,DRSG/DEBRIDE PT BURN SM,1573.0,1179.75,both
san_ramon,80307,CPT,4102055,300,DRUG TEST PRSMV CHEM ANLYZR/10,1179.0,884.25,both
san_ramon,80307,CPT,7250302,300,DRUG TEST PRSMV CHEM ANLYZR/13,70.0,52.5,both
san_ramon,80307,CPT,7250310,300,DRUG TEST PRSMV CHEM ANLYZR/17,50.0,37.5,both
san_ramon,80307,CPT,7250331,300,DRUG TEST PRSMV CHEM ANLYZR/27,17.5,13.13,both
san_ramon,80307,CPT,7258011,300,DRUG TEST PRSMV CHEM ANLYZR/49,29.84,22.38,both
san_ramon,80307,CPT,7258013,300,DRUG TEST PRSMV CHEM ANLYZR/51,11.0,8.25,both
san_ramon,80307,CPT,7258015,300,DRUG TEST PRSMV CHEM ANLYZR/53,12.0,9.0,both
san_ramon,80307,CPT,7250104,300,DRUG TEST PRSMV CHEM ANLYZR/6,4.12,3.09,both
san_ramon,80307,CPT,4152003,300,DRUG TEST PRSMV CHEM ANLYZR/7,1448.0,1086.0,both
san_ramon,80307,CPT,4102003,300,DRUG TEST PRSMV CHEM ANLYZR/8,1813.0,1359.75,both
san_ramon,80307,CPT,4152011,300,DRUG TEST PRSMV CHEM ANLYZR/8,1293.0,969.75,both
san_ramon,80307,CPT,4102011,300,DRUG TEST PRSMV CHEM ANLYZR/9,1491.0,1118.25,both
san_ramon,80307,CPT,4152055,300,DRUG TEST PRSMV CHEM ANLYZR/9,895.0,671.25,both
san_ramon,80377,CPT,7252037,300,DRUGS NOS 7 OR MORE/2,96.0,72.0,both
san_ramon,90700,CPT,5320146,250,DTAP VACC <7YR IJ,538.0,403.5,both
san_ramon,90700,CPT,5320146,636,DTAP VACC <7YR IJ,538.0,403.5,both
san_ramon,,,5320318,250,DULAGLUTIDE 1.5MG/0.5ML PFS IJ,1089.0,816.75,both
san_ramon,,,5320318,637,DULAGLUTIDE 1.5MG/0.5ML PFS IJ,1089.0,816.75,both
san_ramon,,,5304410,250,DULOXETINE 20MG XR CP,89.0,66.75,both
san_ramon,,,5304410,637,DULOXETINE 20MG XR CP,89.0,66.75,both
san_ramon,,,5304411,250,DULOXETINE 30MG XR CP,90.0,67.5,both
san_ramon,,,5304411,637,DULOXETINE 30MG XR CP,90.0,67.5,both
san_ramon,93880,CPT,5066541,921,DUPLEX CAROTID BI/COMP,7655.0,5741.25,both
san_ramon,93882,CPT,5066540,921,DUPLEX CAROTID UNI/LTD,6762.0,5071.5,both
san_ramon,,,8192019,278,DVC ATRICLIP LAA EXCULSN,25128.0,18846.0,both
san_ramon,,,4028011,278,DVC CANN GRFT VASCUTEK,4794.0,3595.5,both
san_ramon,,,4018058,278,DVC SYS ITIND OLYMPUS,27163.0,20372.25,both
san_ramon,,,8131571,278,DVC TROCHANTER FIX W CBL,3896.0,2922.0,both
san_ramon,,,5050364,360,DX BONE MARROW ASP/BX MULTI,1378.0,1033.5,both
san_ramon,,,5058222,360,DX BONE MARROW ASPIRATION(S),2926.0,2194.5,both
san_ramon,,,5058221,360,DX BONE MARROW BIOPSIES,1602.0,1201.5,both
san_ramon,77066,CPT,3070204,401,DX MAMMO+CAD BILAT,1676.0,1257.0,both
san_ramon,77065,CPT,3070206,401,DX MAMMO+CAD UNILAT,1216.0,912.0,both
san_ramon,99211,CPT,3509211,510,E&M-EST. PATIENT-LVL I,826.0,619.5,both
san_ramon,99211,CPT,3509211,761,E&M-EST. PATIENT-LVL I,826.0,619.5,both
san_ramon,99211,CPT,5070914,510,E&M-EST. PATIENT-LVL I,826.0,619.5,both
san_ramon,99211,CPT,5070914,761,E&M-EST. PATIENT-LVL I,826.0,619.5,both
san_ramon,99211,CPT,5760931,510,E&M-EST. PATIENT-LVL I,696.0,522.0,both
san_ramon,99211,CPT,5760931,761,E&M-EST. PATIENT-LVL I,696.0,522.0,both
san_ramon,99211,CPT,6901603,510,E&M-EST. PATIENT-LVL I,826.0,619.5,both
san_ramon,99211,CPT,6901603,761,E&M-EST. PATIENT-LVL I,826.0,619.5,both
san_ramon,99212,CPT,5760932,510,E&M-EST. PATIENT-LVL II,847.0,635.25,both
san_ramon,99212,CPT,5760932,761,E&M-EST. PATIENT-LVL II,847.0,635.25,both
san_ramon,99212,CPT,6901604,510,E&M-EST. PATIENT-LVL II,1091.0,818.25,both
san_ramon,99212,CPT,6901604,761,E&M-EST. PATIENT-LVL II,1091.0,818.25,both
san_ramon,99213,CPT,5760933,510,E&M-EST. PATIENT-LVL III,888.0,666.0,both
san_ramon,99213,CPT,5760933,761,E&M-EST. PATIENT-LVL III,888.0,666.0,both
san_ramon,99213,CPT,6906005,510,E&M-EST. PATIENT-LVL III,1091.0,818.25,both
san_ramon,99213,CPT,6906005,761,E&M-EST. PATIENT-LVL III,1091.0,818.25,both
san_ramon,99214,CPT,5760934,510,E&M-EST. PATIENT-LVL IV,1096.0,822.0,both
san_ramon,99214,CPT,5760934,761,E&M-EST. PATIENT-LVL IV,1096.0,822.0,both
san_ramon,99214,CPT,6906006,510,E&M-EST. PATIENT-LVL IV,1351.0,1013.25,both
san_ramon,99214,CPT,6906006,761,E&M-EST. PATIENT-LVL IV,1351.0,1013.25,both
san_ramon,99215,CPT,6906007,510,E&M-EST. PATIENT-LVL V,1801.0,1350.75,both
san_ramon,99215,CPT,6906007,761,E&M-EST. PATIENT-LVL V,1801.0,1350.75,both
san_ramon,99202,CPT,5760922,510,E&M-NEW PATIENT-LVL II,888.0,666.0,both
san_ramon,99202,CPT,5760922,761,E&M-NEW PATIENT-LVL II,888.0,666.0,both
san_ramon,99202,CPT,6901002,510,E&M-NEW PATIENT-LVL II,1091.0,818.25,both
san_ramon,99202,CPT,6901002,761,E&M-NEW PATIENT-LVL II,1091.0,818.25,both
san_ramon,99203,CPT,5760923,510,E&M-NEW PATIENT-LVL III,1096.0,822.0,both
san_ramon,99203,CPT,5760923,761,E&M-NEW PATIENT-LVL III,1096.0,822.0,both
san_ramon,99203,CPT,6901003,510,E&M-NEW PATIENT-LVL III,1351.0,1013.25,both
san_ramon,99203,CPT,6901003,761,E&M-NEW PATIENT-LVL III,1351.0,1013.25,both
san_ramon,99204,CPT,6901004,510,E&M-NEW PATIENT-LVL IV,1801.0,1350.75,both
san_ramon,99204,CPT,6901004,761,E&M-NEW PATIENT-LVL IV,1801.0,1350.75,both
san_ramon,99205,CPT,6901005,510,E&M-NEW PATIENT-LVL V,2652.0,1989.0,both
san_ramon,99205,CPT,6901005,761,E&M-NEW PATIENT-LVL V,2652.0,1989.0,both
san_ramon,88377,CPT,7270098,310,EA MLTPLX STAIN MANUAL,253.0,189.75,both
san_ramon,,,4608923,483,ECHO 2D COMP W/CONTRAST,9732.0,7299.0,both
san_ramon,,,4608924,483,ECHO 2D LIMITED W/CONTR,3158.0,2368.5,both
san_ramon,,,4608928,483,ECHO 2D STRESS W WO CM,9739.0,7304.25,both
san_ramon,93312,CPT,4603400,483,ECHO TRANSESOPHAGEAL,15962.0,11971.5,both
san_ramon,93307,CPT,4603210,483,ECHO TRANSTHOR 2D COMPL,10925.0,8193.75,both
san_ramon,93308,CPT,4603308,483,ECHO TRNSTHR 2D FU/LTD,2696.0,2022.0,both
san_ramon,,,4608929,483,ECHO2D DOP/COLFL W/CONTR,13286.0,9964.5,both
san_ramon,93306,CPT,4603306,483,ECHO2D SPECTR/COLOR FLO,19849.0,14886.75,both
san_ramon,93350,CPT,4603350,483,ECHOCARDIOGRAM EX STRESS,13064.0,9798.0,both
san_ramon,,,4613947,360,ECMO/INIT DAY VENO-ARTERIAL,25571.0,19178.25,both
san_ramon,95816,CPT,4805817,740,EEG AWAKE/DROWSY,5507.0,4130.25,both
san_ramon,95819,CPT,4805818,740,EEG AWAKE/SLEEP,7112.0,5334.0,both
san_ramon,95822,CPT,4805822,740,EEG MONITOR SLEEP,3611.0,2708.25,both
san_ramon,81235,CPT,7270017,310,EGFR COMMON VARIANTS,330.0,247.5,both
san_ramon,93226,CPT,4603277,731,EKG MNTR SCN W/RPT 48 HR,2516.0,1887.0,both
san_ramon,93225,CPT,4603275,731,EKG MNTR UP TO 48 HRS,3599.0,2699.25,both
san_ramon,93005,CPT,4603000,730,EKG TRACE ONLY,2045.0,1533.75,both
san_ramon,73070,CPT,4903070,320,ELBOW 2 VIEWS,1620.0,1215.0,both
san_ramon,73080,CPT,4903080,320,ELBOW 3 VIEW MINIMUM,3113.0,2334.75,both
san_ramon,73085,CPT,4903085,320,ELBOW ARTHROGRAPHY,5572.0,4179.0,both
san_ramon,80051,CPT,4100004,300,ELECTROLYTE PANEL,1368.0,1026.0,both
san_ramon,80051,CPT,4150004,300,ELECTROLYTE PANEL,469.0,351.75,both
san_ramon,,,5334220,250,EMOLLIENT 120GM CR,129.0,96.75,both
san_ramon,,,5334220,637,EMOLLIENT 120GM CR,129.0,96.75,both
san_ramon,,,5335333,250,EMOLLIENT 454GM OI,202.0,151.5,both
san_ramon,,,5335333,637,EMOLLIENT 454GM OI,202.0,151.5,both
san_ramon,,,5335327,250,EMOLLIENT 60GM CR,104.0,78.0,both
san_ramon,,,5335327,637,EMOLLIENT 60GM CR,104.0,78.0,both
san_ramon,,,5304475,250,EMPAGLIFLOZIN 10MG TB,191.0,143.25,both
san_ramon,,,5304475,637,EMPAGLIFLOZIN 10MG TB,191.0,143.25,both
san_ramon,,,5304472,250,EMPAGLIFLOZIN 25MG TB,191.0,143.25,both
san_ramon,,,5304472,637,EMPAGLIFLOZIN 25MG TB,191.0,143.25,both
san_ramon,,,5304455,250,EMTRICITBINE/TENFOVIR TB,569.0,426.75,both
san_ramon,,,5304455,637,EMTRICITBINE/TENFOVIR TB,569.0,426.75,both
san_ramon,,,5304439,250,ENALAPRIL 10MG TB,104.0,78.0,both
san_ramon,,,5304439,637,ENALAPRIL 10MG TB,104.0,78.0,both
san_ramon,,,5320396,250,ENALAPRIL 2.5MG/2ML IJ,274.0,205.5,both
san_ramon,,,5304437,250,ENALAPRIL 5MG TB,113.0,84.75,both
san_ramon,,,5304437,637,ENALAPRIL 5MG TB,113.0,84.75,both
san_ramon,,,5320395,250,ENALAPRIL1.25MG/1ML IJ,179.0,134.25,both
san_ramon,86651,CPT,7256205,300,ENCEPHALITIS CA LCROS AB,28.5,21.38,both
san_ramon,86651,CPT,7256651,300,ENCEPHALITIS CA LCROS AB/2,28.5,21.38,both
san_ramon,86652,CPT,7256648,300,ENCEPHALITIS EAST EQ AB,25.0,18.75,both
san_ramon,86652,CPT,7258668,300,ENCEPHALITIS EAST EQ AB/4,25.0,18.75,both
san_ramon,86653,CPT,7256676,300,ENCEPHALITIS ST LOUIS AB/3,25.0,18.75,both
san_ramon,86653,CPT,7256732,300,ENCEPHALITIS ST LOUIS AB/4,25.0,18.75,both
san_ramon,86654,CPT,7256656,300,ENCEPHALITIS WEST EQ AB,25.0,18.75,both
san_ramon,86654,CPT,7256681,300,ENCEPHALITIS WEST EQ AB/2,25.0,18.75,both
san_ramon,74328,CPT,4904328,320,ENDO CATH BILIARY SYSTEM,3225.0,2418.75,both
san_ramon,,,4614701,360,ENDO RPR AA ENDOGRT NO RUP+S&I,41349.0,31011.75,both
san_ramon,86231,CPT,7258676,300,ENDOMYSIAL AB,5.3,3.98,both
san_ramon,92542,CPT,5712542,471,ENG POSITIONAL,1394.0,1045.5,both
san_ramon,,,5320418,250,ENOXAPARIN PER 10MG IJ,158.0,118.5,both
san_ramon,,,5320418,636,ENOXAPARIN PER 10MG IJ,158.0,118.5,both
san_ramon,,,5320394,250,ENOXAPARIN PER 10MG PFSIJ,172.0,129.0,both
san_ramon,,,5320394,636,ENOXAPARIN PER 10MG PFSIJ,172.0,129.0,both
san_ramon,,,5304460,250,ENTACAPONE 200MG TB,65.0,48.75,both
san_ramon,,,5304460,637,ENTACAPONE 200MG TB,65.0,48.75,both
san_ramon,87337,CPT,7257339,300,ENTAMOEB HIST GROUP IA,27.0,20.25,both
san_ramon,,,5304459,250,ENTECAVIR 1MG TB,341.0,255.75,both
san_ramon,,,5304459,637,ENTECAVIR 1MG TB,341.0,255.75,both
san_ramon,86658,CPT,7258660,300,ENTEROVIRUS AB/23,22.16,16.62,both
san_ramon,87498,CPT,7258750,300,ENTEROVIRUS AMP PROBE/2,68.0,51.0,both
san_ramon,93641,CPT,4610635,480,EP TEST AICD LEAD & GEN,9023.0,6767.25,both
san_ramon,,,5320404,250,EPHEDRINE 50MG/1ML IJ,391.0,293.25,both
san_ramon,,,4028025,250,EPICORD PER SQ CM,1312.0,984.0,both
san_ramon,,,4028025,636,EPICORD PER SQ CM,1312.0,984.0,both
san_ramon,,,6905116,360,EPIDRM A-GRFT F/N/HF/G ADDL,10419.0,7814.25,both
san_ramon,,,6905116,361,EPIDRM A-GRFT F/N/HF/G ADDL,10419.0,7814.25,both
san_ramon,,,4005534,250,EPIFIX PER SQ CM,1416.0,1062.0,both
san_ramon,,,4005534,636,EPIFIX PER SQ CM,1416.0,1062.0,both
san_ramon,,,5320469,250,EPINEPHRIN4MG/NS250MLIJ,246.0,184.5,both
san_ramon,,,5330865,250,EPINEPHRINE 2.25%.5ML IS,39.0,29.25,both
san_ramon,,,5330865,637,EPINEPHRINE 2.25%.5ML IS,39.0,29.25,both
san_ramon,,,5320458,250,EPINEPHRINE PER 0.1MG IJ,27.0,20.25,both
san_ramon,,,5320458,636,EPINEPHRINE PER 0.1MG IJ,27.0,20.25,both
san_ramon,,,5330843,250,EPINEPHRINE1:1000 30MLTS,530.0,397.5,both
san_ramon,,,5304461,250,EPLERENONE 25MG TB,112.0,84.0,both
san_ramon,,,5304461,637,EPLERENONE 25MG TB,112.0,84.0,both
san_ramon,,,5320419,250,EPOETIN ESRD PER 100U IJ,19.0,14.25,both
san_ramon,,,5320419,634,EPOETIN ESRD PER 100U IJ,19.0,14.25,both
san_ramon,,,5320431,250,EPOETIN NON-ESRD 1000U IJ,254.0,190.5,both
san_ramon,,,5320431,636,EPOETIN NON-ESRD 1000U IJ,254.0,190.5,both
san_ramon,,,5320471,250,EPOETIN-EPBX ESRD PER 100U IJ,17.0,12.75,both
san_ramon,,,5320471,634,EPOETIN-EPBX ESRD PER 100U IJ,17.0,12.75,both
san_ramon,,,5320472,250,EPOETIN-EPBX NON-ESRD 1000U IJ,183.0,137.25,both
san_ramon,,,5320472,636,EPOETIN-EPBX NON-ESRD 1000U IJ,183.0,137.25,both
san_ramon,,,5320451,250,EPOPROSTENOL DILUE50MLIJ,215.0,161.25,both
san_ramon,,,5320450,250,EPOPROSTENOL PER .5MG IJ,298.0,223.5,both
san_ramon,,,5320450,636,EPOPROSTENOL PER .5MG IJ,298.0,223.5,both
san_ramon,86663,CPT,7259433,300,EPSTEIN-BARR VIRUS EA AB/2,12.22,9.17,both
san_ramon,86664,CPT,7256663,300,EPSTEIN-BARR VIRUS NA AB,11.54,8.66,both
san_ramon,86665,CPT,7258678,300,EPSTEIN-BARR VIRUS VCA AB/4,11.0,8.25,both
san_ramon,86665,CPT,7259431,300,EPSTEIN-BARR VIRUS VCA AB/5,8.15,6.11,both
san_ramon,,,5320449,250,EPTIFIBATIDE PER 5MG IJ,277.0,207.75,both
san_ramon,,,5320449,636,EPTIFIBATIDE PER 5MG IJ,277.0,207.75,both
san_ramon,99281,CPT,6100510,450,ER VISIT LVL I,1356.0,1017.0,both
san_ramon,99282,CPT,6100522,450,ER VISIT LVL II,3408.0,2556.0,both
san_ramon,99283,CPT,6100524,450,ER VISIT LVL III,5576.0,4182.0,both
san_ramon,99284,CPT,6100526,450,ER VISIT LVL IV,11169.0,8376.75,both
san_ramon,99285,CPT,6100527,450,ER VISIT LVL V,14500.0,10875.0,both
san_ramon,74330,CPT,4904200,320,ERCP BILIARY&PANCREATIC,5169.0,3876.75,both
san_ramon,,,5315126,250,ERGOCALCIFERL8000U/ML LQ,20.0,15.0,both
san_ramon,,,5315126,637,ERGOCALCIFERL8000U/ML LQ,20.0,15.0,both
san_ramon,,,5304469,250,ERGOCALCIFEROL 50000U CP,92.0,69.0,both
san_ramon,,,5304469,637,ERGOCALCIFEROL 50000U CP,92.0,69.0,both
san_ramon,,,5320491,250,ERTAPENEM PER 500MG IJ,422.0,316.5,both
san_ramon,,,5320491,636,ERTAPENEM PER 500MG IJ,422.0,316.5,both
san_ramon,,,5315145,250,ERYTHROMY200MG/5ML LQ,68.0,51.0,both
san_ramon,,,5315145,637,ERYTHROMY200MG/5ML LQ,68.0,51.0,both
san_ramon,,,5330923,250,ERYTHROMYCIN .5% 1GM OO,173.0,129.75,both
san_ramon,,,5330923,637,ERYTHROMYCIN .5% 1GM OO,173.0,129.75,both
san_ramon,,,5320508,250,ERYTHROMYCIN LA500MG IJ,571.0,428.25,both
san_ramon,,,5320508,636,ERYTHROMYCIN LA500MG IJ,571.0,428.25,both
san_ramon,82668,CPT,7252668,300,ERYTHROPOIETIN,7.33,5.5,both
san_ramon,,,5304665,250,ESCITALOPRAM 10MG TB,77.0,57.75,both
san_ramon,,,5304665,637,ESCITALOPRAM 10MG TB,77.0,57.75,both
san_ramon,,,5315170,250,ESCITALOPRAM 5MG/5ML LQ,84.0,63.0,both
san_ramon,,,5315170,637,ESCITALOPRAM 5MG/5ML LQ,84.0,63.0,both
san_ramon,,,5320528,250,ESMOLOL PER 10MG IJ,10.0,7.5,both
san_ramon,,,5320528,636,ESMOLOL PER 10MG IJ,10.0,7.5,both
san_ramon,,,5320529,250,ESMOLOL PER 10MG PMX IJ,2.0,1.5,both
san_ramon,,,5320529,636,ESMOLOL PER 10MG PMX IJ,2.0,1.5,both
san_ramon,91010,CPT,5071062,750,ESOPH MOTILITY STUDY,10076.0,7557.0,both
san_ramon,91035,CPT,5071254,750,ESOPH PH TST W ELECT,7897.0,5922.75,both
san_ramon,91034,CPT,5071253,750,ESOPH PH TST W NSL CATH,9736.0,7302.0,both
san_ramon,74221,CPT,4904221,320,ESOPHAGUS W/DBL CONTRAST,2173.0,1629.75,both
san_ramon,82670,CPT,4102670,300,ESTRADIOL,1691.0,1268.25,both
san_ramon,82670,CPT,4152670,300,ESTRADIOL,747.0,560.25,both
san_ramon,82670,CPT,7252670,300,ESTRADIOL,5.0,3.75,both
san_ramon,,,5335361,250,ESTRADIOL .1BIWK EA TD,173.0,129.75,both
san_ramon,,,5335361,637,ESTRADIOL .1BIWK EA TD,173.0,129.75,both
san_ramon,,,5304673,250,ESTRADIOL 0.5MG TB,10.0,7.5,both
san_ramon,,,5304673,637,ESTRADIOL 0.5MG TB,10.0,7.5,both
san_ramon,,,5335346,250,ESTRADIOL 10MCG V TB,190.0,142.5,both
san_ramon,,,5335346,637,ESTRADIOL 10MCG V TB,190.0,142.5,both
san_ramon,,,5304674,250,ESTRADIOL 1MG TB,53.0,39.75,both
san_ramon,,,5304674,637,ESTRADIOL 1MG TB,53.0,39.75,both
san_ramon,82670,CPT,7258267,300,ESTRADIOL/2,24.44,18.33,both
san_ramon,,,5320542,250,ESTROGEN CONJ PER25MG IJ,1136.0,852.0,both
san_ramon,,,5320542,636,ESTROGEN CONJ PER25MG IJ,1136.0,852.0,both
san_ramon,82672,CPT,7252672,300,ESTROGENS TOTAL,5.7,4.28,both
san_ramon,82679,CPT,7252679,300,ESTRONE/2,10.0,7.5,both
san_ramon,,,5304722,250,ESZOPICLONE 3MG TB,104.0,78.0,both
san_ramon,,,5304722,637,ESZOPICLONE 3MG TB,104.0,78.0,both
san_ramon,,,5304774,250,ETHAMBUTOL 400MG TB,102.0,76.5,both
san_ramon,,,5304774,637,ETHAMBUTOL 400MG TB,102.0,76.5,both
san_ramon,82075,CPT,5768190,300,ETHANOL BREATH,70.0,52.5,both
san_ramon,,,5320576,250,ETHANOL98% 1ML IJ,780.0,585.0,both
san_ramon,,,5318077,250,ETHANOL99% 5ML IJ,715.0,536.25,both
san_ramon,,,5320560,250,ETHANOLAMINE PER100MG IJ,595.0,446.25,both
san_ramon,,,5320560,636,ETHANOLAMINE PER100MG IJ,595.0,446.25,both
san_ramon,82693,CPT,7252691,300,ETHYLENE GLYCOL,12.36,9.27,both
san_ramon,,,5320609,250,ETOMIDATE20MG/10ML IJ,1079.0,809.25,both
san_ramon,,,5320611,250,ETOMIDATE40MG/20ML IJ,1328.0,996.0,both
san_ramon,,,5320614,250,ETOPOSIDE PER 10MG IJ,47.0,35.25,both
san_ramon,,,5320614,636,ETOPOSIDE PER 10MG IJ,47.0,35.25,both
san_ramon,93270,CPT,4603270,731,EVENT MONITOR RECORDING,940.0,705.0,both
san_ramon,80169,CPT,7252532,300,EVEROLIMUS,118.0,88.5,both
san_ramon,92558,CPT,3119255,471,EVOKED AUDITORY SCREEN,761.0,570.75,both
san_ramon,87168,CPT,7257168,300,EXAM MACRO ARTHROPOD,13.64,10.23,both
san_ramon,94617,CPT,5504617,460,EXCERCIS TST BRONCHSPASM W/EKG,4881.0,3660.75,both
san_ramon,,,4619423,360,EXCH ABSC/CYST DRN CATH,6063.0,4547.25,both
san_ramon,,,5059423,360,EXCH ABSC/CYST DRN CATH,5813.0,4359.75,both
san_ramon,93242,CPT,4603242,730,EXT EKG>48HR<7D RECORDING,602.0,451.5,both
san_ramon,93246,CPT,4603246,730,EXT EKG>7D<15D RECORDING,602.0,451.5,both
san_ramon,93229,CPT,4603279,732,EXT TELEM TECH SUPPORT,2955.0,2216.25,both
san_ramon,,,8122000,278,EYE CIRC/BA,2154.0,1615.5,both
san_ramon,70030,CPT,4900030,320,EYE DETECTION OF FOR/BDY,1260.0,945.0,both
san_ramon,,,8122026,278,EYE GLAUC IMP,6353.0,4764.75,both
san_ramon,,,8122035,278,EYE HEMI/S,2137.0,1602.75,both
san_ramon,,,8122039,276,EYE IOL ASPHERIC,1058.0,793.5,both
san_ramon,,,8122095,278,EYE SCLERAL SLEEVE IMP,180.0,135.0,both
san_ramon,,,8122110,278,EYE SILICONE BUT,775.0,581.25,both
san_ramon,,,8122115,278,EYE SILICONE SP,732.0,549.0,both
san_ramon,,,8122114,278,EYE SPHERE PLSTC,422.0,316.5,both
san_ramon,,,8122125,278,EYE TIRE/S,1046.0,784.5,both
san_ramon,,,5304875,250,EZETIMIBE 10MG TB,82.0,61.5,both
san_ramon,,,5304875,637,EZETIMIBE 10MG TB,82.0,61.5,both
san_ramon,81240,CPT,7259208,310,F2 GENE ANLS VARIANT/2,27.51,20.63,both
san_ramon,81241,CPT,7259207,310,F5 LEIDEN VARIANT,34.28,25.71,both
san_ramon,70140,CPT,4900140,320,FACIAL BONES 2VW MAX,1863.0,1397.25,both
san_ramon,70150,CPT,4900150,320,FACIAL BONES 3VW MIN,2000.0,1500.0,both
san_ramon,85245,CPT,7255248,300,FACTR VIII RISTO CO-FCTR/2,44.8,33.6,both
san_ramon,85246,CPT,7255246,300,FACTR VIII VW AG CO-FCTR,57.02,42.77,both
san_ramon,,,5304900,250,FAMOTIDINE 20MG TB,183.0,137.25,both
san_ramon,,,5304900,637,FAMOTIDINE 20MG TB,183.0,137.25,both
san_ramon,,,5304901,250,FAMOTIDINE 40MG TB,159.0,119.25,both
san_ramon,,,5304901,637,FAMOTIDINE 40MG TB,159.0,119.25,both
san_ramon,,,5315185,250,FAMOTIDINE 40MG/5ML PWLQ,360.0,270.0,both
san_ramon,,,5315185,637,FAMOTIDINE 40MG/5ML PWLQ,360.0,270.0,both
san_ramon,,,5320584,250,FAMOTIDINE PER 0.25MG IJ,0.12,0.09,both
san_ramon,,,5320584,636,FAMOTIDINE PER 0.25MG IJ,0.12,0.09,both
san_ramon,,,5413470,258,FAT EMULS 20% 250ML TPN,1644.0,1233.0,both
san_ramon,82705,CPT,7252705,300,FAT OR LIPID FECES QUAL,5.0,3.75,both
san_ramon,85247,CPT,7255247,300,FCTR VIII VW MLT CO-FCTR,60.27,45.2,both
san_ramon,85379,CPT,4105350,300,FDP D-DIMER QNT,990.0,742.5,both
san_ramon,85379,CPT,4155350,300,FDP D-DIMER QNT,1009.0,756.75,both
san_ramon,85362,CPT,4105362,300,FDP FSP AGGLUTNATN SEMQTY,1669.0,1251.75,both
san_ramon,85362,CPT,4155362,300,FDP FSP AGGLUTNATN SEMQTY,502.0,376.5,both
san_ramon,85362,CPT,7255362,300,FDP FSP AGGLUTNATN SEMQTY,11.4,8.55,both
san_ramon,82653,CPT,7252654,300,FECAL ELASTASE EL1 QN,165.0,123.75,both
san_ramon,,,5070050,750,FECAL MICROBIOTA INSTILL,4537.0,3402.75,both
san_ramon,,,5304920,250,FELODIPINE 5MG XR TB,65.0,48.75,both
san_ramon,,,5304920,637,FELODIPINE 5MG XR TB,65.0,48.75,both
san_ramon,,,8132510,278,FEM NAIL,10878.0,8158.5,both
san_ramon,73551,CPT,4903552,320,FEMUR 1 VW,1118.0,838.5,both
san_ramon,73552,CPT,4903551,320,FEMUR 2 VIEWS MIN,2110.0,1582.5,both
san_ramon,,,5304938,250,FENOFIBRATE 145MG TB,82.0,61.5,both
san_ramon,,,5304938,637,FENOFIBRATE 145MG TB,82.0,61.5,both
san_ramon,,,5304933,250,FENOFIBRATE 48MG TB,29.0,21.75,both
san_ramon,,,5304933,637,FENOFIBRATE 48MG TB,29.0,21.75,both
san_ramon,,,5320722,250,FENT/BUPV.125%EPI 60MLIJ,187.0,140.25,both
san_ramon,80354,CPT,7253936,300,FENTANYL,35.0,26.25,both
san_ramon,,,5327513,250,FENTANYL 100MCG/HR TD,593.0,444.75,both
san_ramon,,,5327513,637,FENTANYL 100MCG/HR TD,593.0,444.75,both
san_ramon,,,5327504,250,FENTANYL 12MCG/HR TD,334.0,250.5,both
san_ramon,,,5327504,637,FENTANYL 12MCG/HR TD,334.0,250.5,both
san_ramon,,,5327510,250,FENTANYL 25MCG/HR TD,289.0,216.75,both
san_ramon,,,5327510,637,FENTANYL 25MCG/HR TD,289.0,216.75,both
san_ramon,,,5327511,250,FENTANYL 50MCG/HR TD,356.0,267.0,both
san_ramon,,,5327511,637,FENTANYL 50MCG/HR TD,356.0,267.0,both
san_ramon,,,5327512,250,FENTANYL 75MCG/HR TD,564.0,423.0,both
san_ramon,,,5327512,637,FENTANYL 75MCG/HR TD,564.0,423.0,both
san_ramon,,,5327501,250,FENTANYL PER 0.1MG IJ,254.0,190.5,both
san_ramon,,,5327501,636,FENTANYL PER 0.1MG IJ,254.0,190.5,both
san_ramon,80354,CPT,7251340,300,FENTANYL/2,35.0,26.25,both
san_ramon,,,5320578,250,FENTANYL/BUPIV 50ML IJ,134.0,100.5,both
san_ramon,,,5320658,250,FENTANYL/BUPIV EPIDUR IJ,222.0,166.5,both
san_ramon,,,5320658,636,FENTANYL/BUPIV EPIDUR IJ,222.0,166.5,both
san_ramon,,,5315198,250,FERR SULF 15MG/ML50ML LQ,201.0,150.75,both
san_ramon,,,5315198,637,FERR SULF 15MG/ML50ML LQ,201.0,150.75,both
san_ramon,,,5335382,250,FERRIC SUBSULF 8GM TS,144.0,108.0,both
san_ramon,,,5335384,250,FERRIC SUBSULFATE 8ML TS,282.0,211.5,both
san_ramon,82728,CPT,4102726,300,FERRITIN,1654.0,1240.5,both
san_ramon,82728,CPT,4152726,300,FERRITIN,755.0,566.25,both
san_ramon,,,5305043,250,FERROUS SULF 140MG XR TB,13.0,9.75,both
san_ramon,,,5305043,637,FERROUS SULF 140MG XR TB,13.0,9.75,both
san_ramon,,,5315207,250,FERROUS SULF 300MG/5MLLQ,32.0,24.0,both
san_ramon,,,5315207,637,FERROUS SULF 300MG/5MLLQ,32.0,24.0,both
san_ramon,,,5305044,250,FERROUS SULFATE 325MG TB,60.0,45.0,both
san_ramon,,,5305044,637,FERROUS SULFATE 325MG TB,60.0,45.0,both
san_ramon,,,5320600,250,FERUMOXYTOL NONESRD1MGIJ,10.0,7.5,both
san_ramon,,,5320600,636,FERUMOXYTOL NONESRD1MGIJ,10.0,7.5,both
san_ramon,76818,CPT,5066818,402,FETAL BIOPHYS PROFLE NST,4473.0,3354.75,both
san_ramon,76819,CPT,5066180,402,FETAL BIOPHYS W/O STRESS,3626.0,2719.5,both
san_ramon,76825,CPT,5066870,402,FETAL CV ECHO,5321.0,3990.75,both
san_ramon,82731,CPT,4102731,300,FETAL FIBRONECTIN,1312.0,984.0,both
san_ramon,82731,CPT,4152731,300,FETAL FIBRONECTIN,887.0,665.25,both
san_ramon,81420,CPT,7251421,310,FETAL INFORMA SEQ XY SEQUENCE,349.0,261.75,both
san_ramon,59025,CPT,3100176,920,FETAL NON-STRESS TEST,3109.0,2331.75,both
san_ramon,59025,CPT,6169025,920,FETAL NON-STRESS TEST,3109.0,2331.75,both
san_ramon,86927,CPT,4206264,300,FFP THAW EA UNIT,87.0,65.25,both
san_ramon,,,4021042,278,FIBER BN DEMNRLZ W/ACCELL MTRX,19997.0,14997.75,both
san_ramon,,,8132583,278,FIBER DBM PLUS OSTEOSTRAND,23269.0,17451.75,both
san_ramon,85384,CPT,4105384,300,FIBRINOGEN ACTIVITY,1311.0,983.25,both
san_ramon,85384,CPT,4155384,300,FIBRINOGEN ACTIVITY,419.0,314.25,both
san_ramon,,,5305069,250,FIDAXOMICIN 200MG TB,2002.0,1501.5,both
san_ramon,,,5305069,637,FIDAXOMICIN 200MG TB,2002.0,1501.5,both
san_ramon,,,5305066,250,FINASTERIDE 5MG TB,60.0,45.0,both
san_ramon,,,5305066,637,FINASTERIDE 5MG TB,60.0,45.0,both
san_ramon,73140,CPT,4903140,320,FINGER(S) 2 VIEWS,2260.0,1695.0,both
san_ramon,76080,CPT,4616082,320,FISTULA-SINUS TRCT STDY,4336.0,3252.0,both
san_ramon,76080,CPT,4906082,320,FISTULA-SINUS TRCT STDY,3939.0,2954.25,both
san_ramon,,,4012964,278,FIX MOD GLENOID ZIMMER CL,3561.0,2670.75,both
san_ramon,,,5305084,250,FLECAINIDE 50MG TB,80.0,60.0,both
san_ramon,,,5305084,637,FLECAINIDE 50MG TB,80.0,60.0,both
san_ramon,,,4021061,250,FLEXHD PLIABLE PERF PER SQ CM,104.0,78.0,both
san_ramon,,,4021061,636,FLEXHD PLIABLE PERF PER SQ CM,104.0,78.0,both
san_ramon,,,8132615,278,FLEXIBLE NAIL AS,1763.0,1322.25,both
san_ramon,88185,CPT,7258185,310,FLOW CYTO ADD MARKER,10.12,7.59,both
san_ramon,88185,CPT,7270063,310,FLOW CYTO ADD MARKER,12.0,9.0,both
san_ramon,88184,CPT,7270062,310,FLOW CYTO CEL FIRST MRKR,94.0,70.5,both
san_ramon,88184,CPT,7258184,310,FLOW CYTO CEL FIRST MRKR/5,32.58,24.44,both
san_ramon,88189,CPT,7258189,310,FLOW CYTO INTERP 16+ MARK,72.0,54.0,both
san_ramon,88189,CPT,7270066,310,FLOW CYTO INTERP 16+ MARK/2,79.0,59.25,both
san_ramon,88187,CPT,7270064,310,FLOW CYTO INTERP 2-8 MARK,79.0,59.25,both
san_ramon,88188,CPT,7270065,310,FLOW CYTO INTERP 9-15 MARK/2,79.0,59.25,both
san_ramon,94375,CPT,5500825,460,FLOW VOLUME LOOPS,1321.0,990.75,both
san_ramon,,,8246305,278,FLTR VC TRAPEASE CORDIS,12669.0,9501.75,both
san_ramon,90656,CPT,5320686,636,FLU VAC > 3 YRS IM PF IJ,247.0,185.25,both
san_ramon,90686,CPT,5320777,636,FLU VAC >3Y 4 VAL PF IJ,293.0,219.75,both
san_ramon,90674,CPT,5320729,636,FLU VAC CELL CULT PF IJ,288.0,216.0,both
san_ramon,,,5315221,250,FLUCONAZ 40MG/ML 5MLPWLQ,399.0,299.25,both
san_ramon,,,5315221,637,FLUCONAZ 40MG/ML 5MLPWLQ,399.0,299.25,both
san_ramon,,,5320677,250,FLUCONAZ PER200MG PMX IJ,388.0,291.0,both
san_ramon,,,5320677,636,FLUCONAZ PER200MG PMX IJ,388.0,291.0,both
san_ramon,,,5320700,250,FLUCONAZOLE 100MG PMX IJ,145.0,108.75,both
san_ramon,,,5320700,636,FLUCONAZOLE 100MG PMX IJ,145.0,108.75,both
san_ramon,,,5305096,250,FLUCONAZOLE 100MG TB,246.0,184.5,both
san_ramon,,,5305096,637,FLUCONAZOLE 100MG TB,246.0,184.5,both
san_ramon,,,5305097,250,FLUCONAZOLE 200MG TB,343.0,257.25,both
san_ramon,,,5305097,637,FLUCONAZOLE 200MG TB,343.0,257.25,both
san_ramon,,,5305095,250,FLUCONAZOLE 50MG TB,320.0,240.0,both
san_ramon,,,5305095,637,FLUCONAZOLE 50MG TB,320.0,240.0,both
san_ramon,,,5315219,250,FLUCONAZOLE ORAL CMPD LQ,32.0,24.0,both
san_ramon,,,5315219,637,FLUCONAZOLE ORAL CMPD LQ,32.0,24.0,both
san_ramon,,,5305129,250,FLUDROCORTISONE .1MG TB,60.0,45.0,both
san_ramon,,,5305129,637,FLUDROCORTISONE .1MG TB,60.0,45.0,both
san_ramon,,,5320681,250,FLUMAZENIL .1MG/ML 5MLIJ,1295.0,971.25,both
san_ramon,,,5330947,250,FLUNISOLIDE 25MCG25ML SP,747.0,560.25,both
san_ramon,,,5330947,637,FLUNISOLIDE 25MCG25ML SP,747.0,560.25,both
san_ramon,,,5335503,250,FLUOCINONIDE .05%15GM OI,824.0,618.0,both
san_ramon,,,5335503,637,FLUOCINONIDE .05%15GM OI,824.0,618.0,both
san_ramon,,,5330968,250,FLUORESCEIN STRIP 1 EACH,38.0,28.5,both
san_ramon,86256,CPT,7256255,300,FLUORESCENT AB TITER EA/10,2.5,1.88,both
san_ramon,86256,CPT,7254218,300,FLUORESCENT AB TITER EA/2,26.48,19.86,both
san_ramon,86256,CPT,7258638,300,FLUORESCENT AB TITER EA/20,2.47,1.85,both
san_ramon,86255,CPT,7258627,300,FLUORESCNT SCRN EA AB,51.48,38.61,both
san_ramon,77002,CPT,4906010,320,FLUORO BX/ASP/INJ/GUIDE,3526.0,2644.5,both
san_ramon,77003,CPT,4616010,320,FLUORO GUIDE SPINE INJ,3040.0,2280.0,both
san_ramon,77003,CPT,4906011,320,FLUORO GUIDE SPINE INJ,3402.0,2551.5,both
san_ramon,77001,CPT,4615997,320,FLUOROGUID FOR VEIN DVCE,2896.0,2172.0,both
san_ramon,77001,CPT,4905997,320,FLUOROGUID FOR VEIN DVCE,2992.0,2244.0,both
san_ramon,,,5330983,250,FLUOROMETHALONE.1%5MLOS,386.0,289.5,both
san_ramon,,,5330983,637,FLUOROMETHALONE.1%5MLOS,386.0,289.5,both
san_ramon,76000,CPT,4615998,320,FLUOROSCOPY <1HOUR,4574.0,3430.5,both
san_ramon,76000,CPT,4905998,320,FLUOROSCOPY <1HOUR,4387.0,3290.25,both
san_ramon,,,5320708,250,FLUOROURACIL PER500MG IJ,226.0,169.5,both
san_ramon,,,5320708,636,FLUOROURACIL PER500MG IJ,226.0,169.5,both
san_ramon,,,5305159,250,FLUOXETINE 10MG CP,136.0,102.0,both
san_ramon,,,5305159,637,FLUOXETINE 10MG CP,136.0,102.0,both
san_ramon,,,5305160,250,FLUOXETINE 20MG CP,159.0,119.25,both
san_ramon,,,5305160,637,FLUOXETINE 20MG CP,159.0,119.25,both
san_ramon,,,5315228,250,FLUOXETINE20MG/5ML LQ,124.0,93.0,both
san_ramon,,,5315228,637,FLUOXETINE20MG/5ML LQ,124.0,93.0,both
san_ramon,,,5330995,250,FLUTICASONE .05MG16GM SP,924.0,693.0,both
san_ramon,,,5330995,637,FLUTICASONE .05MG16GM SP,924.0,693.0,both
san_ramon,,,5305235,250,FLUVOXAMINE 50MG TB,31.0,23.25,both
san_ramon,,,5305235,637,FLUVOXAMINE 50MG TB,31.0,23.25,both
san_ramon,,,5050114,360,FNA BX CT GUIDANCE 1ST LES,3900.0,2925.0,both
san_ramon,,,4900112,360,FNA BX FLUOR GUIDANCE 1ST LES,3900.0,2925.0,both
san_ramon,,,3070110,360,FNA BX US GUIDANCE 1ST LESION,3900.0,2925.0,both
san_ramon,,,5060110,360,FNA BX US GUIDANCE 1ST LESION,3844.0,2883.0,both
san_ramon,82746,CPT,4102746,300,FOLIC ACID,459.0,344.25,both
san_ramon,82746,CPT,4152746,300,FOLIC ACID,459.0,344.25,both
san_ramon,82746,CPT,7252746,300,FOLIC ACID,2.85,2.14,both
san_ramon,,,5305233,250,FOLIC ACID 1MG TB,45.0,33.75,both
san_ramon,,,5305233,637,FOLIC ACID 1MG TB,45.0,33.75,both
san_ramon,,,5305229,250,FOLIC ACID 400MCG TB,16.0,12.0,both
san_ramon,,,5305229,637,FOLIC ACID 400MCG TB,16.0,12.0,both
san_ramon,,,5320818,250,FOLIC ACID PER 0.1MG IJ,0.76,0.57,both
san_ramon,,,5320818,636,FOLIC ACID PER 0.1MG IJ,0.76,0.57,both
san_ramon,82747,CPT,7252747,300,FOLIC ACID RBC,2.1,1.58,both
san_ramon,83001,CPT,4103001,300,FOLLICLE STIMLAT HORMONE,1439.0,1079.25,both
san_ramon,83001,CPT,4153001,300,FOLLICLE STIMLAT HORMONE,500.0,375.0,both
san_ramon,,,5320731,250,FOMEPIZOLE PER 15MG IJ,60.0,45.0,both
san_ramon,,,5320731,636,FOMEPIZOLE PER 15MG IJ,60.0,45.0,both
san_ramon,,,5320766,250,FONDAPARINUX PER.5MG IJ,126.0,94.5,both
san_ramon,,,5320766,636,FONDAPARINUX PER.5MG IJ,126.0,94.5,both
san_ramon,73620,CPT,4903620,320,FOOT 2 VIEWS,1693.0,1269.75,both
san_ramon,73630,CPT,4903630,320,FOOT 3 VIEWS MINIMUM,2479.0,1859.25,both
san_ramon,73090,CPT,4903091,320,FOREARM 2 VIEWS,2442.0,1831.5,both
san_ramon,,,5331017,250,FORMOTEROL 20MCG/2ML IS,206.0,154.5,both
san_ramon,,,5331017,637,FORMOTEROL 20MCG/2ML IS,206.0,154.5,both
san_ramon,,,5320772,250,FOSAPREPITANT PER 1MG IJ,17.0,12.75,both
san_ramon,,,5320772,636,FOSAPREPITANT PER 1MG IJ,17.0,12.75,both
san_ramon,,,5305239,250,FOSFOMYCIN 3GM PWLQ,726.0,544.5,both
san_ramon,,,5305239,637,FOSFOMYCIN 3GM PWLQ,726.0,544.5,both
san_ramon,,,5320749,250,FOSPHENYTOIN PER 50MG IJ,215.0,161.25,both
san_ramon,,,5320749,636,FOSPHENYTOIN PER 50MG IJ,215.0,161.25,both
san_ramon,,,5320762,250,FULVESTRANT PER 25MG IJ,1448.0,1086.0,both
san_ramon,,,5320762,636,FULVESTRANT PER 25MG IJ,1448.0,1086.0,both
san_ramon,86671,CPT,7256671,300,FUNGUS AB NES,22.82,17.12,both
san_ramon,86671,CPT,7256672,300,FUNGUS AB NES/2,22.82,17.12,both
san_ramon,86671,CPT,7256696,300,FUNGUS AB NES/4,25.57,19.18,both
san_ramon,,,5305279,250,FUROSEMIDE 20MG TB,60.0,45.0,both
san_ramon,,,5305279,637,FUROSEMIDE 20MG TB,60.0,45.0,both
san_ramon,,,5305283,250,FUROSEMIDE 40MG TB,60.0,45.0,both
san_ramon,,,5305283,637,FUROSEMIDE 40MG TB,60.0,45.0,both
san_ramon,,,5315248,250,FUROSEMIDE 40MG/5ML LQ,39.0,29.25,both
san_ramon,,,5315248,637,FUROSEMIDE 40MG/5ML LQ,39.0,29.25,both
san_ramon,,,5305287,250,FUROSEMIDE 80MG TB,65.0,48.75,both
san_ramon,,,5305287,637,FUROSEMIDE 80MG TB,65.0,48.75,both
san_ramon,,,5320822,250,FUROSEMIDE PER 1MG IJ,2.0,1.5,both
san_ramon,,,5320822,636,FUROSEMIDE PER 1MG IJ,2.0,1.5,both
san_ramon,82955,CPT,7252955,300,G6PD QUANT,4.33,3.25,both
san_ramon,,,5191400,343,GA67 CITRATE 1MCI,180.0,135.0,both
san_ramon,80171,CPT,7250250,300,GABAPENTIN,8.15,6.11,both
san_ramon,,,5305290,250,GABAPENTIN 100MG CP,89.0,66.75,both
san_ramon,,,5305290,637,GABAPENTIN 100MG CP,89.0,66.75,both
san_ramon,,,5315249,250,GABAPENTIN 250MG/5ML LQ,32.0,24.0,both
san_ramon,,,5315249,637,GABAPENTIN 250MG/5ML LQ,32.0,24.0,both
san_ramon,,,5305291,250,GABAPENTIN 300MG CP,126.0,94.5,both
san_ramon,,,5305291,637,GABAPENTIN 300MG CP,126.0,94.5,both
san_ramon,,,5305292,250,GABAPENTIN 400MG CP,118.0,88.5,both
san_ramon,,,5305292,637,GABAPENTIN 400MG CP,118.0,88.5,both
san_ramon,,,5356164,255,GADOTERATE MEG 0.1ML IJ,3.0,2.25,both
san_ramon,,,5356164,636,GADOTERATE MEG 0.1ML IJ,3.0,2.25,both
san_ramon,,,5305299,250,GALANTAMINE 4MG TB,84.0,63.0,both
san_ramon,,,5305299,637,GALANTAMINE 4MG TB,84.0,63.0,both
san_ramon,82784,CPT,7258278,300,GAMMAGLOBULIN EA/11,1.75,1.31,both
san_ramon,82784,CPT,7258296,300,GAMMAGLOBULIN EA/13,4.0,3.0,both
san_ramon,82784,CPT,7252786,300,GAMMAGLOBULIN EA/4,7.54,5.66,both
san_ramon,82784,CPT,7253512,300,GAMMAGLOBULIN EA/6,2.44,1.83,both
san_ramon,82784,CPT,7253514,300,GAMMAGLOBULIN EA/7,2.44,1.83,both
san_ramon,82784,CPT,7253515,300,GAMMAGLOBULIN EA/8,4.0,3.0,both
san_ramon,82784,CPT,7253521,300,GAMMAGLOBULIN EA/9,10.34,7.76,both
san_ramon,83520,CPT,7253535,300,GANGLIOSIDE AB/3,46.0,34.5,both
san_ramon,83520,CPT,7253536,300,GANGLIOSIDE AB/4,38.07,28.55,both
san_ramon,83520,CPT,7253601,300,GANGLIOSIDE AB/5,17.08,12.81,both
san_ramon,78264,CPT,5208276,341,GASTRIC EMPTYING STUDY,10137.0,7602.75,both
san_ramon,82941,CPT,7252941,300,GASTRIN,4.72,3.54,both
san_ramon,87591,CPT,7257592,300,GC DNA AMP PROBE,9.0,6.75,both
san_ramon,,,5335703,250,GELATIN SPONGE ABS12X7EA,417.0,312.75,both
san_ramon,,,5320840,250,GEMCITABINE PER 200MG IJ,2006.0,1504.5,both
san_ramon,,,5320840,636,GEMCITABINE PER 200MG IJ,2006.0,1504.5,both
san_ramon,,,5305311,250,GEMFIBROZIL 600MG TB,136.0,102.0,both
san_ramon,,,5305311,637,GEMFIBROZIL 600MG TB,136.0,102.0,both
san_ramon,,,4021480,278,GEN NSTIM INTERSTIM 3058,86999.0,65249.25,both
san_ramon,,,4008504,278,GEN NSTM PROCLAIM ELITE 3662,202493.0,151869.75,both
san_ramon,80170,CPT,4103004,300,GENTAMICIN,1421.0,1065.75,both
san_ramon,80170,CPT,4153004,300,GENTAMICIN,622.0,466.5,both
san_ramon,,,5331031,250,GENTAMICIN .3% 3.5GM OO,594.0,445.5,both
san_ramon,,,5331031,637,GENTAMICIN .3% 3.5GM OO,594.0,445.5,both
san_ramon,,,5331038,250,GENTAMICIN .3% 5ML OS,538.0,403.5,both
san_ramon,,,5331038,637,GENTAMICIN .3% 5ML OS,538.0,403.5,both
san_ramon,,,5320851,250,GENTAMICIN NEO CMPD IJ,98.0,73.5,both
san_ramon,,,5320851,636,GENTAMICIN NEO CMPD IJ,98.0,73.5,both
san_ramon,,,5320846,250,GENTAMICIN UPTO 80 PMXIJ,276.0,207.0,both
san_ramon,,,5320846,636,GENTAMICIN UPTO 80 PMXIJ,276.0,207.0,both
san_ramon,,,5320852,250,GENTAMICIN UPTO 80MG IJ,254.0,190.5,both
san_ramon,,,5320852,636,GENTAMICIN UPTO 80MG IJ,254.0,190.5,both
san_ramon,80170,CPT,4103009,300,GENTAMICIN/2,1421.0,1065.75,both
san_ramon,80170,CPT,4103012,300,GENTAMICIN/3,1421.0,1065.75,both
san_ramon,,,5315288,250,GF/CODEINE10-100/5 5MLLQ,15.0,11.25,both
san_ramon,,,5315288,637,GF/CODEINE10-100/5 5MLLQ,15.0,11.25,both
san_ramon,,,5315304,250,GF/DM 100-10/5 10ML LQ,15.0,11.25,both
san_ramon,,,5315304,637,GF/DM 100-10/5 10ML LQ,15.0,11.25,both
san_ramon,,,5315303,250,GF/DM 100-10/5 5ML LQ,14.0,10.5,both
san_ramon,,,5315303,637,GF/DM 100-10/5 5ML LQ,14.0,10.5,both
san_ramon,,,6909888,360,GFT EPIDRML HEAD 1ST 100,14630.0,10972.5,both
san_ramon,,,6909888,361,GFT EPIDRML HEAD 1ST 100,14630.0,10972.5,both
san_ramon,82977,CPT,4102980,300,GGT,95.0,71.25,both
san_ramon,82977,CPT,4152980,300,GGT,90.0,67.5,both
san_ramon,82977,CPT,7252980,300,GGT,20.0,15.0,both
san_ramon,,,5315254,250,GI COCKTAIL LQ,485.0,363.75,both
san_ramon,,,5315254,637,GI COCKTAIL LQ,485.0,363.75,both
san_ramon,87507,CPT,7257508,300,GI PATHOGEN 12-15 AMP PROBE,195.0,146.25,both
san_ramon,87507,CPT,7257507,300,GI PATHOGEN 12-15 AMP PROBE/2,195.0,146.25,both
san_ramon,,,5073571,710,GI RECOVERY EA ADD 15MIN,553.0,414.75,both
san_ramon,,,5073570,710,GI RECOVERY INIT 30 MIN,916.0,687.0,both
san_ramon,,,5073551,750,GI SURG LVL I EA ADD 15,5283.0,3962.25,both
san_ramon,,,5073550,750,GI SURG LVL I INT 30MIN,10831.0,8123.25,both
san_ramon,,,5073553,750,GI SURG LVL II EA ADD 15,6076.0,4557.0,both
san_ramon,,,5073552,750,GI SURG LVL II INT 30MIN,12152.0,9114.0,both
san_ramon,74340,CPT,4904340,320,GI TUBE INTRO W/FLUORO,2842.0,2131.5,both
san_ramon,87329,CPT,4107328,300,GIARDIA IA,736.0,552.0,both
san_ramon,87329,CPT,4157328,300,GIARDIA IA,662.0,496.5,both
san_ramon,86674,CPT,7256674,300,GIARDIA LAMBLIA AB,33.0,24.75,both
san_ramon,,,4013500,278,GLEN PEG/KEEL/HYBRD TORNIER CL,10227.0,7670.25,both
san_ramon,,,4013498,278,GLENOID GLENOSPHERE TORNIER CL,19596.0,14697.0,both
san_ramon,,,4012932,278,GLENOID PEG KEEL HYB ZIMM CL,13054.0,9790.5,both
san_ramon,,,4013422,278,GLENOSPHERE GLENOID DJO CL,10887.0,8165.25,both
san_ramon,,,4013022,278,GLENOSPHERE STRYKER CL,9551.0,7163.25,both
san_ramon,,,4012933,278,GLENOSPHERE ZIMMER CL,12164.0,9123.0,both
san_ramon,86258,CPT,7253508,300,GLIADIN AB,7.68,5.76,both
san_ramon,86258,CPT,7254213,300,GLIADIN AB/2,7.67,5.75,both
san_ramon,86258,CPT,7256153,300,GLIADIN AB/4,3.67,2.75,both
san_ramon,,,5305321,250,GLIMEPIRIDE 2MG TB,47.0,35.25,both
san_ramon,,,5305321,637,GLIMEPIRIDE 2MG TB,47.0,35.25,both
san_ramon,,,5305322,250,GLIMEPIRIDE 4MG TB,47.0,35.25,both
san_ramon,,,5305322,637,GLIMEPIRIDE 4MG TB,47.0,35.25,both
san_ramon,,,5305345,250,GLIPIZIDE 5MG TB,71.0,53.25,both
san_ramon,,,5305345,637,GLIPIZIDE 5MG TB,71.0,53.25,both
san_ramon,,,5305346,250,GLIPIZIDE 5MG TB,50.0,37.5,both
san_ramon,,,5305346,637,GLIPIZIDE 5MG TB,50.0,37.5,both
san_ramon,82943,CPT,7252943,300,GLUCAGON,17.1,12.83,both
san_ramon,,,5320898,250,GLUCAGON PER 1MG IJ,1285.0,963.75,both
san_ramon,,,5320898,636,GLUCAGON PER 1MG IJ,1285.0,963.75,both
san_ramon,,,5315195,250,GLUCOSE 40% 3ML GL LQ,28.0,21.0,both
san_ramon,,,5315195,637,GLUCOSE 40% 3ML GL LQ,28.0,21.0,both
san_ramon,,,5305354,250,GLUCOSE 4GM CTB,5.0,3.75,both
san_ramon,,,5305354,637,GLUCOSE 4GM CTB,5.0,3.75,both
san_ramon,82962,CPT,4102962,300,GLUCOSE BLD BY MONIT DEV,180.0,135.0,both
san_ramon,82962,CPT,4152962,300,GLUCOSE BLD BY MONIT DEV,172.0,129.0,both
san_ramon,82947,CPT,4102947,300,GLUCOSE QUANTITATIVE,238.0,178.5,both
san_ramon,82947,CPT,4152947,300,GLUCOSE QUANTITATIVE,116.0,87.0,both
san_ramon,82947,CPT,7252947,300,GLUCOSE QUANTITATIVE,22.79,17.09,both
san_ramon,82951,CPT,4152951,300,GLUCOSE TOLERANCE 3SPEC,972.0,729.0,both
san_ramon,,,5305411,250,GLYBURIDE 2.5MG TB,76.0,57.0,both
san_ramon,,,5305411,637,GLYBURIDE 2.5MG TB,76.0,57.0,both
san_ramon,,,5305413,250,GLYBURIDE 5MG TB,80.0,60.0,both
san_ramon,,,5305413,637,GLYBURIDE 5MG TB,80.0,60.0,both
san_ramon,82985,CPT,7252985,300,GLYCATED PROTEIN,4.5,3.38,both
san_ramon,,,5334372,250,GLYCER/WITCH HAZ PAD10EA,39.0,29.25,both
san_ramon,,,5334372,637,GLYCER/WITCH HAZ PAD10EA,39.0,29.25,both
san_ramon,,,5334371,250,GLYCER/WITCH HAZ PAD12EA,71.0,53.25,both
san_ramon,,,5334371,637,GLYCER/WITCH HAZ PAD12EA,71.0,53.25,both
san_ramon,,,5335782,250,GLYCER/WITCHHAZ PAD100EA,36.0,27.0,both
san_ramon,,,5335782,637,GLYCER/WITCHHAZ PAD100EA,36.0,27.0,both
san_ramon,,,5338409,250,GLYCERIN ADULT SU,53.0,39.75,both
san_ramon,,,5338409,637,GLYCERIN ADULT SU,53.0,39.75,both
san_ramon,,,5338413,250,GLYCERIN INFANT SU,45.0,33.75,both
san_ramon,,,5338413,637,GLYCERIN INFANT SU,45.0,33.75,both
san_ramon,,,5305429,250,GLYCOPYRROLATE 1MG TB,53.0,39.75,both
san_ramon,,,5305429,637,GLYCOPYRROLATE 1MG TB,53.0,39.75,both
san_ramon,,,5305433,250,GLYCOPYRROLATE 2MG TB,27.0,20.25,both
san_ramon,,,5305433,637,GLYCOPYRROLATE 2MG TB,27.0,20.25,both
san_ramon,,,5320923,250,GLYCOPYRROLATE PER 0.1MG IJ,9.0,6.75,both
san_ramon,,,5320923,636,GLYCOPYRROLATE PER 0.1MG IJ,9.0,6.75,both
san_ramon,84702,CPT,4103014,300,GONADTOPN CHORNC(HCG)QNT,1570.0,1177.5,both
san_ramon,84702,CPT,4153014,300,GONADTOPN CHORNC(HCG)QNT,872.0,654.0,both
san_ramon,84702,CPT,7253014,300,GONADTOPN CHORNC(HCG)QNT,5.0,3.75,both
san_ramon,84703,CPT,4103013,300,GONADTOPN CHRONC(HCG)QL,1462.0,1096.5,both
san_ramon,84703,CPT,4153013,300,GONADTOPN CHRONC(HCG)QL,658.0,493.5,both
san_ramon,,,4021505,250,GRAFIX CORE PER SQ CM,748.0,561.0,both
san_ramon,,,4021505,636,GRAFIX CORE PER SQ CM,748.0,561.0,both
san_ramon,,,4021503,250,GRAFIX PRIME PER SQ CM,506.0,379.5,both
san_ramon,,,4021503,636,GRAFIX PRIME PER SQ CM,506.0,379.5,both
san_ramon,,,8151555,278,GRAFT TENDON,17000.0,12750.0,both
san_ramon,87205,CPT,4107205,300,GRAM STAIN SMEAR,665.0,498.75,both
san_ramon,87205,CPT,4157205,300,GRAM STAIN SMEAR,670.0,502.5,both
san_ramon,87205,CPT,4158705,300,GRAM STAIN SMEAR/3,458.0,343.5,both
san_ramon,87205,CPT,4108705,300,GRAM STAIN SMEAR/4,631.0,473.25,both
san_ramon,,,4022321,278,GRFT CNTRLTRL LEG,33181.0,24885.75,both
san_ramon,,,4021490,278,GRFT DVF WOVN HEMASHLD2,3184.0,2388.0,both
san_ramon,,,4028416,278,GRFT ENT REPR BIODESIGN,2933.0,2199.75,both
san_ramon,,,4022322,278,GRFT IPSLTRL LEG,71867.0,53900.25,both
san_ramon,,,8142074,278,GRFT MARLEX MSH SM,702.0,526.5,both
san_ramon,,,8142103,278,GRFT MESH COMPOSIX 6X8,1600.0,1200.0,both
san_ramon,,,8142090,278,GRFT MESH PROLN,825.0,618.75,both
san_ramon,,,8122167,278,GRFT OCULAR AMNIO MEMBRN,6115.0,4586.25,both
san_ramon,,,8142125,278,GRFT PTCH,1754.0,1315.5,both
san_ramon,,,4021706,278,GRFT RECTOPEXY BIODESIGN,14307.0,10730.25,both
san_ramon,,,4028445,278,GRFT STNT AAA BIFURCATED,116994.0,87745.5,both
san_ramon,,,4025602,278,GRFT STNT CNTRLTRL ILIAC,75065.0,56298.75,both
san_ramon,,,4022327,278,GRFT VASC CAROTID,1133.0,849.75,both
san_ramon,,,8142225,278,GRFT VASC STR B,11762.0,8821.5,both
san_ramon,,,8142250,278,GRFT VASC STR I,17697.0,13272.75,both
san_ramon,,,8240177,278,GRFT VASCULAR,17205.0,12903.75,both
san_ramon,,,8240158,278,GRFT VASCULAR 2,4431.0,3323.25,both
san_ramon,,,8240159,278,GRFT VASCULAR 3,8606.0,6454.5,both
san_ramon,,,8246578,278,GRFT VASCULAR 4,11195.0,8396.25,both
san_ramon,,,4022323,278,GRFT VSC STNT EX CUFF,23278.0,17458.5,both
san_ramon,83003,CPT,7253003,300,GROWTH HORMONE(HGH),7.94,5.96,both
san_ramon,82952,CPT,4102952,300,GTT EA ADD >3SPEC,812.0,609.0,both
san_ramon,,,5315285,250,GUAF 100MG/5ML 5ML LQ,83.0,62.25,both
san_ramon,,,5315285,637,GUAF 100MG/5ML 5ML LQ,83.0,62.25,both
san_ramon,,,5315280,250,GUAF 200MG/10ML LQ,32.0,24.0,both
san_ramon,,,5315280,637,GUAF 200MG/10ML LQ,32.0,24.0,both
san_ramon,,,5305481,250,GUAIFENESIN 600MG XR TB,39.0,29.25,both
san_ramon,,,5305481,637,GUAIFENESIN 600MG XR TB,39.0,29.25,both
san_ramon,,,5305540,250,GUANFACINE 1MG TB,88.0,66.0,both
san_ramon,,,5305540,637,GUANFACINE 1MG TB,88.0,66.0,both
san_ramon,,,5051030,360,GUIDE CATH FLUID DRAINAG,1963.0,1472.25,both
san_ramon,,,8240179,272,GUIDEWIRE,1289.0,966.75,both
san_ramon,,,8240163,272,GUIDEWIRE II,1357.0,1017.75,both
san_ramon,,,8073055,272,GW,147.0,110.25,both
san_ramon,,,8073060,272,GW,1748.0,1311.0,both
san_ramon,,,8073075,272,GW,788.0,591.0,both
san_ramon,,,8073085,272,GW,1213.0,909.75,both
san_ramon,,,4032518,272,GW BLUNT,986.0,739.5,both
san_ramon,,,8073100,272,GW COOK,4597.0,3447.75,both
san_ramon,,,8073135,272,GW CV/VR,486.0,364.5,both
san_ramon,,,8246666,272,GW GLIDEWIRE STD ANGLE,410.0,307.5,both
san_ramon,,,8246668,272,GW GLIDEWIRE STD STRT,352.0,264.0,both
san_ramon,,,8246725,272,GW HP JAGWIRE SNGL USE,844.0,633.0,both
san_ramon,,,8073175,272,GW KT,259.0,194.25,both
san_ramon,,,8073507,272,GW PERIPHERL ASAHI GLADIUS,2995.0,2246.25,both
san_ramon,,,8073247,272,GW SUPER STIFF,320.0,240.0,both
san_ramon,,,4032529,272,GW VIPERWIRE,837.0,627.75,both
san_ramon,,,8241322,272,GW WAVEWIRE PRESSURE,5370.0,4027.5,both
san_ramon,,,5337744,250,GYLCER/WITCH HAZ PAD40EA,40.0,30.0,both
san_ramon,,,5337744,637,GYLCER/WITCH HAZ PAD40EA,40.0,30.0,both
san_ramon,86305,CPT,7256309,300,H EPIDIDYMIS PROTEIN 4/2,180.0,135.0,both
san_ramon,83013,CPT,7253007,300,H PYLORI BRTH TST,73.31,54.98,both
san_ramon,87338,CPT,7257338,300,H. PYLORI STOOL IA,28.0,21.0,both
san_ramon,,,8130078,274,HALO CERV INTO JCKT VEST,47657.0,35742.75,both
san_ramon,,,5305614,250,HALOPERIDOL 1MG TB,60.0,45.0,both
san_ramon,,,5305614,637,HALOPERIDOL 1MG TB,60.0,45.0,both
san_ramon,,,5305618,250,HALOPERIDOL 2MG TB,84.0,63.0,both
san_ramon,,,5305618,637,HALOPERIDOL 2MG TB,84.0,63.0,both
san_ramon,,,5305622,250,HALOPERIDOL 5MG TB,80.0,60.0,both
san_ramon,,,5305622,637,HALOPERIDOL 5MG TB,80.0,60.0,both
san_ramon,,,5320972,250,HALOPERIDOL UP TO 5MG IJ,518.0,388.5,both
san_ramon,,,5320972,636,HALOPERIDOL UP TO 5MG IJ,518.0,388.5,both
san_ramon,73120,CPT,4903120,320,HAND 2 VIEWS,1457.0,1092.75,both
san_ramon,73130,CPT,4903130,320,HAND 3 VIEWS MINIMUM,2750.0,2062.5,both
san_ramon,94640,CPT,5500122,410,HAND HELD NEB TREATMENT,1178.0,883.5,both
san_ramon,83010,CPT,4103010,300,HAPTOGLOBIN QUANT,589.0,441.75,both
san_ramon,83010,CPT,4153010,300,HAPTOGLOBIN QUANT,351.0,263.25,both
san_ramon,83010,CPT,7253010,300,HAPTOGLOBIN QUANT,3.67,2.75,both
san_ramon,83010,CPT,7253011,300,HAPTOGLOBIN QUANT/2,3.67,2.75,both
san_ramon,,,6900020,413,HB FUL BDY CHMBR P 30MIN,1697.0,1272.75,both
san_ramon,81257,CPT,7251257,310,HBA 1/2 DELETES/VARIANTS,285.08,213.81,both
san_ramon,87467,CPT,7256287,300,HBS IA,2.35,1.76,both
san_ramon,,,5335886,250,HCTS .5% 30GM CR,372.0,279.0,both
san_ramon,,,5335886,637,HCTS .5% 30GM CR,372.0,279.0,both
san_ramon,,,5335911,250,HCTS 1% 30GM CR,409.0,306.75,both
san_ramon,,,5335911,637,HCTS 1% 30GM CR,409.0,306.75,both
san_ramon,,,5335895,250,HCTS 1% 30GM OI,409.0,306.75,both
san_ramon,,,5335895,637,HCTS 1% 30GM OI,409.0,306.75,both
san_ramon,,,5335918,250,HCTS 2.5% 20GM CR,153.0,114.75,both
san_ramon,,,5335918,637,HCTS 2.5% 20GM CR,153.0,114.75,both
san_ramon,,,5335925,250,HCTS 2.5% 20GM OI,106.0,79.5,both
san_ramon,,,5335925,637,HCTS 2.5% 20GM OI,106.0,79.5,both
san_ramon,,,5335913,250,HCTS 2.5% 30GM CR,367.0,275.25,both
san_ramon,,,5335913,637,HCTS 2.5% 30GM CR,367.0,275.25,both
san_ramon,,,5338485,250,HCTS 2.5% 30GM R CR,456.0,342.0,both
san_ramon,,,5338485,637,HCTS 2.5% 30GM R CR,456.0,342.0,both
san_ramon,,,5338493,250,HCTS 25MG SU,32.0,24.0,both
san_ramon,,,5338493,637,HCTS 25MG SU,32.0,24.0,both
san_ramon,,,5321243,250,HCTS SS PER 100MG IJ,419.0,314.25,both
san_ramon,,,5321243,636,HCTS SS PER 100MG IJ,419.0,314.25,both
san_ramon,,,5335906,250,HCTS/PRAMOX 10GM R FOAM,815.0,611.25,both
san_ramon,,,5335906,637,HCTS/PRAMOX 10GM R FOAM,815.0,611.25,both
san_ramon,,,5305714,250,HCTZ 12.5MG CP,24.0,18.0,both
san_ramon,,,5305714,637,HCTZ 12.5MG CP,24.0,18.0,both
san_ramon,,,5305715,250,HCTZ 25MG TB,60.0,45.0,both
san_ramon,,,5305715,637,HCTZ 25MG TB,60.0,45.0,both
san_ramon,87902,CPT,7257523,300,HCV GENOTYPE,74.0,55.5,both
san_ramon,,,4013440,278,HD FM ALL MTL NON MTL MEDAC CL,4081.0,3060.75,both
san_ramon,,,4012952,278,HEAD CERAM SLEEVES ZIMMER CL,1200.0,900.0,both
san_ramon,,,4012811,278,HEAD FEM ALL MTL UNIPL DPY CL,4942.0,3706.5,both
san_ramon,,,4012812,278,HEAD FEM CERAM ANY SZ DPY CL,6424.0,4818.0,both
san_ramon,,,4013053,278,HEAD FEM CERAM ANY SZ STRY CL,7534.0,5650.5,both
san_ramon,,,4012968,278,HEAD FEM CERAM ANY SZ ZIMM CL,8814.0,6610.5,both
san_ramon,,,4012895,278,HEAD FEM CERAMC INC OXI SN CL,8543.0,6407.25,both
san_ramon,,,4012969,278,HEAD FEM MAGNUM HD ZIMMER CL,4196.0,3147.0,both
san_ramon,,,4012894,278,HEAD FEM METAL UNIPOLAR SN CL,3796.0,2847.0,both
san_ramon,,,4012809,278,HEAD FEM UNIPOLAR DEPUY CL,3459.0,2594.25,both
san_ramon,,,4013052,278,HEAD FEMORAL BIPOLAR STRYK CL,3184.0,2388.0,both
san_ramon,,,4013051,278,HEAD FEMORL ALL METAL STRK CL,3184.0,2388.0,both
san_ramon,,,4012904,278,HEAD HIP RESURFCING BHR SN CL,46261.0,34695.75,both
san_ramon,,,4012935,278,HEAD HUM STD OFFST ECC ZIM CL,13054.0,9790.5,both
san_ramon,,,4013117,278,HEAD HUM STD OFST ECC DEPY CL,14241.0,10680.75,both
san_ramon,83018,CPT,7253018,300,HEAVY METAL QUAN/4,52.0,39.0,both
san_ramon,83018,CPT,7253019,300,HEAVY METAL QUAN/5,21.99,16.49,both
san_ramon,86677,CPT,7256057,300,HELICOBACTER PYLORI AB,11.61,8.71,both
san_ramon,86677,CPT,7256074,300,HELICOBACTER PYLORI AB/2,5.7,4.28,both
san_ramon,86677,CPT,7256076,300,HELICOBACTER PYLORI AB/3,5.7,4.28,both
san_ramon,86682,CPT,7256342,300,HELMINTH AB NES/5,55.0,41.25,both
san_ramon,85014,CPT,4105014,300,HEMATOCRIT,593.0,444.75,both
san_ramon,85014,CPT,4155014,300,HEMATOCRIT,173.0,129.75,both
san_ramon,85014,CPT,7255014,300,HEMATOCRIT,3.0,2.25,both
san_ramon,86941,CPT,7258694,300,HEMO & AGGLU INCUBATED,195.0,146.25,both
san_ramon,81256,CPT,7259211,310,HEMOCHROM COMMON VARIANT/2,61.09,45.82,both
san_ramon,83021,CPT,7253021,300,HEMOGLOBIN FRAC & QNT,9.16,6.87,both
san_ramon,83021,CPT,7257061,300,HEMOGLOBIN FRAC & QNT/3,9.16,6.87,both
san_ramon,83036,CPT,4102994,300,HEMOGLOBIN GLYCATED,1269.0,951.75,both
san_ramon,83036,CPT,4152994,300,HEMOGLOBIN GLYCATED,558.0,418.5,both
san_ramon,83036,CPT,7252994,300,HEMOGLOBIN GLYCATED,2.28,1.71,both
san_ramon,83020,CPT,7250144,300,HEMOGLOBN ELECTRPHORESIS/2,9.16,6.87,both
san_ramon,86705,CPT,7256294,300,HEP B CORE AB IGM,3.5,2.63,both
san_ramon,86704,CPT,7256704,300,HEP B CORE AB TOTAL/2,5.0,3.75,both
san_ramon,86706,CPT,7256706,300,HEP B SURFACE AB,2.82,2.12,both
san_ramon,90746,CPT,5321114,636,HEP B VAC ADULT IJ,1101.0,825.75,both
san_ramon,90744,CPT,5321115,636,HEP B VAC PED/ADOL3DS IJ,611.0,458.25,both
san_ramon,87521,CPT,7253504,300,HEP C AMPLIFIED PROBE/2,54.57,40.93,both
san_ramon,87522,CPT,7253934,300,HEP C QUANT/2,65.16,48.87,both
san_ramon,,,5321104,250,HEPAGAM B IV PER 0.5MLIJ,1024.0,768.0,both
san_ramon,,,5321104,636,HEPAGAM B IV PER 0.5MLIJ,1024.0,768.0,both
san_ramon,85520,CPT,4105520,300,HEPARIN ASSAY,676.0,507.0,both
san_ramon,,,5321010,250,HEPARIN FL PER10U PFS IJ,13.0,9.75,both
san_ramon,,,5321010,636,HEPARIN FL PER10U PFS IJ,13.0,9.75,both
san_ramon,,,5320991,250,HEPARIN FLUSH PER 10U IJ,1.0,0.75,both
san_ramon,,,5320991,636,HEPARIN FLUSH PER 10U IJ,1.0,0.75,both
san_ramon,,,5321096,250,HEPARIN NEO PER 1ML IJ,4.0,3.0,both
san_ramon,,,5321063,250,HEPARIN PER 1000U IJ,87.0,65.25,both
san_ramon,,,5321063,636,HEPARIN PER 1000U IJ,87.0,65.25,both
san_ramon,,,5321102,250,HEPARIN PER 1000U PMX IJ,98.0,73.5,both
san_ramon,,,5321102,636,HEPARIN PER 1000U PMX IJ,98.0,73.5,both
san_ramon,80076,CPT,4100109,300,HEPATIC FUNCTION PANEL,2748.0,2061.0,both
san_ramon,80076,CPT,4150109,300,HEPATIC FUNCTION PANEL,1221.0,915.75,both
san_ramon,75891,CPT,4615892,320,HEPATIC VENGPHY WO/EVAL,5131.0,3848.25,both
san_ramon,86708,CPT,7256291,300,HEPATITIS A AB,5.0,3.75,both
san_ramon,86709,CPT,7256303,300,HEPATITIS A AB IGM,4.7,3.53,both
san_ramon,90371,CPT,5321108,250,HEPATITIS B IG IM .5MLIJ,2239.0,1679.25,both
san_ramon,90371,CPT,5321113,250,HEPATITIS B IG IM 1MLIJ,2926.0,2194.5,both
san_ramon,90371,CPT,5321113,636,HEPATITIS B IG IM 1MLIJ,2926.0,2194.5,both
san_ramon,87517,CPT,7258675,300,HEPATITIS B QUANT/3,73.31,54.98,both
san_ramon,,,3110471,771,HEPATITIS B VACC ADMIN,238.0,178.5,both
san_ramon,,,5760010,771,HEPATITIS B VACC ADMIN,148.0,111.0,both
san_ramon,,,6100010,771,HEPATITIS B VACC ADMIN,284.0,213.0,both
san_ramon,,,6160010,771,HEPATITIS B VACC ADMIN,284.0,213.0,both
san_ramon,,,6290010,771,HEPATITIS B VACC ADMIN,284.0,213.0,both
san_ramon,86707,CPT,7256296,300,HEPATITIS BE ANTIBODY,2.82,2.12,both
san_ramon,87350,CPT,7256293,300,HEPATITIS BE IA,2.35,1.76,both
san_ramon,86804,CPT,7256804,300,HEPATITIS C AB CONFIRM TST,61.09,45.82,both
san_ramon,86803,CPT,7256304,300,HEPATITIS C ANTIBODY,5.19,3.89,both
san_ramon,86692,CPT,7256297,300,HEPATITIS DELTA AGENT AB,15.0,11.25,both
san_ramon,78227,CPT,5208227,341,HEPATOBIL IMAGE W/DRUG,8918.0,6688.5,both
san_ramon,78226,CPT,5208226,341,HEPATOBILIARY SYSTEM IMG,8918.0,6688.5,both
san_ramon,86695,CPT,7256298,300,HERPES AB SMPLX TYPE 1,12.01,9.01,both
san_ramon,86695,CPT,7256697,300,HERPES AB SMPLX TYPE 1/3,10.0,7.5,both
san_ramon,86696,CPT,7258680,300,HERPES AB SMPLX TYPE 2/7,10.0,7.5,both
san_ramon,86694,CPT,7256695,300,HERPES AB SMPLX/2,5.7,4.28,both
san_ramon,87529,CPT,7257531,300,HERPES SIMPLX AMP PRB,16.29,12.22,both
san_ramon,87529,CPT,7257530,300,HERPES SIMPLX AMP PRB/2,16.29,12.22,both
san_ramon,,,5321127,250,HETASTARCH 6% 500ML IJ,1298.0,973.5,both
san_ramon,86308,CPT,4106003,300,HETEROPHILE AB SCREEN,1010.0,757.5,both
san_ramon,86308,CPT,4156003,300,HETEROPHILE AB SCREEN,646.0,484.5,both
san_ramon,82274,CPT,4102274,300,HGB FECAL IA,593.0,444.75,both
san_ramon,82274,CPT,4152274,300,HGB FECAL IA,384.0,288.0,both
san_ramon,94664,CPT,5500120,410,HHN TX DEMO AND/OR EVAL,2664.0,1998.0,both
san_ramon,,,1990098,206,HIGH RISK OBSTETRICS,23971.0,17978.25,both
san_ramon,,,2510098,206,HIGH RISK OBSTETRICS,23971.0,17978.25,both
san_ramon,73525,CPT,4903525,320,HIP ARTHROGRAPHY,4482.0,3361.5,both
san_ramon,73521,CPT,4903520,320,HIP BI W/PEL 2WS,3061.0,2295.75,both
san_ramon,,,4012800,278,HIP CENTRALIZER ACC DEPUY CL,702.0,526.5,both
san_ramon,,,4012821,278,HIP PART SLF CENT COMP DPY CL,4231.0,3173.25,both
san_ramon,,,4012993,278,HIP PART SLF CNT COMP ZIM CL,4388.0,3291.0,both
san_ramon,,,4012989,278,HIP PARTIAL BIPLR CUP ZIMM CL,2998.0,2248.5,both
san_ramon,,,4012990,278,HIP PARTIAL BIPLR LNR ZIMM CL,2697.0,2022.75,both
san_ramon,,,4013213,278,HIP PRT SLF CENT CMP CORIN CL,3954.0,2965.5,both
san_ramon,,,4012950,278,HIP SCREWS ZIMMER CL,600.0,450.0,both
san_ramon,73501,CPT,4903500,320,HIP UNI SINGLE VIEW,1789.0,1341.75,both
san_ramon,73503,CPT,4903503,320,HIP UNI W/PEL 4+VWS,2149.0,1611.75,both
san_ramon,73502,CPT,4903505,320,HIP UNI W/PELV 2-3 VWS,2149.0,1611.75,both
san_ramon,73501,CPT,4903501,320,HIP UNI W/PELVIS 1VW,1858.0,1393.5,both
san_ramon,73502,CPT,4903510,320,HIP UNILATERAL 2-3 VWS,2219.0,1664.25,both
san_ramon,83088,CPT,7253092,300,HISTAMINE/3,8.55,6.41,both
san_ramon,86255,CPT,7258673,300,HISTONE AB,10.0,7.5,both
san_ramon,87385,CPT,7257386,300,HISTOPLASMA IA,71.75,53.81,both
san_ramon,87385,CPT,7253507,300,HISTOPLASMA IA/3,71.75,53.81,both
san_ramon,86698,CPT,7256176,300,HISTOPLASMOSIS AB,14.78,11.09,both
san_ramon,86701,CPT,7256701,300,HIV 1 AB,16.18,12.14,both
san_ramon,87806,CPT,4107827,300,HIV 1 AG HIV1/2 AB DIR OPT,638.0,478.5,both
san_ramon,87806,CPT,4157806,300,HIV 1 AG HIV1/2 AB DIR OPT,638.0,478.5,both
san_ramon,87535,CPT,7256323,300,HIV 1 AMP PROBE,84.71,63.53,both
san_ramon,86702,CPT,7256702,300,HIV 2 AB,16.19,12.14,both
san_ramon,87538,CPT,7257538,300,HIV 2 AMP PROBE,61.0,45.75,both
san_ramon,87901,CPT,7257902,300,HIV GENO PROTEAS REGION,339.5,254.63,both
san_ramon,87536,CPT,7257536,300,HIV-1 QUANT,60.0,45.0,both
san_ramon,87536,CPT,7257537,300,HIV-1 QUANT/5,74.93,56.2,both
san_ramon,81374,CPT,7259200,310,HLA I AG EQUIV EACH LOW/2,18.75,14.06,both
san_ramon,81381,CPT,7251381,310,HLA I ONE ALELE/GRP HIGH,150.28,112.71,both
san_ramon,81381,CPT,7251385,310,HLA I ONE ALELE/GRP HIGH/2,175.5,131.63,both
san_ramon,81373,CPT,7251373,310,HLA I ONE LOCUS LOW,47.24,35.43,both
san_ramon,81378,CPT,7251378,310,HLA I/II HIGH RESOLUTION,1264.12,948.09,both
san_ramon,81377,CPT,7251374,300,HLA II AG EQUIV EACH LOW,47.0,35.25,both
san_ramon,81383,CPT,7251383,310,HLA II ONE ALELE/GRP HGH,65.4,49.05,both
san_ramon,81382,CPT,7251382,310,HLA II ONE LOCUS HIGH,472.5,354.38,both
san_ramon,85460,CPT,4105460,300,HMOGLBN FETAL(KLEIHAUER),1279.0,959.25,both
san_ramon,,,8130045,274,HO POST-OP HIP ABDUCTION,16048.0,12036.0,both
san_ramon,,,5356186,255,HOCM 350-399MG/ML ID 1ML,4.0,3.0,both
san_ramon,,,5356186,636,HOCM 350-399MG/ML ID 1ML,4.0,3.0,both
san_ramon,,,5356181,255,HOCM < = 149MG/ML ID 1ML,1.0,0.75,both
san_ramon,,,5356181,636,HOCM < = 149MG/ML ID 1ML,1.0,0.75,both
san_ramon,83090,CPT,7253089,300,HOMOCYSTEINE QUANT/2,10.0,7.5,both
san_ramon,,,1990076,115,HOSPICE PRIVATE,15730.0,11797.5,both
san_ramon,,,2150076,115,HOSPICE PRIVATE,15730.0,11797.5,both
san_ramon,87255,CPT,7257260,300,HSV CUL W/ID NON IMMUNO,14.0,10.5,both
san_ramon,87532,CPT,7257532,300,HSV-6 AMP PROBE,115.0,86.25,both
san_ramon,86790,CPT,7256791,300,HTLV ANTIBODY/2,6.13,4.6,both
san_ramon,86255,CPT,7254193,300,HU ANTIBODY SCREEN,26.48,19.86,both
san_ramon,73060,CPT,4903060,320,HUMERUS 2 VIEW MINIMUM,2540.0,1905.0,both
san_ramon,,,4013508,278,HUMRL SPACR OR TRY TORNIER CL,8369.0,6276.75,both
san_ramon,,,5331158,250,HYALURON 14MG/1ML SGIJ,453.0,339.75,both
san_ramon,,,5321190,250,HYALURON 23M/M .6MLPFSIJ,1710.0,1282.5,both
san_ramon,,,5321197,250,HYALURON/CHONDR .5ML IJ,4614.0,3460.5,both
san_ramon,,,5321199,250,HYALURON/CHONDR .75ML IJ,2022.0,1516.5,both
san_ramon,,,5335851,250,HYALURON/CHONDR.5MLKTIJ,2533.0,1899.75,both
san_ramon,,,5331157,250,HYALURON10MG/ML.4ML SGIJ,1491.0,1118.25,both
san_ramon,,,5331161,250,HYALURON10MG/ML.85MLSGIJ,2092.0,1569.0,both
san_ramon,,,5331156,250,HYALURON12MG/ML.8ML SGIJ,2025.0,1518.75,both
san_ramon,,,5331163,250,HYALURON14MG/ML.55MLSGIJ,1389.0,1041.75,both
san_ramon,,,5331166,250,HYALURON16MG/ML.8ML SGIJ,3064.0,2298.0,both
san_ramon,,,5331174,250,HYALURONATE 2.5% 1ML OVD IJ,453.0,339.75,both
san_ramon,,,5321201,250,HYALURONIDASE RECOMB 1U,4.0,3.0,both
san_ramon,,,5321201,636,HYALURONIDASE RECOMB 1U,4.0,3.0,both
san_ramon,,,5321181,250,HYALURONIDASE UPTO150UIJ,771.0,578.25,both
san_ramon,,,5321181,636,HYALURONIDASE UPTO150UIJ,771.0,578.25,both
san_ramon,,,5305672,250,HYDRALAZINE 10MG TB,45.0,33.75,both
san_ramon,,,5305672,637,HYDRALAZINE 10MG TB,45.0,33.75,both
san_ramon,,,5305676,250,HYDRALAZINE 25MG TB,60.0,45.0,both
san_ramon,,,5305676,637,HYDRALAZINE 25MG TB,60.0,45.0,both
san_ramon,,,5321202,250,HYDRALAZINE UPTO 20MG IJ,1139.0,854.25,both
san_ramon,,,5321202,636,HYDRALAZINE UPTO 20MG IJ,1139.0,854.25,both
san_ramon,,,5327565,250,HYDROCOD/APAP 10/325 TB,23.0,17.25,both
san_ramon,,,5327565,637,HYDROCOD/APAP 10/325 TB,23.0,17.25,both
san_ramon,,,5327558,250,HYDROCOD/APAP 15ML LQ,179.0,134.25,both
san_ramon,,,5327558,637,HYDROCOD/APAP 15ML LQ,179.0,134.25,both
san_ramon,,,5327554,250,HYDROCOD/APAP 5/325 TB,33.0,24.75,both
san_ramon,,,5327554,637,HYDROCOD/APAP 5/325 TB,33.0,24.75,both
san_ramon,,,5305742,250,HYDROCORTISONE 10MG TB,27.0,20.25,both
san_ramon,,,5305742,637,HYDROCORTISONE 10MG TB,27.0,20.25,both
san_ramon,,,5305739,250,HYDROCORTISONE 5MG TB,32.0,24.0,both
san_ramon,,,5305739,637,HYDROCORTISONE 5MG TB,32.0,24.0,both
san_ramon,,,5327690,250,HYDROMORPH PER 0.1MG PCA IJ,1.0,0.75,both
san_ramon,,,5327690,636,HYDROMORPH PER 0.1MG PCA IJ,1.0,0.75,both
san_ramon,,,5327587,250,HYDROMORPHONE 2MG TB,60.0,45.0,both
san_ramon,,,5327587,637,HYDROMORPHONE 2MG TB,60.0,45.0,both
san_ramon,,,5327593,250,HYDROMORPHONE 4MG TB,71.0,53.25,both
san_ramon,,,5327593,637,HYDROMORPHONE 4MG TB,71.0,53.25,both
san_ramon,,,5327673,250,HYDROMORPHONE PER 0.1MG IJ,7.0,5.25,both
san_ramon,,,5327673,636,HYDROMORPHONE PER 0.1MG IJ,7.0,5.25,both
san_ramon,,,5321212,250,HYDROXOCOBALAMIN IV PER 25MGIJ,21.0,15.75,both
san_ramon,,,5321212,636,HYDROXOCOBALAMIN IV PER 25MGIJ,21.0,15.75,both
san_ramon,,,5331200,250,HYDROXY METH20MG/1MLSGIJ,944.0,708.0,both
san_ramon,,,5331479,250,HYDROXY METHYL2.5%15MLOS,409.0,306.75,both
san_ramon,,,5331479,637,HYDROXY METHYL2.5%15MLOS,409.0,306.75,both
san_ramon,,,5305788,250,HYDROXYCHLOROQUN200MG TB,60.0,45.0,both
san_ramon,,,5305788,637,HYDROXYCHLOROQUN200MG TB,60.0,45.0,both
san_ramon,,,5412452,258,HYDROXYETH STRCH 6%500ML,876.0,657.0,both
san_ramon,,,5305811,250,HYDROXYUREA 500MG CP,92.0,69.0,both
san_ramon,,,5305811,637,HYDROXYUREA 500MG CP,92.0,69.0,both
san_ramon,,,5305830,250,HYDROXYZINE 10MG TB,39.0,29.25,both
san_ramon,,,5305830,637,HYDROXYZINE 10MG TB,39.0,29.25,both
san_ramon,,,5305834,250,HYDROXYZINE 25MG CP,71.0,53.25,both
san_ramon,,,5305834,637,HYDROXYZINE 25MG CP,71.0,53.25,both
san_ramon,,,5321315,250,HYDROXYZINE UPTO25MGIJ,196.0,147.0,both
san_ramon,,,5321315,636,HYDROXYZINE UPTO25MGIJ,196.0,147.0,both
san_ramon,83497,CPT,7253497,300,HYDRXINDOL ACD5(HIAA)QT,8.15,6.11,both
san_ramon,83498,CPT,7253498,300,HYDRXYPRGSTRONE 17-D/2,10.0,7.5,both
san_ramon,,,5305865,250,HYOSCYAMINE .125MG TB,60.0,45.0,both
san_ramon,,,5305865,637,HYOSCYAMINE .125MG TB,60.0,45.0,both
san_ramon,74740,CPT,4904740,320,HYSTEROSALPINGOGRAPHY,4458.0,3343.5,both
san_ramon,76831,CPT,5066831,402,HYSTEROSONOGRAPHY,3750.0,2812.5,both
san_ramon,,,5199516,343,I 123 SOD CAP PER 100UCI,189.0,141.75,both
san_ramon,,,5190014,278,I 125 NOSTRAND EA SOURCE,201.0,150.75,both
san_ramon,,,5190015,278,I 125 STRND PER SOURCE,240.0,180.0,both
san_ramon,,,5050060,360,I&D ABSCESS SIMP/SNGL,1898.0,1423.5,both
san_ramon,,,6900051,360,I&D ABSCESS SIMP/SNGL,1898.0,1423.5,both
san_ramon,,,6900051,361,I&D ABSCESS SIMP/SNGL,1898.0,1423.5,both
san_ramon,,,6900133,360,I&D COMPLEX DRAIN WOUND,21686.0,16264.5,both
san_ramon,,,6900133,361,I&D COMPLEX DRAIN WOUND,21686.0,16264.5,both
san_ramon,,,6909896,360,I&D HEMA SEROMA FL,7194.0,5395.5,both
san_ramon,,,6909896,361,I&D HEMA SEROMA FL,7194.0,5395.5,both
san_ramon,,,6901080,360,I&D PILONIDAL CYST SMPLE,5343.0,4007.25,both
san_ramon,,,6901080,361,I&D PILONIDAL CYST SMPLE,5343.0,4007.25,both
san_ramon,,,6900052,360,I&D SKIN ABSCESS COMPLEX,2857.0,2142.75,both
san_ramon,,,6900052,361,I&D SKIN ABSCESS COMPLEX,2857.0,2142.75,both
san_ramon,,,5192156,343,I123 IOFLUPANE PER DOSE,15734.0,11800.5,both
san_ramon,86317,CPT,7256319,300,IA INFECT AGENT AB QN NOS/6,2.82,2.12,both
san_ramon,86317,CPT,7256320,300,IA INFECT AGENT AB QN NOS/7,8.15,6.11,both
san_ramon,86317,CPT,7256617,300,IA INFECT AGENT AB QN NOS/9,7.33,5.5,both
san_ramon,86769,CPT,7250045,300,IA NFCT AB SARSCOV2 MULT,42.13,31.6,both
san_ramon,86769,CPT,7250051,300,IA NFCT AB SARSCOV2 MULT/2,42.13,31.6,both
san_ramon,86769,CPT,7250052,300,IA NFCT AB SARSCOV2 MULT/3,42.13,31.6,both
san_ramon,86316,CPT,7252399,300,IA TUMOR AG NES QUAN,28.0,21.0,both
san_ramon,86316,CPT,7253883,300,IA TUMOR AG NES QUAN/3,24.73,18.55,both
san_ramon,86304,CPT,7256900,300,IA TUMOR CA 125 QUAN,4.7,3.53,both
san_ramon,86300,CPT,7254898,300,IA TUMOR CA 15-3 QUAN,4.0,3.0,both
san_ramon,86300,CPT,7254998,300,IA TUMOR CA 15-3 QUAN/2,11.61,8.71,both
san_ramon,86301,CPT,7254900,300,IA TUMOR CA 19-9 QUAN,4.0,3.0,both
san_ramon,,,5315335,250,IBUPROFEN 100MG/5ML LQ,53.0,39.75,both
san_ramon,,,5315335,637,IBUPROFEN 100MG/5ML LQ,53.0,39.75,both
san_ramon,,,5305909,250,IBUPROFEN 200MG TB,53.0,39.75,both
san_ramon,,,5305909,637,IBUPROFEN 200MG TB,53.0,39.75,both
san_ramon,,,5305915,250,IBUPROFEN 400MG TB,80.0,60.0,both
san_ramon,,,5305915,637,IBUPROFEN 400MG TB,80.0,60.0,both
san_ramon,,,5305919,250,IBUPROFEN 600MG TB,80.0,60.0,both
san_ramon,,,5305919,637,IBUPROFEN 600MG TB,80.0,60.0,both
san_ramon,,,5305920,250,IBUPROFEN 800MG TB,80.0,60.0,both
san_ramon,,,5305920,637,IBUPROFEN 800MG TB,80.0,60.0,both
san_ramon,,,5321302,250,IBUPROFEN PER 100MG IJ,58.0,43.5,both
san_ramon,,,5321302,636,IBUPROFEN PER 100MG IJ,58.0,43.5,both
san_ramon,,,5321314,250,IBUTILIDE PER 1MG IJ,4679.0,3509.25,both
san_ramon,,,5321314,636,IBUTILIDE PER 1MG IJ,4679.0,3509.25,both
san_ramon,,,5321249,250,IDARUCIZUMAB 5GM IJ,30058.0,22543.5,both
san_ramon,,,5321249,636,IDARUCIZUMAB 5GM IJ,30058.0,22543.5,both
san_ramon,,,5321322,250,IFOSFAMIDE PER1GM IJ,2596.0,1947.0,both
san_ramon,,,5321322,636,IFOSFAMIDE PER1GM IJ,2596.0,1947.0,both
san_ramon,93799,CPT,4610014,480,IFR CORO W/WO PHARM STRESS,8199.0,6149.25,both
san_ramon,82785,CPT,7252780,300,IG-E SERUM,8.65,6.49,both
san_ramon,82785,CPT,7253513,300,IG-E SERUM/3,4.25,3.19,both
san_ramon,81261,CPT,7270020,310,IGH GENE ANLS AMP METHOD,271.0,203.25,both
san_ramon,81264,CPT,7270022,310,IGK GENE REARRANGE ANLS,221.0,165.75,both
san_ramon,,,4610278,320,ILIAC ART BI W CARD CTH,10071.0,7553.25,both
san_ramon,,,5059405,360,IMG CATH FLUID COL VISC,15280.0,11460.0,both
san_ramon,,,5069405,360,IMG CATH FLUID COL VISC,4179.0,3134.25,both
san_ramon,,,5059406,360,IMG CATH FLUID PERI/RETR,13162.0,9871.5,both
san_ramon,,,5059407,360,IMG CATH FLUID TRNS/VAG,4588.0,3441.0,both
san_ramon,,,5321324,250,IMIPENEM/CIL PER250MG IJ,233.0,174.75,both
san_ramon,,,5321324,636,IMIPENEM/CIL PER250MG IJ,233.0,174.75,both
san_ramon,,,5305950,250,IMIPRAMINE 25MG TB,68.0,51.0,both
san_ramon,,,5305950,637,IMIPRAMINE 25MG TB,68.0,51.0,both
san_ramon,90472,CPT,3100472,771,IMM ADM EA ADDL VACCINE,131.0,98.25,both
san_ramon,90472,CPT,6103998,771,IMM ADM EA ADDL VACCINE,131.0,98.25,both
san_ramon,90472,CPT,6290472,771,IMM ADM EA ADDL VACCINE,129.0,96.75,both
san_ramon,90471,CPT,3100471,771,IMM ADMIN SNGL/COMBO VAC,222.0,166.5,both
san_ramon,90471,CPT,3110472,771,IMM ADMIN SNGL/COMBO VAC,225.0,168.75,both
san_ramon,90471,CPT,5760471,771,IMM ADMIN SNGL/COMBO VAC,95.0,71.25,both
san_ramon,90471,CPT,6103996,771,IMM ADMIN SNGL/COMBO VAC,288.0,216.0,both
san_ramon,90471,CPT,6290471,771,IMM ADMIN SNGL/COMBO VAC,145.0,108.75,both
san_ramon,88344,CPT,4308344,310,IMMCYT MLTIPLEX AB STAIN,184.69,138.52,both
san_ramon,88344,CPT,7188334,310,IMMCYT MLTIPLEX AB STAIN,178.22,133.67,both
san_ramon,83516,CPT,7253509,300,IMMUN NONINFC QL/SEMI/M,25.0,18.75,both
san_ramon,83516,CPT,7253516,300,IMMUN NONINFC QL/SEMI/M/2,60.0,45.0,both
san_ramon,83518,CPT,7250452,300,IMMUN NONINFC QL/SEMI/SG/2,473.1,354.83,both
san_ramon,88342,CPT,4308314,310,IMMUNCYT 1ST AB PER SPEC,98.09,73.57,both
san_ramon,88342,CPT,7188314,310,IMMUNCYT 1ST AB PER SPEC,90.08,67.56,both
san_ramon,88342,CPT,7270087,310,IMMUNCYT 1ST AB PER SPEC,50.0,37.5,both
san_ramon,88342,CPT,4308342,310,IMMUNCYT 1ST AB PER SPEC/2,96.49,72.37,both
san_ramon,88342,CPT,7270138,310,IMMUNCYT 1ST AB PER SPEC/2,96.0,72.0,both
san_ramon,88341,CPT,4308369,310,IMMUNOCYTO EA ADD AB STN,86.61,64.96,both
san_ramon,88341,CPT,7188369,310,IMMUNOCYTO EA ADD AB STN,83.25,62.44,both
san_ramon,88341,CPT,7270086,310,IMMUNOCYTO EA ADD AB STN,50.0,37.5,both
san_ramon,88341,CPT,7270112,310,IMMUNOCYTO EA ADD AB STN/2,96.0,72.0,both
san_ramon,86331,CPT,7256346,300,IMMUNODIFFUSION GEL QUAL/3,25.6,19.2,both
san_ramon,86335,CPT,7256343,300,IMMUNOFIX ELECTRO OTHER SR/3,100.0,75.0,both
san_ramon,86335,CPT,7256344,300,IMMUNOFIX ELECTRO OTHER SR/4,16.18,12.14,both
san_ramon,86334,CPT,7252785,300,IMMUNOFIX ELECTRO SERUM,6.0,4.5,both
san_ramon,82787,CPT,7252788,300,IMMUNOGLOB SUBCLASS EA,10.52,7.89,both
san_ramon,82787,CPT,7252789,300,IMMUNOGLOB SUBCLASS EA/2,10.52,7.89,both
san_ramon,82787,CPT,7252790,300,IMMUNOGLOB SUBCLASS EA/3,10.52,7.89,both
san_ramon,82787,CPT,7252791,300,IMMUNOGLOB SUBCLASS EA/4,10.52,7.89,both
san_ramon,,,8247000,278,IMP AMPLATZER PFO OCCLUD,189857.0,142392.75,both
san_ramon,,,8241422,278,IMP ANCH MITEK FSTIN RC,2019.0,1514.25,both
san_ramon,,,8241426,278,IMP ANCH MITEK KNOTLESS,2615.0,1961.25,both
san_ramon,,,8241438,278,IMP ANCH MITEK SUPER,2846.0,2134.5,both
san_ramon,,,8241440,278,IMP ANCH MITEK TACIT,1638.0,1228.5,both
san_ramon,,,8132300,278,IMP BALLOON INSPACE,70763.0,53072.25,both
san_ramon,,,4028480,278,IMP BIOINDUCTV ARTHR W/DEL DVC,18037.0,13527.75,both
san_ramon,,,8172500,278,IMP BLN PRES REG,15529.0,11646.75,both
san_ramon,,,8132900,278,IMP BN,20483.0,15362.25,both
san_ramon,,,8132906,278,IMP BN FIBULA,6517.0,4887.75,both
san_ramon,,,8132892,278,IMP BN MATRIX 5,7940.0,5955.0,both
san_ramon,,,4011200,278,IMP BN SUBST FOAM,16834.0,12625.5,both
san_ramon,,,4011201,278,IMP BN SUBST FOAM 5CC,7700.0,5775.0,both
san_ramon,,,4010687,278,IMP BONE SUBST FOAM A/S,4727.0,3545.25,both
san_ramon,,,8137004,278,IMP BTB TGHTRPE II W/IB LIG AG,8480.0,6360.0,both
san_ramon,,,8132915,278,IMP CAP LOCKING SPFUSN,501.0,375.75,both
san_ramon,,,8152003,278,IMP COLLAGEN A/S,7004.0,5253.0,both
san_ramon,,,4012024,278,IMP CONVENIENCE PK GRAFTLINK,8741.0,6555.75,both
san_ramon,,,8122171,278,IMP CORNEAL KERATOCONUS,20955.0,15716.25,both
san_ramon,,,8151993,278,IMP CUFF URIN SPHINCTER,33773.0,25329.75,both
san_ramon,,,8151997,278,IMP DIL PUPIL TEMP,1664.0,1248.0,both
san_ramon,,,4012032,278,IMP DISC ARTFCL PRODISC,35333.0,26499.75,both
san_ramon,,,4023000,278,IMP FIXTURE BAHA,74731.0,56048.25,both
san_ramon,,,4023002,278,IMP GEN NSTIM EON,139902.0,104926.5,both
san_ramon,,,8240186,278,IMP GEN NSTIM N-RECHG,153892.0,115419.0,both
san_ramon,,,4023004,278,IMP GEN NSTIM RECHG,146140.0,109605.0,both
san_ramon,,,4008509,278,IMP GEN NSTIM SENZA HF/HFX,261261.0,195945.75,both
san_ramon,,,8174861,278,IMP GEN NSTM RESTORESNSR,121525.0,91143.75,both
san_ramon,,,8137740,278,IMP HAMMERTUBE SYS STRGHT,20412.0,15309.0,both
san_ramon,,,8132924,278,IMP HELICAL BLADE,5416.0,4062.0,both
san_ramon,,,4013104,278,IMP HIP ANCILLARY STRYKER CL,584.0,438.0,both
san_ramon,,,8137540,278,IMP IFUSE-TORQ SI-BONE NTAP,31572.0,23679.0,both
san_ramon,,,8240208,278,IMP JOINT FINGER,6866.0,5149.5,both
san_ramon,,,4023005,278,IMP LD EXT NSTIM RESTORE,7133.0,5349.75,both
san_ramon,,,8240193,278,IMP LD NSTIM,37970.0,28477.5,both
san_ramon,,,8241456,278,IMP LD NSTIM3,22296.0,16722.0,both
san_ramon,,,4027987,278,IMP MARKER BIO ZORB,12385.0,9288.75,both
san_ramon,,,8240206,278,IMP MARKER TISSUE,927.0,695.25,both
san_ramon,,,8132919,278,IMP MENISCAL SYS,3517.0,2637.75,both
san_ramon,,,8247090,278,IMP MENISCUS ARROW PLA,1341.0,1005.75,both
san_ramon,,,8240199,278,IMP MESH,1614.0,1210.5,both
san_ramon,,,4012302,278,IMP METATARSL DECOMPRSSN,40684.0,30513.0,both
san_ramon,,,4008770,278,IMP MONITR CARD BIOMNT4 471155,44672.0,33504.0,both
san_ramon,,,4008530,278,IMP MONITR CARD INS LUXDX M301,49840.0,37380.0,both
san_ramon,,,4008531,278,IMP MONTR CRD BIOMNTR3M 450218,37099.0,27824.25,both
san_ramon,,,4012303,278,IMP MTP CARTILAG CARTIVA,32977.0,24732.75,both
san_ramon,,,8132946,278,IMP NAIL CAP,1304.0,978.0,both
san_ramon,,,8132611,278,IMP NAIL FIBULAR,46417.0,34812.75,both
san_ramon,,,8132927,278,IMP NAIL TROCHANTER,16097.0,12072.75,both
san_ramon,,,8122168,278,IMP NASAL,1202.0,901.5,both
san_ramon,,,8174865,278,IMP NASAL LATERA ABSORB,21718.0,16288.5,both
san_ramon,,,8241459,278,IMP PEG SMOOTH,1311.0,983.25,both
san_ramon,,,8241458,278,IMP PEG THREAD/UNTHREADED,860.0,645.0,both
san_ramon,,,4023008,278,IMP PLUG ANAL FISTULA,6869.0,5151.75,both
san_ramon,,,8176120,278,IMP PMP CNTRL UR SPHINE,34542.0,25906.5,both
san_ramon,,,8241476,278,IMP PORT INDWELLING 2,5333.0,3999.75,both
san_ramon,,,8240202,278,IMP PROSTHESIS BREAST,18660.0,13995.0,both
san_ramon,,,8247129,278,IMP PRT BARDPRT MRI DUAL,3545.0,2658.75,both
san_ramon,,,8247131,278,IMP PRT BARDPRT MRI HARD,3858.0,2893.5,both
san_ramon,,,8247135,278,IMP PRT BARDPRT XPORT,14254.0,10690.5,both
san_ramon,,,4028504,278,IMP PRT POWERPORT,3649.0,2736.75,both
san_ramon,,,4000364,278,IMP RCRD CRD REVEAL LINQ,35683.0,26762.25,both
san_ramon,,,4000365,278,IMP RECRDR CARD CONFIRM,26616.0,19962.0,both
san_ramon,,,4012550,278,IMP SCRW BIOTENODESIS,2983.0,2237.25,both
san_ramon,,,4028506,278,IMP SHEET MEDPOR ULTHIN,1598.0,1198.5,both
san_ramon,,,8122944,278,IMP SINUS STEROID RELEAS,5333.0,3999.75,both
san_ramon,,,4012608,278,IMP SUBTALAR PEEK PITSTOP,27706.0,20779.5,both
san_ramon,,,8130040,278,IMP SYNTHETIC URINARY1ML,1970.0,1477.5,both
san_ramon,,,4012630,278,IMP SYS SPN DECOMPRESS,44845.0,33633.75,both
san_ramon,,,8132942,278,IMP TENDON ACHILLES,14052.0,10539.0,both
san_ramon,,,8137704,278,IMP TENDON GRACILIS,15022.0,11266.5,both
san_ramon,,,4012648,278,IMP TIBIAL CANN W/DRIVER,3538.0,2653.5,both
san_ramon,,,8152025,278,IMP WEDGE,21613.94,16210.46,both
san_ramon,,,8151977,278,IMPL ACCESS ANCHOR KT,1166.0,874.5,both
san_ramon,,,8152014,278,IMPL ORBITAL,3322.0,2491.5,both
san_ramon,,,8137003,278,IMPLANT TIGHTROPE II ABS,4593.0,3444.75,both
san_ramon,88365,CPT,4303520,310,IN SITU EA PRB PER SPEC,184.39,138.29,both
san_ramon,88365,CPT,7188002,310,IN SITU EA PRB PER SPEC,180.6,135.45,both
san_ramon,88365,CPT,7270092,310,IN SITU EA PRB PER SPEC,125.0,93.75,both
san_ramon,88365,CPT,7270114,310,IN SITU EA PRB PER SPEC/2,190.0,142.5,both
san_ramon,,,5191724,343,IN111 DTPA .5MCI,5621.0,4215.75,both
san_ramon,,,5191729,343,IN111 OXINE .5MCI,11163.0,8372.25,both
san_ramon,,,6901107,360,INCISIONAL BX SKIN SEP/ADDL,1514.0,1135.5,both
san_ramon,,,6901107,361,INCISIONAL BX SKIN SEP/ADDL,1514.0,1135.5,both
san_ramon,,,6901108,360,INCISIONAL BX SKIN SGL LES,3813.0,2859.75,both
san_ramon,,,6901108,361,INCISIONAL BX SKIN SGL LES,3813.0,2859.75,both
san_ramon,,,5321293,250,INCOBOTULINUMTOXIN A PER 1U IJ,25.0,18.75,both
san_ramon,,,5321293,636,INCOBOTULINUMTOXIN A PER 1U IJ,25.0,18.75,both
san_ramon,,,5305977,250,INDAPAMIDE 2.5MG TB,104.0,78.0,both
san_ramon,,,5305977,637,INDAPAMIDE 2.5MG TB,104.0,78.0,both
san_ramon,,,5321230,250,INDIGOTINDISULFONATE PER1MG IJ,39.0,29.25,both
san_ramon,,,5321230,636,INDIGOTINDISULFONATE PER1MG IJ,39.0,29.25,both
san_ramon,,,5199570,343,INDIUM111 WBC DOSE,23009.0,17256.75,both
san_ramon,,,5321337,250,INDOCYANINE GRN 25MG IJ,1099.0,824.25,both
san_ramon,,,5306000,250,INDOMETHACIN 25MG CP,71.0,53.25,both
san_ramon,,,5306000,637,INDOMETHACIN 25MG CP,71.0,53.25,both
san_ramon,,,5306004,250,INDOMETHACIN 50MG CP,82.0,61.5,both
san_ramon,,,5306004,637,INDOMETHACIN 50MG CP,82.0,61.5,both
san_ramon,,,5338497,250,INDOMETHACIN 50MG SUPP,1486.0,1114.5,both
san_ramon,,,5338497,637,INDOMETHACIN 50MG SUPP,1486.0,1114.5,both
san_ramon,76506,CPT,5066828,402,INFANT HEAD ECHO,2851.0,2138.25,both
san_ramon,87798,CPT,7258798,300,INFECT AGNT NOS AMP PRB/21,112.5,84.38,both
san_ramon,87798,CPT,7257797,300,INFECT AGNT NOS AMP PRB/26,165.0,123.75,both
san_ramon,87798,CPT,7257784,300,INFECT AGNT NOS AMP PRB/3,267.39,200.54,both
san_ramon,87798,CPT,7257782,300,INFECT AGNT NOS AMP PRB/30,80.0,60.0,both
san_ramon,87798,CPT,7257799,300,INFECT AGNT NOS AMP PRB/33,90.0,67.5,both
san_ramon,87798,CPT,7257794,300,INFECT AGNT NOS AMP PRB/37,99.45,74.59,both
san_ramon,87798,CPT,7257802,300,INFECT AGNT NOS AMP PRB/43,138.62,103.97,both
san_ramon,87798,CPT,7257796,300,INFECT AGNT NOS AMP PRB/48,50.0,37.5,both
san_ramon,87798,CPT,7258782,300,INFECT AGNT NOS AMP PRB/5,40.5,30.38,both
san_ramon,87798,CPT,7257798,300,INFECT AGNT NOS AMP PRB/50,180.0,135.0,both
san_ramon,87798,CPT,7257810,300,INFECT AGNT NOS AMP PRB/8,40.5,30.38,both
san_ramon,87798,CPT,7257793,300,INFECT AGNT NOS AMP PRB/9,320.72,240.54,both
san_ramon,87899,CPT,7257893,300,INFECT AGNT NOS DIR OPT/13,18.5,13.88,both
san_ramon,87899,CPT,7257920,300,INFECT AGNT NOS DIR OPT/4,9.57,7.18,both
san_ramon,87799,CPT,7257800,300,INFECT AGNT NOS QUANT/2,75.0,56.25,both
san_ramon,87799,CPT,7258792,300,INFECT AGNT NOS QUANT/3,75.0,56.25,both
san_ramon,87799,CPT,7257623,300,INFECT AGNT NOS QUANT/4,55.0,41.25,both
san_ramon,87449,CPT,4107449,300,INFECTIOUS AGNT NOS IA,210.0,157.5,both
san_ramon,87449,CPT,4157449,300,INFECTIOUS AGNT NOS IA,210.0,157.5,both
san_ramon,87449,CPT,7257450,300,INFECTIOUS AGNT NOS IA/2,85.0,63.75,both
san_ramon,87449,CPT,7258744,300,INFECTIOUS AGNT NOS IA/4,85.0,63.75,both
san_ramon,87449,CPT,7257912,300,INFECTIOUS AGNT NOS IA/5,14.66,11.0,both
san_ramon,75825,CPT,4615826,320,INFERIOR VENACAVAGRAM,16863.0,12647.25,both
san_ramon,,,5321356,250,INFLIXIMAB PER 10MG IJ,1210.0,907.5,both
san_ramon,,,5321356,636,INFLIXIMAB PER 10MG IJ,1210.0,907.5,both
san_ramon,,,5321288,250,INFLIXIMAB-ABDA PER 10MG IJ,464.0,348.0,both
san_ramon,,,5321288,636,INFLIXIMAB-ABDA PER 10MG IJ,464.0,348.0,both
san_ramon,,,5321298,250,INFLIXIMAB-DYYB PER 10MG IJ,747.0,560.25,both
san_ramon,,,5321298,636,INFLIXIMAB-DYYB PER 10MG IJ,747.0,560.25,both
san_ramon,87502,CPT,4107502,300,INFLUENZA 1ST 2 TYPE/SUB,1592.0,1194.0,both
san_ramon,87502,CPT,4157502,300,INFLUENZA 1ST 2 TYPE/SUB,969.0,726.75,both
san_ramon,87400,CPT,4107400,300,INFLUENZA A/B IA,471.0,353.25,both
san_ramon,87400,CPT,4107401,300,INFLUENZA A/B IA/2,471.0,353.25,both
san_ramon,87804,CPT,7257806,300,INFLUENZA DIR OPT,5.93,4.45,both
san_ramon,,,5760008,771,INFLUENZA VACC ADMIN,184.0,138.0,both
san_ramon,,,6100008,771,INFLUENZA VACC ADMIN,270.0,202.5,both
san_ramon,,,6160008,771,INFLUENZA VACC ADMIN,289.0,216.75,both
san_ramon,,,6290008,771,INFLUENZA VACC ADMIN,270.0,202.5,both
san_ramon,86710,CPT,7256207,300,INFLUENZA VIRUS AB/2,9.89,7.42,both
san_ramon,86710,CPT,7256208,300,INFLUENZA VIRUS AB/3,8.15,6.11,both
san_ramon,86336,CPT,7256354,300,INHIBIN A,35.0,26.25,both
san_ramon,83520,CPT,7253579,300,INHIBIN B,30.0,22.5,both
san_ramon,,,4619424,360,INJ ABSC/CYST PREV CATH,607.0,455.25,both
san_ramon,96375,CPT,3100775,260,INJ ADD SEQUENTL IVP,771.0,578.25,both
san_ramon,96375,CPT,6100775,450,INJ ADD SEQUENTL IVP,771.0,578.25,both
san_ramon,96375,CPT,6160775,450,INJ ADD SEQUENTL IVP,512.0,384.0,both
san_ramon,96375,CPT,6290775,260,INJ ADD SEQUENTL IVP,771.0,578.25,both
san_ramon,,,4902327,360,INJ ANESTH LUMB/CAUD SGL,4730.0,3547.5,both
san_ramon,96372,CPT,6100788,450,INJ ANTIBIOTIC IM,472.0,354.0,both
san_ramon,,,4907620,360,INJ BLADDER RETRO UR,659.0,494.25,both
san_ramon,,,4619465,360,INJ CM EVAL GTUBE,3061.0,2295.75,both
san_ramon,,,4909465,360,INJ CM EVAL GTUBE,3105.0,2328.75,both
san_ramon,,,4907645,360,INJ ELBOW ARTHROGRAM,922.0,691.5,both
san_ramon,,,4610101,360,INJ EPID BLD PATCH,6303.0,4727.25,both
san_ramon,,,4902311,360,INJ EPID CERV/THORC,4375.0,3281.25,both
san_ramon,,,4617682,360,INJ EPID LUMB/CAUD,4164.0,3123.0,both
san_ramon,,,4900403,360,INJ EPID LUMB/CAUD,4164.0,3123.0,both
san_ramon,,,4907615,360,INJ F/CYSTO OR VCUG,2499.0,1874.25,both
san_ramon,,,3071001,360,INJ GALACTO/DUCTO PROC,1137.0,852.75,both
san_ramon,,,4907630,360,INJ GALACTO/DUCTO PROC,1299.0,974.25,both
san_ramon,,,4907650,360,INJ HIP ARTHRO W/O ANES,1136.0,852.0,both
san_ramon,,,4902328,360,INJ LUMB/CAUD EA ADD LVL,2397.0,1797.75,both
san_ramon,,,4907685,360,INJ MYELOGRAM LUMBAR,625.0,468.75,both
san_ramon,,,4617665,360,INJ NEPHROGRM EXIS ACC,7944.0,5958.0,both
san_ramon,,,4610430,360,INJ NEPHROSTOGRAM,9371.0,7028.25,both
san_ramon,,,4616002,360,INJ PERC EXT PSEUDANYSM,1679.0,1259.25,both
san_ramon,,,4907670,360,INJ PROC KNEE ARTHROGRM,1103.0,827.25,both
san_ramon,,,5208792,360,INJ PROC SENTINEL NODE,887.0,665.25,both
san_ramon,,,4907700,360,INJ SHOULDER ARTHROGRAM,1419.0,1064.25,both
san_ramon,,,4617705,360,INJ SINUS TRACT DIAGNSTC,3338.0,2503.5,both
san_ramon,,,4907705,360,INJ SINUS TRACT DIAGNSTC,3640.0,2730.0,both
san_ramon,96376,CPT,3100776,260,INJ T/P/D IVP SAME SUBST,209.0,156.75,both
san_ramon,96376,CPT,6100776,450,INJ T/P/D IVP SAME SUBST,698.0,523.5,both
san_ramon,96376,CPT,6160776,450,INJ T/P/D IVP SAME SUBST,426.0,319.5,both
san_ramon,96376,CPT,6290776,260,INJ T/P/D IVP SAME SUBST,698.0,523.5,both
san_ramon,96372,CPT,3100782,260,INJ TX/PROPH/DX SQ/IM,417.0,312.75,both
san_ramon,96372,CPT,5760782,260,INJ TX/PROPH/DX SQ/IM,285.0,213.75,both
san_ramon,96372,CPT,6102120,450,INJ TX/PROPH/DX SQ/IM,472.0,354.0,both
san_ramon,96372,CPT,6160772,450,INJ TX/PROPH/DX SQ/IM,396.0,297.0,both
san_ramon,96372,CPT,6290782,260,INJ TX/PROPH/DX SQ/IM,427.0,320.25,both
san_ramon,96374,CPT,3100774,260,INJ TX/PRPH/DX IVP INT,880.0,660.0,both
san_ramon,96374,CPT,6100774,450,INJ TX/PRPH/DX IVP INT,880.0,660.0,both
san_ramon,96374,CPT,6160774,450,INJ TX/PRPH/DX IVP INT,609.0,456.75,both
san_ramon,96374,CPT,6290774,260,INJ TX/PRPH/DX IVP INT,880.0,660.0,both
san_ramon,,,4617690,360,INJ VENOGRPHY EXTRMTY,2014.0,1510.5,both
san_ramon,,,4907745,360,INJ WRIST ARTHROGRAM,1041.0,780.75,both
san_ramon,,,4907740,360,INJ&CATH HYSTER/SONOHYST,2931.0,2198.25,both
san_ramon,,,5067740,360,INJ&CATH HYSTER/SONOHYST,2311.0,1733.25,both
san_ramon,,,4907715,360,INJECT SPINE DISK LMBR,7145.0,5358.75,both
san_ramon,,,4613230,360,INS AICD W/DUAL LDS,108111.0,81083.25,both
san_ramon,,,4613231,360,INS AICD W/MULTI LDS,126629.0,94971.75,both
san_ramon,,,5321406,250,INS ANALG LISP75/25 10ML,898.0,673.5,both
san_ramon,,,5321406,637,INS ANALG LISP75/25 10ML,898.0,673.5,both
san_ramon,,,5321446,250,INS ANALOG ASPAR 10ML,1693.0,1269.75,both
san_ramon,,,5321446,637,INS ANALOG ASPAR 10ML,1693.0,1269.75,both
san_ramon,,,5321444,250,INS ANALOG ASPR70/30 3ML,500.0,375.0,both
san_ramon,,,5321444,637,INS ANALOG ASPR70/30 3ML,500.0,375.0,both
san_ramon,,,5321399,250,INS ANALOG LISPRO 3ML,578.0,433.5,both
san_ramon,,,5321399,637,INS ANALOG LISPRO 3ML,578.0,433.5,both
san_ramon,,,4013282,278,INS BR MD PVDB HGHPRM MCRPT CL,7595.0,5696.25,both
san_ramon,,,4616251,360,INS CATH REN ART 1ST UNI,18517.0,13887.75,both
san_ramon,,,4616254,360,INS CATH REN ART 2ND BIL,25953.0,19464.75,both
san_ramon,,,4616253,360,INS CATH REN ART 2ND UNI,18517.0,13887.75,both
san_ramon,,,4617191,360,INS ENDOVA VENACAVA FILT,30764.0,23073.0,both
san_ramon,,,5321260,250,INS GLARG PER 5U IJ,24.0,18.0,both
san_ramon,,,5321260,637,INS GLARG PER 5U IJ,24.0,18.0,both
san_ramon,,,5321518,250,INS GLARGINE-YFGN PER 5U IJ,5.0,3.75,both
san_ramon,,,5321518,637,INS GLARGINE-YFGN PER 5U IJ,5.0,3.75,both
san_ramon,,,5321456,250,INS HUM 70/30 10ML,529.0,396.75,both
san_ramon,,,5321456,637,INS HUM 70/30 10ML,529.0,396.75,both
san_ramon,,,5321499,250,INS HUM 70/30 3ML VL IJ,343.0,257.25,both
san_ramon,,,5321499,637,INS HUM 70/30 3ML VL IJ,343.0,257.25,both
san_ramon,,,5321450,250,INS HUM REG 10ML,529.0,396.75,both
san_ramon,,,5321450,637,INS HUM REG 10ML,529.0,396.75,both
san_ramon,,,5321451,250,INS HUM REG DOSE,123.0,92.25,both
san_ramon,,,5321451,637,INS HUM REG DOSE,123.0,92.25,both
san_ramon,,,5321498,250,INS HUM REG VIAL 3ML,270.0,202.5,both
san_ramon,,,5321498,637,INS HUM REG VIAL 3ML,270.0,202.5,both
san_ramon,,,5321264,250,INS LISPRO PER 5U IJ,3.0,2.25,both
san_ramon,,,5321264,637,INS LISPRO PER 5U IJ,3.0,2.25,both
san_ramon,,,4613225,360,INS LV LD W/PM OR AICD,24989.0,18741.75,both
san_ramon,,,5321262,250,INS NPH HUM PER 5U IJ,10.0,7.5,both
san_ramon,,,5321262,637,INS NPH HUM PER 5U IJ,10.0,7.5,both
san_ramon,,,5321252,250,INS NPH HUM VL 3ML IJ,308.0,231.0,both
san_ramon,,,5321252,637,INS NPH HUM VL 3ML IJ,308.0,231.0,both
san_ramon,,,5321265,250,INS REG HUM PER 5U IJ,2.0,1.5,both
san_ramon,,,5321265,637,INS REG HUM PER 5U IJ,2.0,1.5,both
san_ramon,,,4619418,360,INS TUNN INTRAPER CATH,15558.0,11668.5,both
san_ramon,,,4613986,360,INS VAD LEFT HRT PERC ART,25571.0,19178.25,both
san_ramon,,,4613987,360,INS VAD LEFT PERC ART/VEIN,25571.0,19178.25,both
san_ramon,,,4613212,360,INS/PM GEN W/EXIST LD,67951.0,50963.25,both
san_ramon,,,4612505,360,INS/PMGEN W/EXISDUALLDS,70468.0,52851.0,both
san_ramon,,,4613207,360,INS/RPL PM W/TRNSV LD VE,64604.0,48453.0,both
san_ramon,,,4613208,360,INS/RPL PMW/TRNSV LD A-V,76178.0,57133.5,both
san_ramon,,,4012937,278,INSERT HUM LNR BEAR ZIMMER CL,8603.0,6452.25,both
san_ramon,,,4012883,278,INSERT KNEE REVISION SN CL,14241.0,10680.75,both
san_ramon,,,4013109,278,INSERT KNEE TS REV STRYKR CL,15919.0,11939.25,both
san_ramon,,,8137718,278,INSERT PHALAGEAL,14964.0,11223.0,both
san_ramon,93503,CPT,4613535,480,INSERT SWANGANZ CATHETER,24704.0,18528.0,both
san_ramon,93503,CPT,4613535,481,INSERT SWANGANZ CATHETER,24704.0,18528.0,both
san_ramon,,,5057576,360,INSERT THORACOSTMY TUBE,4445.0,3333.75,both
san_ramon,88373,CPT,7270096,310,INSIT E ADD PRB CMP ASST,170.0,127.5,both
san_ramon,88374,CPT,7270097,310,INSIT MLTIPLX STAIN CMPT,253.0,189.75,both
san_ramon,88374,CPT,7270143,310,INSIT MLTIPLX STAIN CMPT/2,40.0,30.0,both
san_ramon,88367,CPT,7270093,310,INSITU 1ST PRB CMPT ASSI,170.0,127.5,both
san_ramon,88368,CPT,4308368,310,INSITU 1ST PRB MANUAL,145.39,109.04,both
san_ramon,88368,CPT,7270094,310,INSITU 1ST PRB MANUAL,170.0,127.5,both
san_ramon,88369,CPT,4308391,310,INSITU ADD PROBE MANUAL,130.28,97.71,both
san_ramon,88369,CPT,7270095,310,INSITU ADD PROBE MANUAL,170.0,127.5,both
san_ramon,88364,CPT,4308389,310,INSITU EA ADD SNGL PROBE,136.64,102.48,both
san_ramon,88364,CPT,7188364,310,INSITU EA ADD SNGL PROBE,139.5,104.63,both
san_ramon,88364,CPT,7270091,310,INSITU EA ADD SNGL PROBE,125.0,93.75,both
san_ramon,88364,CPT,7270164,310,INSITU EA ADD SNGL PROBE/2,190.0,142.5,both
san_ramon,,,4617760,360,INSRT BILI DRAIN EXT,9078.0,6808.5,both
san_ramon,,,4617534,360,INSRT BILI DRAIN INT/EXT,51181.0,38385.75,both
san_ramon,,,4616571,360,INSRT CVAD W PRT 5YRS >,11752.0,8814.0,both
san_ramon,,,4013025,278,INSRT HUM LINR BEAR STRYK CL,12737.0,9552.75,both
san_ramon,,,4013507,278,INSRT HUM LNR BEARN TORNIER CL,9299.0,6974.25,both
san_ramon,,,4013426,278,INSRT LNR BEARNG HUMERL DJO CL,10887.0,8165.25,both
san_ramon,,,4616556,360,INSRT NONTUNNL CV CTH 5>,8888.0,6666.0,both
san_ramon,,,4619421,360,INSRT PERM INTRAPTNL CTH,30341.0,22755.75,both
san_ramon,,,4616569,360,INSRT PICC NO PRT/PMP>5 NO IMG,4017.0,3012.75,both
san_ramon,,,4906569,360,INSRT PICC NO PRT/PMP>5 NO IMG,3852.0,2889.0,both
san_ramon,,,6296510,360,INSRT PICC NO PRT/PMP>5 NO IMG,4770.0,3577.5,both
san_ramon,,,4616573,360,INSRT PICC W/IMG 5+YR,6054.0,4540.5,both
san_ramon,,,4906573,360,INSRT PICC W/IMG 5+YR,6054.0,4540.5,both
san_ramon,,,5076573,360,INSRT PICC W/IMG 5+YR,6054.0,4540.5,both
san_ramon,,,6296573,360,INSRT PICC W/IMG 5+YR,6054.0,4540.5,both
san_ramon,,,4613271,360,INSRT SUBQ CAR RHYTHM MNTR,25468.0,19101.0,both
san_ramon,,,4616558,360,INSRT TNL CV CTH5>WO PMP,12799.0,9599.25,both
san_ramon,,,4612510,360,INSRT TRAN ELCTRD SNGL,45104.0,33828.0,both
san_ramon,,,4612019,360,INSRT TUNLD PLEURAL CATH,10224.0,7668.0,both
san_ramon,,,4616561,360,INSRT TUNNL VAD 5>W PORT,26015.0,19511.25,both
san_ramon,,,4012982,278,INSRT/BEAR FLX CNG XLK ZIM CL,8994.0,6745.5,both
san_ramon,,,4012907,278,INSRT/BEAR HI CRSLK XLP SN CL,9494.0,7120.5,both
san_ramon,,,4013061,278,INSRT/BEAR POLY X3 STRYKER CL,10612.0,7959.0,both
san_ramon,,,4012820,278,INSRT/BEAR VIT E ATTUN DPY CL,6918.0,5188.5,both
san_ramon,,,4012986,278,INSRT/BEAR VIVACIT E ZIMM CL,12591.0,9443.25,both
san_ramon,,,4613595,360,INSRT/REPL TEMP PM LEAD,38509.0,28881.75,both
san_ramon,,,4613249,360,INSRT/RPLC AICD & LDS,65218.0,48913.5,both
san_ramon,86337,CPT,7256042,300,INSULIN ANTIBODIES,18.24,13.68,both
san_ramon,,,5321291,250,INSULIN DRIP PER 5U PMX IJ,15.0,11.25,both
san_ramon,,,5321291,637,INSULIN DRIP PER 5U PMX IJ,15.0,11.25,both
san_ramon,83527,CPT,7253527,300,INSULIN FREE,6.4,4.8,both
san_ramon,83520,CPT,7253547,300,INSULIN GF BINDING PROTEIN/4,23.42,17.57,both
san_ramon,83525,CPT,7253525,300,INSULIN TOTAL,3.37,2.53,both
san_ramon,,,4032750,250,INTEGRA 2LAYR MTRX SQ CM,1371.0,1028.25,both
san_ramon,,,4032750,636,INTEGRA 2LAYR MTRX SQ CM,1371.0,1028.25,both
san_ramon,,,1990062,206,INTENSIVE CARE INTERMED,23971.0,17978.25,both
san_ramon,,,2010062,206,INTENSIVE CARE INTERMED,23971.0,17978.25,both
san_ramon,,,2120062,206,INTENSIVE CARE INTERMED,23971.0,17978.25,both
san_ramon,,,2150062,206,INTENSIVE CARE INTERMED,23971.0,17978.25,both
san_ramon,,,1990022,200,INTENSIVE CARE UNIT,37254.0,27940.5,both
san_ramon,,,2010022,200,INTENSIVE CARE UNIT,37254.0,27940.5,both
san_ramon,,,2120022,200,INTENSIVE CARE UNIT,37254.0,27940.5,both
san_ramon,,,2150022,200,INTENSIVE CARE UNIT,37254.0,27940.5,both
san_ramon,83520,CPT,7253549,300,INTERLEUKIN/4,54.0,40.5,both
san_ramon,83520,CPT,7258381,300,INTERLEUKIN/9,16.0,12.0,both
san_ramon,77778,CPT,5107778,333,INTERSTIT RADELM CMPLEX,49281.0,36960.75,both
san_ramon,78290,CPT,5208290,341,INTESTINE IMAGING,13174.0,9880.5,both
san_ramon,74360,CPT,4904361,320,INTRALUMINL DILATN ESOPH,3902.0,2926.5,both
san_ramon,86340,CPT,7255536,300,INTRINSIC FACTOR ANTIBDY,5.0,3.75,both
san_ramon,,,4616901,360,INTRO NDL DIAL-CIRC+S&I,9721.0,7290.75,both
san_ramon,,,8241511,272,INTRODUCER LD NSTIM,1583.0,1187.25,both
san_ramon,,,3110210,360,INTUBATION,752.0,564.0,both
san_ramon,,,5500205,360,INTUBATION,2252.0,1689.0,both
san_ramon,,,5315360,250,IODINE/K IODIDE5% 14MLLQ,335.0,251.25,both
san_ramon,,,5315360,637,IODINE/K IODIDE5% 14MLLQ,335.0,251.25,both
san_ramon,,,8122064,276,IOL ANTERIOR CHAMBER,1341.0,1005.75,both
san_ramon,,,8122044,276,IOL POSTERIOR CHMBR,1341.0,1005.75,both
san_ramon,95940,CPT,3215941,740,IONM IN OR 15 MIN,970.0,727.5,both
san_ramon,90945,CPT,5600904,803,IP CAPD,3149.0,2361.75,both
san_ramon,90945,CPT,5600910,804,IP CCPD,4119.0,3089.25,both
san_ramon,90935,CPT,5600976,801,IP HEMODIALYSIS,9170.0,6877.5,both
san_ramon,90935,CPT,5600976,821,IP HEMODIALYSIS,9170.0,6877.5,both
san_ramon,94640,CPT,5500502,410,IPPB TX,833.0,624.75,both
san_ramon,94664,CPT,5500504,410,IPPB TX DEMO AND/OR EVAL,1834.0,1375.5,both
san_ramon,,,5331231,250,IPRATROPIUM .02%2.5ML IS,187.0,140.25,both
san_ramon,,,5331231,637,IPRATROPIUM .02%2.5ML IS,187.0,140.25,both
san_ramon,83540,CPT,4103540,300,IRON ASSAY,1187.0,890.25,both
san_ramon,83540,CPT,4153540,300,IRON ASSAY,408.0,306.0,both
san_ramon,,,5321529,250,IRON SUCROSE PER 1MG IJ,5.0,3.75,both
san_ramon,,,5321529,636,IRON SUCROSE PER 1MG IJ,5.0,3.75,both
san_ramon,,,5331245,250,IRRIGANT OPHTH 120ML OS,170.0,127.5,both
san_ramon,,,5331245,637,IRRIGANT OPHTH 120ML OS,170.0,127.5,both
san_ramon,86341,CPT,7256341,300,ISLET CELL ANTIBODY,290.9,218.18,both
san_ramon,86341,CPT,7256430,300,ISLET CELL ANTIBODY/5,36.65,27.49,both
san_ramon,,,1990069,206,ISOLATION ICU INTERMED,23971.0,17978.25,both
san_ramon,,,2150069,206,ISOLATION ICU INTERMED,23971.0,17978.25,both
san_ramon,,,5412535,258,ISOLYTE S PH7.4 1L IVF,443.0,332.25,both
san_ramon,,,5306100,250,ISONIAZID 300MG TB,27.0,20.25,both
san_ramon,,,5306100,637,ISONIAZID 300MG TB,27.0,20.25,both
san_ramon,,,5315378,250,ISONIAZID 50MG/5ML LQ,60.0,45.0,both
san_ramon,,,5315378,637,ISONIAZID 50MG/5ML LQ,60.0,45.0,both
san_ramon,,,5321553,250,ISOPROTERENOL 1MG/5ML IJ,14952.0,11214.0,both
san_ramon,,,5306177,250,ISOSORBIDE DN 10MG TB,60.0,45.0,both
san_ramon,,,5306177,637,ISOSORBIDE DN 10MG TB,60.0,45.0,both
san_ramon,,,5306181,250,ISOSORBIDE DN 20MG TB,60.0,45.0,both
san_ramon,,,5306181,637,ISOSORBIDE DN 20MG TB,60.0,45.0,both
san_ramon,,,5306173,250,ISOSORBIDE DN 5MG TB,53.0,39.75,both
san_ramon,,,5306173,637,ISOSORBIDE DN 5MG TB,53.0,39.75,both
san_ramon,,,5306184,250,ISOSORBIDE MN 30MG XR TB,98.0,73.5,both
san_ramon,,,5306184,637,ISOSORBIDE MN 30MG XR TB,98.0,73.5,both
san_ramon,,,5306186,250,ISOSORBIDE MN 60MG XR TB,71.0,53.25,both
san_ramon,,,5306186,637,ISOSORBIDE MN 60MG XR TB,71.0,53.25,both
san_ramon,,,5358208,250,ISOSULFAN BLUE PER1MG IJ,120.0,90.0,both
san_ramon,,,5358208,636,ISOSULFAN BLUE PER1MG IJ,120.0,90.0,both
san_ramon,,,5306257,250,ITRACONAZOLE 100MG CP,223.0,167.25,both
san_ramon,,,5306257,637,ITRACONAZOLE 100MG CP,223.0,167.25,both
san_ramon,96368,CPT,3100768,260,IV INF CONCURRENT,517.0,387.75,both
san_ramon,96368,CPT,6100768,450,IV INF CONCURRENT,517.0,387.75,both
san_ramon,96368,CPT,6160768,450,IV INF CONCURRENT,517.0,387.75,both
san_ramon,96368,CPT,6290768,260,IV INF CONCURRENT,517.0,387.75,both
san_ramon,96361,CPT,3100761,260,IV INF HYD EA ADD HR,938.0,703.5,both
san_ramon,96361,CPT,6100761,450,IV INF HYD EA ADD HR,938.0,703.5,both
san_ramon,96361,CPT,6160761,450,IV INF HYD EA ADD HR,646.0,484.5,both
san_ramon,96361,CPT,6290761,260,IV INF HYD EA ADD HR,938.0,703.5,both
san_ramon,96360,CPT,3100760,260,IV INF HYD INIT 31-60MIN,1600.0,1200.0,both
san_ramon,96360,CPT,6100760,450,IV INF HYD INIT 31-60MIN,1600.0,1200.0,both
san_ramon,96360,CPT,6160760,450,IV INF HYD INIT 31-60MIN,1359.0,1019.25,both
san_ramon,96360,CPT,6290760,260,IV INF HYD INIT 31-60MIN,1600.0,1200.0,both
san_ramon,96367,CPT,3100767,260,IV INF SEQUENTL 1 HR,695.0,521.25,both
san_ramon,96367,CPT,6100767,450,IV INF SEQUENTL 1 HR,695.0,521.25,both
san_ramon,96367,CPT,6160767,450,IV INF SEQUENTL 1 HR,695.0,521.25,both
san_ramon,96367,CPT,6290767,260,IV INF SEQUENTL 1 HR,695.0,521.25,both
san_ramon,,,6290018,771,IV INF TOCILIZU COV19 1ST DOSE,3138.0,2353.5,both
san_ramon,,,6290019,771,IV INF TOCILIZU COV19 2ND DOSE,3138.0,2353.5,both
san_ramon,96366,CPT,3100766,260,IV INF TX EA ADD HR,419.0,314.25,both
san_ramon,96366,CPT,5070766,260,IV INF TX EA ADD HR,496.0,372.0,both
san_ramon,96366,CPT,6100766,450,IV INF TX EA ADD HR,565.0,423.75,both
san_ramon,96366,CPT,6160766,450,IV INF TX EA ADD HR,565.0,423.75,both
san_ramon,96366,CPT,6290766,260,IV INF TX EA ADD HR,565.0,423.75,both
san_ramon,96365,CPT,3100765,260,IV INF TX INIT <=1 HR,1687.0,1265.25,both
san_ramon,96365,CPT,5070765,260,IV INF TX INIT <=1 HR,1687.0,1265.25,both
san_ramon,96365,CPT,6100765,450,IV INF TX INIT <=1 HR,1687.0,1265.25,both
san_ramon,96365,CPT,6160765,450,IV INF TX INIT <=1 HR,1212.0,909.0,both
san_ramon,96365,CPT,6290765,260,IV INF TX INIT <=1 HR,1687.0,1265.25,both
san_ramon,,,5306261,250,IVERMECTIN 3MG TB,123.0,92.25,both
san_ramon,,,5306261,637,IVERMECTIN 3MG TB,123.0,92.25,both
san_ramon,,,5321603,250,IVIG GAMUNEX PER 500MG IV IJ,681.0,510.75,both
san_ramon,,,5321603,636,IVIG GAMUNEX PER 500MG IV IJ,681.0,510.75,both
san_ramon,92979,CPT,4612922,480,IVUS CORONARY EA ADD,11054.0,8290.5,both
san_ramon,92978,CPT,4612920,480,IVUS CORONARY INIT VESSL,20100.0,15075.0,both
san_ramon,,,4617251,360,IVUS NON CORON ADDL VESL,3416.0,2562.0,both
san_ramon,,,4615944,360,IVUS NON CORONARY INITL,7035.0,5276.25,both
san_ramon,81279,CPT,7250146,300,JAK2 GENE TRGT SEQ ALYS,107.92,80.94,both
san_ramon,81270,CPT,7270023,310,JAK2 VARIANT,215.0,161.25,both
san_ramon,81270,CPT,7259213,310,JAK2 VARIANT/2,107.92,80.94,both
san_ramon,,,5323565,250,K PHOS 15MM 250ML IJ,233.0,174.75,both
san_ramon,,,5323555,250,K PHOS 3MM/ML 15ML IJ,130.0,97.5,both
san_ramon,,,8132955,278,K WIRE,102.0,76.5,both
san_ramon,83521,CPT,7253884,300,KAPPA LAMBDA LT CHN QUAN,9.5,7.13,both
san_ramon,83521,CPT,7253888,300,KAPPA LAMBDA LT CHN QUAN/2,16.29,12.22,both
san_ramon,83521,CPT,7253889,300,KAPPA LAMBDA LT CHN QUAN/3,16.29,12.22,both
san_ramon,,,5316103,250,KCL 20MEQ/15ML LQ,39.0,29.25,both
san_ramon,,,5316103,637,KCL 20MEQ/15ML LQ,39.0,29.25,both
san_ramon,,,5321620,250,KCL PER 2MEQ IJ,3.0,2.25,both
san_ramon,,,5321620,636,KCL PER 2MEQ IJ,3.0,2.25,both
san_ramon,,,5321619,250,KCL PER 2MEQ PMX IJ,150.0,112.5,both
san_ramon,,,5321619,636,KCL PER 2MEQ PMX IJ,150.0,112.5,both
san_ramon,,,4023330,250,KERECIS MARIGEN PER SQ CM,207.0,155.25,both
san_ramon,,,4023330,636,KERECIS MARIGEN PER SQ CM,207.0,155.25,both
san_ramon,,,4023320,250,KERECIS OMEGA3 3X3.5CM SQ CM,270.0,202.5,both
san_ramon,,,4023320,636,KERECIS OMEGA3 3X3.5CM SQ CM,270.0,202.5,both
san_ramon,,,5321635,250,KETAMINE 100MG/ML 5ML,347.0,260.25,both
san_ramon,,,5321611,250,KETAMINE 10MG/1ML 5ML IJ,65.0,48.75,both
san_ramon,,,5321630,250,KETAMINE 50MG/ML 10ML IJ,564.0,423.0,both
san_ramon,,,5336084,250,KETOCONAZOLE 2% 15GM CR,467.0,350.25,both
san_ramon,,,5336084,637,KETOCONAZOLE 2% 15GM CR,467.0,350.25,both
san_ramon,,,5318680,250,KETOR/ROPIV/KETAMINE 50ML IJ,388.0,291.0,both
san_ramon,,,5331352,250,KETOROLAC .4% 5ML OS,443.0,332.25,both
san_ramon,,,5331352,637,KETOROLAC .4% 5ML OS,443.0,332.25,both
san_ramon,,,5331356,250,KETOROLAC 0.5% 10ML OS,1594.0,1195.5,both
san_ramon,,,5331356,637,KETOROLAC 0.5% 10ML OS,1594.0,1195.5,both
san_ramon,,,5331354,250,KETOROLAC 0.5% 3ML OS,556.0,417.0,both
san_ramon,,,5331354,637,KETOROLAC 0.5% 3ML OS,556.0,417.0,both
san_ramon,,,5331355,250,KETOROLAC 0.5% 5ML OS,1359.0,1019.25,both
san_ramon,,,5331355,637,KETOROLAC 0.5% 5ML OS,1359.0,1019.25,both
san_ramon,,,5306300,250,KETOROLAC 10MG TB,126.0,94.5,both
san_ramon,,,5306300,637,KETOROLAC 10MG TB,126.0,94.5,both
san_ramon,,,5321633,250,KETOROLAC PER 15MG IJ,276.0,207.0,both
san_ramon,,,5321633,636,KETOROLAC PER 15MG IJ,276.0,207.0,both
san_ramon,78708,CPT,5208706,341,KID IMG FL/FUN SNG W RX,9605.0,7203.75,both
san_ramon,78707,CPT,5208707,341,KID IMG FL/FUN SNG WO RX,12507.0,9380.25,both
san_ramon,78701,CPT,5208701,341,KIDNEY IMAG VASC FLOW,8580.0,6435.0,both
san_ramon,78709,CPT,5208709,341,KIDNEY IMG FLW/FNCT W/WO,9605.0,7203.75,both
san_ramon,,,4013014,278,KNE UNI FLX TB PLY VIV ZIM CL,15587.0,11690.25,both
san_ramon,,,4013076,278,KNE UNI PKR X3 EIU UN STRY CL,10612.0,7959.0,both
san_ramon,73560,CPT,4903560,320,KNEE 1-2 VIEWS,2863.0,2147.25,both
san_ramon,73562,CPT,4903562,320,KNEE 3 VIEWS,3067.0,2300.25,both
san_ramon,73580,CPT,4903580,320,KNEE ARTHROGRAPHY,4151.0,3113.25,both
san_ramon,73564,CPT,4903570,320,KNEE COMP 4 VW MIN,2878.0,2158.5,both
san_ramon,,,4012987,278,KNEE EXTENSION STEM ZIMM CL,10791.0,8093.25,both
san_ramon,,,4012830,278,KNEE UNI FEMUR 3PC FEM DPY CL,13838.0,10378.5,both
san_ramon,,,4013013,278,KNEE UNI FEMUR ZIMMER CL,18888.0,14166.0,both
san_ramon,,,4013072,278,KNEE UNI MCK FEMUR STRYKER CL,14858.0,11143.5,both
san_ramon,,,4013074,278,KNEE UNI MCK TIBIA STRYKER CL,10294.0,7720.5,both
san_ramon,,,4013016,278,KNEE UNI OXFRD PLY INS ZIM CL,10225.0,7668.75,both
san_ramon,,,4012831,278,KNEE UNI POLY INSRT RP DPY CL,8649.0,6486.75,both
san_ramon,,,4012832,278,KNEE UNI TIB BASE RP DEPUY CL,9884.0,7413.0,both
san_ramon,73565,CPT,4903561,320,KNEES/BILAT AP STANDING,2002.0,1501.5,both
san_ramon,,,8130047,274,KO ADJ JNT POS RIGD SPPT,8007.0,6005.25,both
san_ramon,,,8132953,274,KO ADJ JNT UNI/POLY OTS,4568.0,3426.0,both
san_ramon,,,8130006,274,KO IMMOBILIZER,136.0,102.0,both
san_ramon,81276,CPT,7270025,310,KRAS VRNT CONDONS 61/146,390.0,292.5,both
san_ramon,,,4013089,278,KT AC REPAIR ACUTE,12247.0,9185.25,both
san_ramon,,,4013090,278,KT ANCH SUTR SML JOINT,13745.0,10308.75,both
san_ramon,,,8182880,272,KT BIOGLUE,4842.0,3631.5,both
san_ramon,,,8132958,278,KT BN CEMT W MIXER,1026.0,769.5,both
san_ramon,,,8187061,278,KT CATH MDLN SL MX BR GW,644.0,483.0,both
san_ramon,,,8174990,272,KT CRYO ICEROD,37331.0,27998.25,both
san_ramon,,,4013091,278,KT DRILL PIN,962.0,721.5,both
san_ramon,,,8081985,278,KT DRN BILIARY,2960.0,2220.0,both
san_ramon,,,8081990,278,KT DRN CATH,2313.0,1734.75,both
san_ramon,,,8081993,278,KT DRN PLEURAL,485.0,363.75,both
san_ramon,,,8082073,250,KT FIBRN SUR SLNT VISTASEAL4ML,1939.0,1454.25,both
san_ramon,,,8082073,636,KT FIBRN SUR SLNT VISTASEAL4ML,1939.0,1454.25,both
san_ramon,,,4008553,278,KT LEAD PADDLE SENZA 3005,30145.0,22608.75,both
san_ramon,,,4013118,278,KT LIGAMENT AUGMNT REPR,10803.0,8102.25,both
san_ramon,,,4013122,278,KT MENISCAL ROOT REPAIR,12033.0,9024.75,both
san_ramon,,,8082216,272,KT MICROPUNCT INTRO,261.0,195.75,both
san_ramon,,,8082230,278,KT MULTILMR CTH,2338.0,1753.5,both
san_ramon,,,4013149,278,KT PEC BUTTON IMPL REPR,17888.0,13416.0,both
san_ramon,,,8132964,278,KT REPAIR AC TIGHTROPE,5499.0,4124.25,both
san_ramon,,,8132965,278,KT REPAIR MINI TIGHTROPE,5433.0,4074.75,both
san_ramon,,,8082451,278,KT REPAIR SYNDESMOSIS,8843.0,6632.25,both
san_ramon,,,5412550,250,L RINGERS 1000ML IVF,974.0,730.5,both
san_ramon,,,5412550,636,L RINGERS 1000ML IVF,974.0,730.5,both
san_ramon,,,5412545,250,L RINGERS 500ML IVF,974.0,730.5,both
san_ramon,,,5412545,636,L RINGERS 500ML IVF,974.0,730.5,both
san_ramon,,,3702299,370,L&D EPIDURAL,2528.0,1896.0,both
san_ramon,,,3101223,710,L&D RECOVERY ADD 15 MIN,627.0,470.25,both
san_ramon,,,3101222,710,L&D RECOVERY INT 30 MIN,1336.0,1002.0,both
san_ramon,,,3101203,360,L&D SPEC PROC ADD 15 MIN,561.0,420.75,both
san_ramon,,,3101202,360,L&D SPEC PROC INT 30 MIN,1028.0,771.0,both
san_ramon,,,3101215,360,L&D SURG LVL I EA 15 MIN,2611.0,1958.25,both
san_ramon,,,3101214,360,L&D SURG LVL I INT 30 M,4796.0,3597.0,both
san_ramon,,,3101217,360,L&D SURG LVL II EA 15 M,4110.0,3082.5,both
san_ramon,,,3101216,360,L&D SURG LVL II INT 30 M,7663.0,5747.25,both
san_ramon,,,3101219,360,L&D SURG LVL III EA 15M,5028.0,3771.0,both
san_ramon,,,3101218,360,L&D SURG LVL III INT 30M,10060.0,7545.0,both
san_ramon,,,3101221,360,L&D SURG LVL IV EA 15M,5857.0,4392.75,both
san_ramon,,,3101220,360,L&D SURG LVL IV INT 30M,11719.0,8789.25,both
san_ramon,,,4614497,360,L/S MYELO W/INJ,11777.0,8832.75,both
san_ramon,,,4902304,360,L/S MYELO W/INJ,5888.0,4416.0,both
san_ramon,99001,CPT,5769002,300,LAB-SPECIAL HANDLING,37.0,27.75,both
san_ramon,,,5306320,250,LABETALOL 100MG TB,80.0,60.0,both
san_ramon,,,5306320,637,LABETALOL 100MG TB,80.0,60.0,both
san_ramon,,,5321682,250,LABETALOL PER 5MG IJ,61.0,45.75,both
san_ramon,,,5321682,636,LABETALOL PER 5MG IJ,61.0,45.75,both
san_ramon,,,3101208,720,LABOR COMPLEX 1ST HR,2721.0,2040.75,both
san_ramon,,,3101209,720,LABOR COMPLEX ADD HR,2318.0,1738.5,both
san_ramon,,,3101206,720,LABOR INTERIM 1ST HR,1851.0,1388.25,both
san_ramon,,,3101207,720,LABOR INTERIM ADD HR,1576.0,1182.0,both
san_ramon,,,3101204,720,LABOR SIMPLE 1ST HR,1294.0,970.5,both
san_ramon,,,3101205,720,LABOR SIMPLE ADD HR,876.0,657.0,both
san_ramon,,,5327678,250,LACOSAMIDE 100MG TB,189.0,141.75,both
san_ramon,,,5327678,637,LACOSAMIDE 100MG TB,189.0,141.75,both
san_ramon,,,5327677,250,LACOSAMIDE 50MG TB,106.0,79.5,both
san_ramon,,,5327677,637,LACOSAMIDE 50MG TB,106.0,79.5,both
san_ramon,,,5321659,250,LACOSAMIDE PER 1MG IJ,2.0,1.5,both
san_ramon,,,5321659,636,LACOSAMIDE PER 1MG IJ,2.0,1.5,both
san_ramon,,,5306335,250,LACTASE 3000U TB,39.0,29.25,both
san_ramon,,,5306335,637,LACTASE 3000U TB,39.0,29.25,both
san_ramon,,,5339795,250,LACTASE ENZYME,44.0,33.0,both
san_ramon,,,5339795,637,LACTASE ENZYME,44.0,33.0,both
san_ramon,83605,CPT,4103605,300,LACTATE(LACTIC ACID),1269.0,951.75,both
san_ramon,83605,CPT,4153605,300,LACTATE(LACTIC ACID),670.0,502.5,both
san_ramon,83605,CPT,7253605,300,LACTATE(LACTIC ACID),62.0,46.5,both
san_ramon,,,5306339,250,LACTOBACILLUS ACIDPHL CP,17.0,12.75,both
san_ramon,,,5306339,637,LACTOBACILLUS ACIDPHL CP,17.0,12.75,both
san_ramon,,,5315440,250,LACTOBACILLUS GR 1GM PK,45.0,33.75,both
san_ramon,,,5315440,637,LACTOBACILLUS GR 1GM PK,45.0,33.75,both
san_ramon,83631,CPT,7253631,300,LACTOFERRIN FECAL QNT,42.0,31.5,both
san_ramon,,,5315459,250,LACTULOSE 10/15 30ML LQ,104.0,78.0,both
san_ramon,,,5315459,637,LACTULOSE 10/15 30ML LQ,104.0,78.0,both
san_ramon,,,5315458,250,LACTULOSE 10/15 480ML LQ,222.0,166.5,both
san_ramon,,,5315458,637,LACTULOSE 10/15 480ML LQ,222.0,166.5,both
san_ramon,,,5306347,250,LAMOTRIGINE 100MG TB,141.0,105.75,both
san_ramon,,,5306347,637,LAMOTRIGINE 100MG TB,141.0,105.75,both
san_ramon,,,5306348,250,LAMOTRIGINE 150MG TB,90.0,67.5,both
san_ramon,,,5306348,637,LAMOTRIGINE 150MG TB,90.0,67.5,both
san_ramon,,,5306346,250,LAMOTRIGINE 25MG TB,89.0,66.75,both
san_ramon,,,5306346,637,LAMOTRIGINE 25MG TB,89.0,66.75,both
san_ramon,80175,CPT,7250040,300,LAMOTRIGINE QUANT,8.96,6.72,both
san_ramon,,,5331365,250,LATANOPROST .005%2.5MLOS,968.0,726.0,both
san_ramon,,,5331365,637,LATANOPROST .005%2.5MLOS,968.0,726.0,both
san_ramon,,,4008574,278,LD ACUITY X4 SPRL S 4675,17896.0,13422.0,both
san_ramon,,,4008655,278,LD DEFIB PLEXA MRI S60 402265,28958.0,21718.5,both
san_ramon,,,4000446,278,LD DFB PAMIRA S DX 428775,25658.0,19243.5,both
san_ramon,,,4008637,278,LD DFB PLEXA S 65 402266,31043.0,23282.25,both
san_ramon,,,4008615,278,LD DFB RELIANC 4STE 0292,30172.0,22629.0,both
san_ramon,,,4008616,278,LD DFB RELIANC 4STE 0293,31681.0,23760.75,both
san_ramon,,,4008619,278,LD DFB RELIANC 4STE 0296,29268.0,21951.0,both
san_ramon,,,4008578,278,LD DFB SPRINT SECR 6935M,28698.0,21523.5,both
san_ramon,,,4008622,278,LD DFB SPRNT QUATR 6947M,38694.0,29020.5,both
san_ramon,,,4008590,278,LD DFIB DURATA 7120Q SJ4,42700.0,32025.0,both
san_ramon,,,4008644,278,LD DFIB EMBLEM S-ICD 3501,37511.0,28133.25,both
san_ramon,,,8241744,278,LD DFIB RELIANCE END0184,55930.0,41947.5,both
san_ramon,,,4008650,278,LD ISOFLEX OPTIM 1948,7389.0,5541.75,both
san_ramon,,,8241775,278,LD LFT VENT COR VEN SYS,39039.0,29279.25,both
san_ramon,,,4008690,278,LD NSTIM ARTISIAN,57798.0,43348.5,both
san_ramon,,,8241811,278,LD NSTIM INTERSTIM 3093,25699.0,19274.25,both
san_ramon,,,4008698,278,LD NSTIM INTERSTIM 3889,25216.0,18912.0,both
san_ramon,,,4008697,278,LD NSTIM QUATTRODE 3166,14969.0,11226.75,both
san_ramon,,,8241817,278,LD NSTIM TRIAL 3874,12968.0,9726.0,both
san_ramon,,,4008706,278,LD PM CAPSUREFIX 5086MRI,8059.0,6044.25,both
san_ramon,,,8241867,278,LD PM CAPSURFX NOVUS4076,3150.0,2362.5,both
san_ramon,,,8247410,278,LD PM FINELN2 EZSTER4469,3683.0,2762.25,both
san_ramon,,,8247422,278,LD PM FINELN2 STEROX4456,6530.0,4897.5,both
san_ramon,,,8247428,278,LD PM FINELN2 STEROX4479,6530.0,4897.5,both
san_ramon,,,4008713,278,LD PM INGEVITY MRI 7731,4279.0,3209.25,both
san_ramon,,,4008714,278,LD PM INGEVITY MRI 7732,7039.0,5279.25,both
san_ramon,,,4008717,278,LD PM INGEVITY MRI 7740,4105.0,3078.75,both
san_ramon,,,4008712,278,LD PM INGEVITY MRI 7742,7104.0,5328.0,both
san_ramon,,,4008733,278,LD PM SOLIA S,4307.0,3230.25,both
san_ramon,,,4008742,278,LD PM TENDRIL STS 2088TC,4151.0,3113.25,both
san_ramon,,,4008837,278,LD SENTUS PROMRI OTW 408718,20685.0,15513.75,both
san_ramon,83625,CPT,7253625,300,LDH-ISOENZYMES ELCTROPHR,3.82,2.87,both
san_ramon,83615,CPT,4103615,300,LDH-LACTIC DEHYDROGENASE,254.0,190.5,both
san_ramon,83615,CPT,4153615,300,LDH-LACTIC DEHYDROGENASE,136.0,102.0,both
san_ramon,83615,CPT,7253615,300,LDH-LACTIC DEHYDROGENASE,2.25,1.69,both
san_ramon,83721,CPT,4102476,300,LDL CHOLESTOROL,1009.0,756.75,both
san_ramon,83721,CPT,4152476,300,LDL CHOLESTOROL,451.0,338.25,both
san_ramon,83721,CPT,7253721,300,LDL CHOLESTOROL,23.0,17.25,both
san_ramon,93925,CPT,5062003,921,LE ART IMAGING COMP BILAT,4728.0,3546.0,both
san_ramon,93926,CPT,5067201,921,LE ART IMAGING UNI/LTD,3384.0,2538.0,both
san_ramon,,,8130052,274,LE ORTHOSES UNSPECIFIED,4665.0,3498.75,both
san_ramon,83655,CPT,7253655,300,LEAD QUANTITATIVE,3.26,2.45,both
san_ramon,,,5306363,250,LEFLUNOMIDE 10MG TB,351.0,263.25,both
san_ramon,,,5306363,637,LEFLUNOMIDE 10MG TB,351.0,263.25,both
san_ramon,,,5306364,250,LEFLUNOMIDE 20MG TB,377.0,282.75,both
san_ramon,,,5306364,637,LEFLUNOMIDE 20MG TB,377.0,282.75,both
san_ramon,87278,CPT,7257278,300,LEGIONELLA PNEUMOPHILA/2,32.9,24.68,both
san_ramon,83520,CPT,7258320,300,LEPTIN,24.44,18.33,both
san_ramon,86720,CPT,7258698,300,LEPTOSPIRA AB/2,50.0,37.5,both
san_ramon,,,5306368,250,LETROZOLE 2.5MG TB,132.0,99.0,both
san_ramon,,,5306368,637,LETROZOLE 2.5MG TB,132.0,99.0,both
san_ramon,89055,CPT,7258719,300,LEUKO ASSMT FECAL QL/SQN,5.61,4.21,both
san_ramon,,,5321668,250,LEUPROLID DEP 3.75MG IJ,5592.0,4194.0,both
san_ramon,,,5321668,636,LEUPROLID DEP 3.75MG IJ,5592.0,4194.0,both
san_ramon,,,5331374,250,LEVALBUTERL1.25MG/.5MLIS,97.0,72.75,both
san_ramon,,,5331374,637,LEVALBUTERL1.25MG/.5MLIS,97.0,72.75,both
san_ramon,,,5331375,250,LEVALBUTEROL.63MG/3ML IS,76.0,57.0,both
san_ramon,,,5331375,637,LEVALBUTEROL.63MG/3ML IS,76.0,57.0,both
san_ramon,,,5331376,250,LEVALBUTEROL1.25MG/3MLIS,89.0,66.75,both
san_ramon,,,5331376,637,LEVALBUTEROL1.25MG/3MLIS,89.0,66.75,both
san_ramon,,,5331378,250,LEVALBUTEROL45MCG/15GMIH,723.0,542.25,both
san_ramon,,,5331378,637,LEVALBUTEROL45MCG/15GMIH,723.0,542.25,both
san_ramon,,,5321697,250,LEVETIRACET PER10MGPMXIJ,5.0,3.75,both
san_ramon,,,5321697,636,LEVETIRACET PER10MGPMXIJ,5.0,3.75,both
san_ramon,80177,CPT,7250016,300,LEVETIRACETAM,19.5,14.63,both
san_ramon,,,5306405,250,LEVETIRACETAM 250MG TB,61.0,45.75,both
san_ramon,,,5306405,637,LEVETIRACETAM 250MG TB,61.0,45.75,both
san_ramon,,,5306406,250,LEVETIRACETAM 500MG TB,65.0,48.75,both
san_ramon,,,5306406,637,LEVETIRACETAM 500MG TB,65.0,48.75,both
san_ramon,,,5306407,250,LEVETIRACETAM 750MG TB,92.0,69.0,both
san_ramon,,,5306407,637,LEVETIRACETAM 750MG TB,92.0,69.0,both
san_ramon,,,5321696,250,LEVETIRACETAM PER10MG IJ,13.0,9.75,both
san_ramon,,,5321696,636,LEVETIRACETAM PER10MG IJ,13.0,9.75,both
san_ramon,,,5315478,250,LEVETIRACETAM500MG/5MLLQ,80.0,60.0,both
san_ramon,,,5315478,637,LEVETIRACETAM500MG/5MLLQ,80.0,60.0,both
san_ramon,,,5331370,250,LEVOBUNOLOL .5% 5ML OS,546.0,409.5,both
san_ramon,,,5331370,637,LEVOBUNOLOL .5% 5ML OS,546.0,409.5,both
san_ramon,,,5302070,250,LEVOCARNITINE 330MG TB,56.0,42.0,both
san_ramon,,,5302070,637,LEVOCARNITINE 330MG TB,56.0,42.0,both
san_ramon,,,5321712,250,LEVOFLOXAC PER250MGPMXIJ,703.0,527.25,both
san_ramon,,,5321712,636,LEVOFLOXAC PER250MGPMXIJ,703.0,527.25,both
san_ramon,,,5306430,250,LEVOFLOXACIN 250MG TB,261.0,195.75,both
san_ramon,,,5306430,637,LEVOFLOXACIN 250MG TB,261.0,195.75,both
san_ramon,,,5306431,250,LEVOFLOXACIN 500MG TB,240.0,180.0,both
san_ramon,,,5306431,637,LEVOFLOXACIN 500MG TB,240.0,180.0,both
san_ramon,,,5306428,250,LEVOFLOXACIN 750MG TB,259.0,194.25,both
san_ramon,,,5306428,637,LEVOFLOXACIN 750MG TB,259.0,194.25,both
san_ramon,,,5306433,250,LEVONORGESTREL 1.5MG TB,510.0,382.5,both
san_ramon,,,5306433,637,LEVONORGESTREL 1.5MG TB,510.0,382.5,both
san_ramon,,,5306447,250,LEVOTHYROXIN .025MG TB,60.0,45.0,both
san_ramon,,,5306447,637,LEVOTHYROXIN .025MG TB,60.0,45.0,both
san_ramon,,,5306451,250,LEVOTHYROXIN .05MG TB,60.0,45.0,both
san_ramon,,,5306451,637,LEVOTHYROXIN .05MG TB,60.0,45.0,both
san_ramon,,,5306454,250,LEVOTHYROXIN .075MG TB,68.0,51.0,both
san_ramon,,,5306454,637,LEVOTHYROXIN .075MG TB,68.0,51.0,both
san_ramon,,,5306435,250,LEVOTHYROXIN .088MG TB,60.0,45.0,both
san_ramon,,,5306435,637,LEVOTHYROXIN .088MG TB,60.0,45.0,both
san_ramon,,,5306456,250,LEVOTHYROXIN .112MG TB,68.0,51.0,both
san_ramon,,,5306456,637,LEVOTHYROXIN .112MG TB,68.0,51.0,both
san_ramon,,,5306458,250,LEVOTHYROXIN .125MG TB,60.0,45.0,both
san_ramon,,,5306458,637,LEVOTHYROXIN .125MG TB,60.0,45.0,both
san_ramon,,,5306455,250,LEVOTHYROXIN .15MG TB,60.0,45.0,both
san_ramon,,,5306455,637,LEVOTHYROXIN .15MG TB,60.0,45.0,both
san_ramon,,,5306459,250,LEVOTHYROXIN .1MG TB,60.0,45.0,both
san_ramon,,,5306459,637,LEVOTHYROXIN .1MG TB,60.0,45.0,both
san_ramon,,,5321693,250,LEVOTHYROXINE NOS PER 10MCG IJ,43.0,32.25,both
san_ramon,,,5321693,636,LEVOTHYROXINE NOS PER 10MCG IJ,43.0,32.25,both
san_ramon,86255,CPT,7250401,300,LGI1 AB,280.8,210.6,both
san_ramon,,,5336189,250,LIDO/BSS PLUS TS,976.0,732.0,both
san_ramon,,,5336189,636,LIDO/BSS PLUS TS,976.0,732.0,both
san_ramon,,,5336188,250,LIDO/EPI/BSS PLUS TS,1172.0,879.0,both
san_ramon,,,5336188,636,LIDO/EPI/BSS PLUS TS,1172.0,879.0,both
san_ramon,,,5336207,250,LIDO/EPI/TETRA 3ML TS,305.0,228.75,both
san_ramon,,,5336207,636,LIDO/EPI/TETRA 3ML TS,305.0,228.75,both
san_ramon,,,5336204,250,LIDO/PRILOC 2.5% 5GM CR,545.0,408.75,both
san_ramon,,,5321840,250,LIDOC/PHENYLEP/BSS 1ML OPTH IJ,134.0,100.5,both
san_ramon,80176,CPT,7253610,300,LIDOCAINE,13.19,9.89,both
san_ramon,,,5336234,250,LIDOCAINE 2% 11ML GL,129.0,96.75,both
san_ramon,,,5336198,250,LIDOCAINE 2% 30GM GL,584.0,438.0,both
san_ramon,,,5336202,250,LIDOCAINE 2% 5ML GL,246.0,184.5,both
san_ramon,,,5336216,250,LIDOCAINE 4% 4ML TS,274.0,205.5,both
san_ramon,,,5336208,250,LIDOCAINE 4% 50ML TS,754.0,565.5,both
san_ramon,,,5336211,250,LIDOCAINE 4% 5GM CR,270.0,202.5,both
san_ramon,,,5336240,250,LIDOCAINE 4% PATCH TD,17.0,12.75,both
san_ramon,,,5336240,637,LIDOCAINE 4% PATCH TD,17.0,12.75,both
san_ramon,,,5321825,250,LIDOCAINE 4% TRACH KT IJ,159.0,119.25,both
san_ramon,,,5336212,250,LIDOCAINE 5% 35GM OI,529.0,396.75,both
san_ramon,,,5336213,250,LIDOCAINE 5% TD,132.0,99.0,both
san_ramon,,,5321753,250,LIDOCAINE D5W PER 1MG IJ,0.08,0.06,both
san_ramon,,,5321753,636,LIDOCAINE D5W PER 1MG IJ,0.08,0.06,both
san_ramon,,,5321754,250,LIDOCAINE PER 1MG IJ,0.27,0.2,both
san_ramon,,,5321754,636,LIDOCAINE PER 1MG IJ,0.27,0.2,both
san_ramon,,,5321756,250,LIDOCAINE PER 1MG PF IJ,0.41,0.31,both
san_ramon,,,5321756,636,LIDOCAINE PER 1MG PF IJ,0.41,0.31,both
san_ramon,,,5321759,250,LIDOCAINE PER 1MG W/EPI IJ,0.41,0.31,both
san_ramon,,,5321759,636,LIDOCAINE PER 1MG W/EPI IJ,0.41,0.31,both
san_ramon,,,5321749,250,LIDOCAINE PER 1ML IJ,32.0,24.0,both
san_ramon,,,5315506,250,LIDOCAINE VISC 2% 15MLLQ,25.0,18.75,both
san_ramon,,,5315506,637,LIDOCAINE VISC 2% 15MLLQ,25.0,18.75,both
san_ramon,,,5315503,250,LIDOCAINE VISC 2% 20 LQ,39.0,29.25,both
san_ramon,,,5315503,637,LIDOCAINE VISC 2% 20 LQ,39.0,29.25,both
san_ramon,,,5336201,250,LIDOCAINE2%UROJET 10MLGL,209.0,156.75,both
san_ramon,,,4617607,360,LIGATE AV FISTULA,33701.0,25275.75,both
san_ramon,,,4617619,360,LIGATION INF VENACAVA,17075.0,12806.25,both
san_ramon,,,4012804,278,LINER ACE PLY MAR ALTX DPY CL,7414.0,5560.5,both
san_ramon,,,4013044,278,LINER ACET POLY X3 STRYKER CL,7959.0,5969.25,both
san_ramon,,,4012807,278,LINER ACETB BI MENTUM DEPUY CL,9389.0,7041.75,both
san_ramon,,,5306501,250,LINEZOLID 600MG TB,680.0,510.0,both
san_ramon,,,5306501,637,LINEZOLID 600MG TB,680.0,510.0,both
san_ramon,,,5321853,250,LINEZOLID PER 200MG IJ,631.0,473.25,both
san_ramon,,,5321853,636,LINEZOLID PER 200MG IJ,631.0,473.25,both
san_ramon,,,5321855,250,LIOTHYRONINE 10MCG/1MLIJ,2393.0,1794.75,both
san_ramon,,,5306513,250,LIOTHYRONINE 5MCG TB,47.0,35.25,both
san_ramon,,,5306513,637,LIOTHYRONINE 5MCG TB,47.0,35.25,both
san_ramon,83690,CPT,4103690,300,LIPASE,1284.0,963.0,both
san_ramon,83690,CPT,4153690,300,LIPASE,913.0,684.75,both
san_ramon,83690,CPT,4103691,300,LIPASE/2,1130.0,847.5,both
san_ramon,80061,CPT,4100062,300,LIPID PANEL,2233.0,1674.75,both
san_ramon,80061,CPT,4150062,300,LIPID PANEL,794.0,595.5,both
san_ramon,80061,CPT,7250160,300,LIPID PANEL/2,3.67,2.75,both
san_ramon,83695,CPT,7253716,300,LIPOPROTEIN (A),8.76,6.57,both
san_ramon,83704,CPT,7253704,300,LIPOPROTEIN BY NMR,28.94,21.71,both
san_ramon,,,5306636,250,LISINOPRIL 10MG TB,65.0,48.75,both
san_ramon,,,5306636,637,LISINOPRIL 10MG TB,65.0,48.75,both
san_ramon,,,5306634,250,LISINOPRIL 2.5MG TB,24.0,18.0,both
san_ramon,,,5306634,637,LISINOPRIL 2.5MG TB,24.0,18.0,both
san_ramon,,,5306637,250,LISINOPRIL 20MG TB,72.0,54.0,both
san_ramon,,,5306637,637,LISINOPRIL 20MG TB,72.0,54.0,both
san_ramon,,,5306635,250,LISINOPRIL 5MG TB,56.0,42.0,both
san_ramon,,,5306635,637,LISINOPRIL 5MG TB,56.0,42.0,both
san_ramon,80178,CPT,4103725,300,LITHIUM,251.0,188.25,both
san_ramon,80178,CPT,4153725,300,LITHIUM,232.0,174.0,both
san_ramon,,,5306675,250,LITHIUM 300MG CP,34.0,25.5,both
san_ramon,,,5306675,637,LITHIUM 300MG CP,34.0,25.5,both
san_ramon,,,5306676,250,LITHIUM 450MG XR TB,23.0,17.25,both
san_ramon,,,5306676,637,LITHIUM 450MG XR TB,23.0,17.25,both
san_ramon,,,5306678,250,LITHIUM CARB 300MG XR TB,38.0,28.5,both
san_ramon,,,5306678,637,LITHIUM CARB 300MG XR TB,38.0,28.5,both
san_ramon,,,5315485,250,LITHIUM300MG/5ML 5ML LQ,39.0,29.25,both
san_ramon,,,5315485,637,LITHIUM300MG/5ML 5ML LQ,39.0,29.25,both
san_ramon,,,3080590,790,LITHOTRIPSY,55944.0,41958.0,both
san_ramon,,,3080015,360,LITHOTRIPSY OTHER,55944.0,41958.0,both
san_ramon,78202,CPT,5208202,341,LIVER IMAG VASCULAR FLOW,1316.0,987.0,both
san_ramon,78215,CPT,5208215,341,LIVER/SPLEEN IMAG STATIC,8899.0,6674.25,both
san_ramon,78216,CPT,5208216,341,LIVER/SPLEEN VASC FLOW,4162.0,3121.5,both
san_ramon,,,4013439,278,LNR AC PLY HGH CRSLNK MDACT CL,9315.0,6986.25,both
san_ramon,,,4012879,278,LNR ACE MTL CR BIO BHRR3 SN CL,5933.0,4449.75,both
san_ramon,,,4012951,278,LNR ACET HI CRSLNK INS ZIM CL,8994.0,6745.5,both
san_ramon,,,4013040,278,LNR ACET MDM MTL LNR STRY CL,9551.0,7163.25,both
san_ramon,,,4012956,278,LNR ACET VIVACT E POLY ZIM CL,12051.0,9038.25,both
san_ramon,,,4013045,278,LNR ACET X3 MBL BEAR STRYK CL,7959.0,5969.25,both
san_ramon,78832,CPT,5208832,340,LOCALZ TUM SPEC 2 AREA CT 2DAY,17218.0,12913.5,both
san_ramon,78831,CPT,5208831,340,LOCALZ TUM SPECT SGL 2+DAYS,15177.0,11382.75,both
san_ramon,78830,CPT,5208829,340,LOCALZ TUM SPECT W/CT SGL 1DAY,15177.0,11382.75,both
san_ramon,,,5358211,255,LOCM 200-299MG/ML ID 1ML,74.0,55.5,both
san_ramon,,,5358211,636,LOCM 200-299MG/ML ID 1ML,74.0,55.5,both
san_ramon,,,5358209,255,LOCM 300-399MG/ML ID 1ML,23.0,17.25,both
san_ramon,,,5358209,636,LOCM 300-399MG/ML ID 1ML,23.0,17.25,both
san_ramon,,,5315554,250,LOPERAMIDE 1MG/7.5ML 7.5ML LQ,29.0,21.75,both
san_ramon,,,5315554,637,LOPERAMIDE 1MG/7.5ML 7.5ML LQ,29.0,21.75,both
san_ramon,,,5306729,250,LOPERAMIDE 2MG CP,80.0,60.0,both
san_ramon,,,5306729,637,LOPERAMIDE 2MG CP,80.0,60.0,both
san_ramon,,,5315508,250,LOPERAMIDE 2MG/15ML LQ,5.0,3.75,both
san_ramon,,,5315508,637,LOPERAMIDE 2MG/15ML LQ,5.0,3.75,both
san_ramon,,,5306740,250,LORATADINE 10MG TB,143.0,107.25,both
san_ramon,,,5306740,637,LORATADINE 10MG TB,143.0,107.25,both
san_ramon,,,5306739,250,LORATADINE 5MG CTB,20.0,15.0,both
san_ramon,,,5306739,637,LORATADINE 5MG CTB,20.0,15.0,both
san_ramon,,,5306749,250,LORAZEPAM .5MG TB,60.0,45.0,both
san_ramon,,,5306749,637,LORAZEPAM .5MG TB,60.0,45.0,both
san_ramon,,,5306752,250,LORAZEPAM 1MG TB,68.0,51.0,both
san_ramon,,,5306752,637,LORAZEPAM 1MG TB,68.0,51.0,both
san_ramon,,,5321894,250,LORAZEPAM PER 2MG IJ,329.0,246.75,both
san_ramon,,,5321894,636,LORAZEPAM PER 2MG IJ,329.0,246.75,both
san_ramon,,,5306754,250,LOSARTAN 100MG TB,61.0,45.75,both
san_ramon,,,5306754,637,LOSARTAN 100MG TB,61.0,45.75,both
san_ramon,,,5306759,250,LOSARTAN 25MG TB,98.0,73.5,both
san_ramon,,,5306759,637,LOSARTAN 25MG TB,98.0,73.5,both
san_ramon,,,5306757,250,LOSARTAN 50MG TB,104.0,78.0,both
san_ramon,,,5306757,637,LOSARTAN 50MG TB,104.0,78.0,both
san_ramon,73592,CPT,4903591,320,LOWER EXT INFANT AP&LAT,1230.0,922.5,both
san_ramon,83698,CPT,7253643,300,LP-PLA2 (PLAC),20.0,15.0,both
san_ramon,,,5306795,250,LUBIPROSTONE 24MCG CP,86.0,64.5,both
san_ramon,,,5306795,637,LUBIPROSTONE 24MCG CP,86.0,64.5,both
san_ramon,72120,CPT,4902121,320,LUMB BENDNG 2 OR 3 VWS,1383.0,1037.25,both
san_ramon,78580,CPT,5208580,341,LUNG PERF PARTICULATE,6357.0,4767.75,both
san_ramon,78597,CPT,5208598,341,LUNG PERFUSION DIFFER,12675.0,9506.25,both
san_ramon,78582,CPT,5208583,341,LUNG VENT&PERF IMAGING,11288.0,8466.0,both
san_ramon,78579,CPT,5208579,341,LUNG VENTILATION IMAGING,7978.0,5983.5,both
san_ramon,83002,CPT,4103002,300,LUTEINING HORMONE,1800.0,1350.0,both
san_ramon,83002,CPT,4153002,300,LUTEINING HORMONE,918.0,688.5,both
san_ramon,87476,CPT,7257136,300,LYME AMP PROBE/2,59.0,44.25,both
san_ramon,86618,CPT,7256257,300,LYME DISEASE AB,10.0,7.5,both
san_ramon,86617,CPT,7250225,300,LYME DISEASE AB TEST,31.5,23.63,both
san_ramon,86617,CPT,7256308,300,LYME DISEASE AB TEST/2,15.33,11.5,both
san_ramon,86617,CPT,7256618,300,LYME DISEASE AB TEST/4,7.9,5.93,both
san_ramon,86618,CPT,7256621,300,LYME DISEASE AB/5,18.73,14.05,both
san_ramon,78195,CPT,5208195,341,LYMPHATICS & LYMPH NODES,3778.0,2833.5,both
san_ramon,,,5321953,250,MAG SULF PER 500MG IJ,165.0,123.75,both
san_ramon,,,5321953,636,MAG SULF PER 500MG IJ,165.0,123.75,both
san_ramon,,,5321956,250,MAG SULF PER 500MG PMXIJ,48.0,36.0,both
san_ramon,,,5321956,636,MAG SULF PER 500MG PMXIJ,48.0,36.0,both
san_ramon,,,5315550,250,MAGIC MOUTHWASH 1ML LQ,3.0,2.25,both
san_ramon,,,5315550,637,MAGIC MOUTHWASH 1ML LQ,3.0,2.25,both
san_ramon,,,5315541,250,MAGIC MOUTHWASH CMPD LQ,209.0,156.75,both
san_ramon,,,5315541,637,MAGIC MOUTHWASH CMPD LQ,209.0,156.75,both
san_ramon,83735,CPT,4103735,300,MAGNESIUM,1079.0,809.25,both
san_ramon,83735,CPT,4153735,300,MAGNESIUM,589.0,441.75,both
san_ramon,,,5306855,250,MAGNESIUM OXIDE 400MG TB,20.0,15.0,both
san_ramon,,,5306855,637,MAGNESIUM OXIDE 400MG TB,20.0,15.0,both
san_ramon,83735,CPT,7253737,300,MAGNESIUM/2,5.0,3.75,both
san_ramon,83735,CPT,4103755,300,MAGNESIUM/4,901.0,675.75,both
san_ramon,83735,CPT,7253755,300,MAGNESIUM/4,3.26,2.45,both
san_ramon,77054,CPT,3070035,320,MAMMARY DUCT/GALACT MULT,2297.0,1722.75,both
san_ramon,77053,CPT,3070030,320,MAMMARY DUCT/GALACT SNG,2519.0,1889.25,both
san_ramon,77053,CPT,4906088,320,MAMMARY DUCT/GALACT SNG,4962.0,3721.5,both
san_ramon,70110,CPT,4900110,320,MANDIBLE 4VW MIN,2255.0,1691.25,both
san_ramon,70100,CPT,4900100,320,MANDIBLE < 4 VIEWS,2072.0,1554.0,both
san_ramon,83785,CPT,7253785,300,MANGANESE,33.72,25.29,both
san_ramon,,,5412580,258,MANNITOL 20% 250ML IVF,1200.0,900.0,both
san_ramon,,,5412585,258,MANNITOL 20% 500ML IVF,1880.0,1410.0,both
san_ramon,,,5321962,250,MANNITOL PER 250MG IJ,1.17,0.88,both
san_ramon,,,5321962,636,MANNITOL PER 250MG IJ,1.17,0.88,both
san_ramon,85032,CPT,4105012,300,MANUAL BLOOD COUNT,1879.0,1409.25,both
san_ramon,,,8240260,278,MARKER TISS MICROMRK11GA,6060.0,4545.0,both
san_ramon,83789,CPT,7253783,300,MASS SPEC TNDM MS NES/2,45.0,33.75,both
san_ramon,70130,CPT,4900130,320,MASTOIDS BI 3VWS PR SIDE,617.0,462.75,both
san_ramon,,,4023897,278,MATRX AMNION,26673.0,20004.75,both
san_ramon,,,4013648,278,MATRX BN ALLOSYNC DBM GEL/PUTT,15807.0,11855.25,both
san_ramon,,,4023890,278,MATRX DURAL GRFT DURAGEN,4061.0,3045.75,both
san_ramon,,,4023937,250,MATRX TISS FLOW VIAFLOW 2ML,12718.0,9538.5,both
san_ramon,,,4023937,636,MATRX TISS FLOW VIAFLOW 2ML,12718.0,9538.5,both
san_ramon,,,4023882,250,MATRX TISSUE STRUCTURAL,25483.0,19112.25,both
san_ramon,,,4023882,636,MATRX TISSUE STRUCTURAL,25483.0,19112.25,both
san_ramon,78452,CPT,5204301,341,MC PERF SPECT WM EF MULT,20671.0,15503.25,both
san_ramon,78451,CPT,5204300,341,MC PERF SPECT WM EF SNGL,15492.0,11619.0,both
san_ramon,,,4033038,278,MCATH ASAHI CORSAIR OTW,7635.0,5726.25,both
san_ramon,,,4033041,278,MCATH RENEGADE HI FLO,1954.0,1465.5,both
san_ramon,94664,CPT,5502100,410,MDI DEMO AND/OR EVAL,1789.0,1341.75,both
san_ramon,94640,CPT,5502105,410,MDI TREATMENT,833.0,624.75,both
san_ramon,90707,CPT,5321992,250,MEASLES/MUMPS/RUB VACCIJ,938.0,703.5,both
san_ramon,90707,CPT,5321992,636,MEASLES/MUMPS/RUB VACCIJ,938.0,703.5,both
san_ramon,,,4617189,360,MECH REMVL OBSTRTN GTUBE,3570.0,2677.5,both
san_ramon,,,5306968,250,MECLIZINE 12.5MG TB,60.0,45.0,both
san_ramon,,,5306968,637,MECLIZINE 12.5MG TB,60.0,45.0,both
san_ramon,,,5306972,250,MECLIZINE TAB 25MG TB,68.0,51.0,both
san_ramon,,,5306972,637,MECLIZINE TAB 25MG TB,68.0,51.0,both
san_ramon,97802,CPT,6560036,942,MED NUTRTN TH INIT 15MIN,233.0,174.75,both
san_ramon,97802,CPT,6570036,942,MED NUTRTN TH INIT 15MIN,290.0,217.5,both
san_ramon,97803,CPT,6570037,942,MED NUTRTN TH REEVAL15MN,233.0,174.75,both
san_ramon,,,1990008,206,MED/SURG WITH TELEMETRY,23971.0,17978.25,both
san_ramon,,,2120008,206,MED/SURG WITH TELEMETRY,23971.0,17978.25,both
san_ramon,,,2150008,206,MED/SURG WITH TELEMETRY,23971.0,17978.25,both
san_ramon,,,5307022,250,MEDROXYPROGEST 2.5MG TB,60.0,45.0,both
san_ramon,,,5307022,637,MEDROXYPROGEST 2.5MG TB,60.0,45.0,both
san_ramon,,,5307023,250,MEDROXYPROGEST 5MG TB,2.0,1.5,both
san_ramon,,,5307023,637,MEDROXYPROGEST 5MG TB,2.0,1.5,both
san_ramon,,,5322021,250,MEDROXYPROGEST PER 1MGIJ,13.0,9.75,both
san_ramon,,,5322021,636,MEDROXYPROGEST PER 1MGIJ,13.0,9.75,both
san_ramon,,,5307076,250,MEGESTROL 40MG TB,104.0,78.0,both
san_ramon,,,5307076,637,MEGESTROL 40MG TB,104.0,78.0,both
san_ramon,,,5315568,250,MEGESTROL40MG/ML 10ML LQ,217.0,162.75,both
san_ramon,,,5315568,637,MEGESTROL40MG/ML 10ML LQ,217.0,162.75,both
san_ramon,,,5307080,250,MELATONIN 3MG TB,12.0,9.0,both
san_ramon,,,5307080,637,MELATONIN 3MG TB,12.0,9.0,both
san_ramon,,,5307082,250,MELATONIN 5MG TB,14.0,10.5,both
san_ramon,,,5307082,637,MELATONIN 5MG TB,14.0,10.5,both
san_ramon,,,5307110,250,MEMANTINE 5MG TB,62.0,46.5,both
san_ramon,,,5307110,637,MEMANTINE 5MG TB,62.0,46.5,both
san_ramon,90734,CPT,5322059,250,MENINGOCOCCAL VAC IM IJ,1600.0,1200.0,both
san_ramon,90734,CPT,5322059,636,MENINGOCOCCAL VAC IM IJ,1600.0,1200.0,both
san_ramon,,,5309197,250,MENTHOL 5MG LZ,20.0,15.0,both
san_ramon,,,5309197,637,MENTHOL 5MG LZ,20.0,15.0,both
san_ramon,,,5327637,250,MEPERIDINE PER 100MG IJ,425.0,318.75,both
san_ramon,,,5327637,636,MEPERIDINE PER 100MG IJ,425.0,318.75,both
san_ramon,83825,CPT,7253825,300,MERCURY QUANTITATIVE,15.48,11.61,both
san_ramon,,,5322116,250,MEROPENEM PER 100MG IJ,97.0,72.75,both
san_ramon,,,5322116,636,MEROPENEM PER 100MG IJ,97.0,72.75,both
san_ramon,,,5322123,250,MEROPENEM PER100MG PMXIJ,39.0,29.25,both
san_ramon,,,5322123,636,MEROPENEM PER100MG PMXIJ,39.0,29.25,both
san_ramon,,,5338512,250,MESALAMINE 1000MG SU,180.0,135.0,both
san_ramon,,,5338512,637,MESALAMINE 1000MG SU,180.0,135.0,both
san_ramon,,,5307281,250,MESALAMINE 250MG XR CP,97.0,72.75,both
san_ramon,,,5307281,637,MESALAMINE 250MG XR CP,97.0,72.75,both
san_ramon,,,5307280,250,MESALAMINE 400MG EC TB,108.0,81.0,both
san_ramon,,,5307280,637,MESALAMINE 400MG EC TB,108.0,81.0,both
san_ramon,,,5307278,250,MESALAMINE 400MG XR CP,45.0,33.75,both
san_ramon,,,5307278,637,MESALAMINE 400MG XR CP,45.0,33.75,both
san_ramon,,,5338510,250,MESALAMINE 4G/60ML RE,518.0,388.5,both
san_ramon,,,5338510,637,MESALAMINE 4G/60ML RE,518.0,388.5,both
san_ramon,,,5307284,250,MESALAMINE 800MG XR TB,90.0,67.5,both
san_ramon,,,5307284,637,MESALAMINE 800MG XR TB,90.0,67.5,both
san_ramon,,,8242076,278,MESH BARD 3DMAX LG,1424.0,1068.0,both
san_ramon,,,8242078,278,MESH BARD 3DMAX MED,1772.0,1329.0,both
san_ramon,,,8142102,278,MESH COMPOSIX 4X8,2488.0,1866.0,both
san_ramon,,,8142061,278,MESH GORTEX DUAL 15X19,12731.0,9548.25,both
san_ramon,,,4024081,278,MESH H POLYPRO/EPTFE2,3393.0,2544.75,both
san_ramon,,,8153511,278,MESH HERNIA VENT 2,7638.0,5728.5,both
san_ramon,,,4024195,278,MESH POLYPRO INTEPRO Y,6701.0,5025.75,both
san_ramon,,,4024207,278,MESH PROCEED 15X20,10208.0,7656.0,both
san_ramon,,,4024205,278,MESH PROCEED 8X10,15487.0,11615.25,both
san_ramon,,,4024215,278,MESH SOFT TIS FULL RESRB,14480.0,10860.0,both
san_ramon,,,4024239,278,MESH ULTRAPRO 3X6IN,1270.0,952.5,both
san_ramon,,,5322120,250,MESNA PER 200MG IJ,450.0,337.5,both
san_ramon,,,5322120,636,MESNA PER 200MG IJ,450.0,337.5,both
san_ramon,83835,CPT,7253836,300,METANEPHRINES,32.58,24.44,both
san_ramon,83835,CPT,7253838,300,METANEPHRINES/3,12.22,9.17,both
san_ramon,,,4013700,278,METATARSAL HEAD,4847.0,3635.25,both
san_ramon,,,4013710,278,METATARSAL STEM,9688.0,7266.0,both
san_ramon,,,5307360,250,METFORMIN 500MG TB,84.0,63.0,both
san_ramon,,,5307360,637,METFORMIN 500MG TB,84.0,63.0,both
san_ramon,,,5327670,250,METHADONE 10MG TB,56.0,42.0,both
san_ramon,,,5327670,637,METHADONE 10MG TB,56.0,42.0,both
san_ramon,,,5327667,250,METHADONE 10MG/1ML LQ,14.0,10.5,both
san_ramon,,,5327667,637,METHADONE 10MG/1ML LQ,14.0,10.5,both
san_ramon,,,5327674,250,METHADONE 5MG TB,60.0,45.0,both
san_ramon,,,5327674,637,METHADONE 5MG TB,60.0,45.0,both
san_ramon,,,5327661,250,METHADONE 5MG/5ML LQ,45.0,33.75,both
san_ramon,,,5327661,637,METHADONE 5MG/5ML LQ,45.0,33.75,both
san_ramon,,,5307505,250,METHIMAZOLE 5MG TB,39.0,29.25,both
san_ramon,,,5307505,637,METHIMAZOLE 5MG TB,39.0,29.25,both
san_ramon,,,5307530,250,METHOCARBAMOL 500MG TB,60.0,45.0,both
san_ramon,,,5307530,637,METHOCARBAMOL 500MG TB,60.0,45.0,both
san_ramon,,,5307534,250,METHOCARBAMOL 750MG TB,60.0,45.0,both
san_ramon,,,5307534,637,METHOCARBAMOL 750MG TB,60.0,45.0,both
san_ramon,,,5318096,250,METHOTREX GYN KIT PER 50MG IJ,1167.0,875.25,both
san_ramon,,,5318096,636,METHOTREX GYN KIT PER 50MG IJ,1167.0,875.25,both
san_ramon,,,5307561,250,METHOTREXATE 2.5MG TB,90.0,67.5,both
san_ramon,,,5307561,637,METHOTREXATE 2.5MG TB,90.0,67.5,both
san_ramon,,,5318089,250,METHOTREXATE PER 50MG IJ,1167.0,875.25,both
san_ramon,,,5318089,636,METHOTREXATE PER 50MG IJ,1167.0,875.25,both
san_ramon,,,5336470,250,METHYL SAL MENTH 30GM OI,39.0,29.25,both
san_ramon,,,5336470,637,METHYL SAL MENTH 30GM OI,39.0,29.25,both
san_ramon,,,5358207,250,METHYLEN BLUE PER 1MG IJ,5.0,3.75,both
san_ramon,,,5358207,636,METHYLEN BLUE PER 1MG IJ,5.0,3.75,both
san_ramon,,,5322269,250,METHYLERGONOV UPTO.2MGIJ,388.0,291.0,both
san_ramon,,,5322269,636,METHYLERGONOV UPTO.2MGIJ,388.0,291.0,both
san_ramon,,,5307631,250,METHYLERGONOVIN .2MG TB,45.0,33.75,both
san_ramon,,,5307631,637,METHYLERGONOVIN .2MG TB,45.0,33.75,both
san_ramon,,,5322276,250,METHYLNALTREXONE 0.1MGIJ,5.0,3.75,both
san_ramon,,,5322276,637,METHYLNALTREXONE 0.1MGIJ,5.0,3.75,both
san_ramon,,,5327695,250,METHYLPHENIDATE 5MG TB,68.0,51.0,both
san_ramon,,,5327695,637,METHYLPHENIDATE 5MG TB,68.0,51.0,both
san_ramon,,,5307658,250,METHYLPRED 4MG TB,71.0,53.25,both
san_ramon,,,5307658,637,METHYLPRED 4MG TB,71.0,53.25,both
san_ramon,,,5322296,250,METHYLPRED A PER 1MG IJ,2.0,1.5,both
san_ramon,,,5322296,636,METHYLPRED A PER 1MG IJ,2.0,1.5,both
san_ramon,,,5322313,250,METHYLPRED SS PER 5MG IJ,9.0,6.75,both
san_ramon,,,5322313,636,METHYLPRED SS PER 5MG IJ,9.0,6.75,both
san_ramon,,,5322366,250,METOCLOPRAM UPTO10MG IJ,215.0,161.25,both
san_ramon,,,5322366,636,METOCLOPRAM UPTO10MG IJ,215.0,161.25,both
san_ramon,,,5315668,250,METOCLOPRAM5/5 10ML LQ,29.0,21.75,both
san_ramon,,,5315668,637,METOCLOPRAM5/5 10ML LQ,29.0,21.75,both
san_ramon,,,5307731,250,METOCLOPRAMIDE 10MG TB,60.0,45.0,both
san_ramon,,,5307731,637,METOCLOPRAMIDE 10MG TB,60.0,45.0,both
san_ramon,,,5307758,250,METOLAZONE 2.5MG TB,60.0,45.0,both
san_ramon,,,5307758,637,METOLAZONE 2.5MG TB,60.0,45.0,both
san_ramon,,,5307787,250,METOPROLOL 100MG XR TB,47.0,35.25,both
san_ramon,,,5307787,637,METOPROLOL 100MG XR TB,47.0,35.25,both
san_ramon,,,5307788,250,METOPROLOL 12.5MG TB,24.0,18.0,both
san_ramon,,,5307788,637,METOPROLOL 12.5MG TB,24.0,18.0,both
san_ramon,,,5307791,250,METOPROLOL 25MG TB,31.0,23.25,both
san_ramon,,,5307791,637,METOPROLOL 25MG TB,31.0,23.25,both
san_ramon,,,5307792,250,METOPROLOL 25MG XR TB,24.0,18.0,both
san_ramon,,,5307792,637,METOPROLOL 25MG XR TB,24.0,18.0,both
san_ramon,,,5307785,250,METOPROLOL 50MG TB,68.0,51.0,both
san_ramon,,,5307785,637,METOPROLOL 50MG TB,68.0,51.0,both
san_ramon,,,5307786,250,METOPROLOL 50MG XR TB,36.0,27.0,both
san_ramon,,,5307786,637,METOPROLOL 50MG XR TB,36.0,27.0,both
san_ramon,,,5322380,250,METOPROLOL PER 1MG IJ,6.0,4.5,both
san_ramon,,,5322380,636,METOPROLOL PER 1MG IJ,6.0,4.5,both
san_ramon,,,5307815,250,METRONIDAZOLE 500MG TB,71.0,53.25,both
san_ramon,,,5307815,637,METRONIDAZOLE 500MG TB,71.0,53.25,both
san_ramon,,,5322390,250,METRONIDAZOLE PER 10MG PMX IJ,0.52,0.39,both
san_ramon,,,5322390,636,METRONIDAZOLE PER 10MG PMX IJ,0.52,0.39,both
san_ramon,,,5336560,250,METRONIDAZOLE.75%70GMVGL,1341.0,1005.75,both
san_ramon,,,5336560,637,METRONIDAZOLE.75%70GMVGL,1341.0,1005.75,both
san_ramon,,,5307836,250,MEXILETINE 150MG CP,87.0,65.25,both
san_ramon,,,5307836,637,MEXILETINE 150MG CP,87.0,65.25,both
san_ramon,,,5306832,250,MG CL 64MG XR TB,39.0,29.25,both
san_ramon,,,5306832,637,MG CL 64MG XR TB,39.0,29.25,both
san_ramon,,,5306856,250,MG GLUCONATE 500MG TB,38.0,28.5,both
san_ramon,,,5306856,637,MG GLUCONATE 500MG TB,38.0,28.5,both
san_ramon,,,5315742,250,MG OH 8% 30ML LQ,17.0,12.75,both
san_ramon,,,5315742,637,MG OH 8% 30ML LQ,17.0,12.75,both
san_ramon,,,5322409,250,MICAFUNGIN PER 1MG IJ,31.0,23.25,both
san_ramon,,,5322409,636,MICAFUNGIN PER 1MG IJ,31.0,23.25,both
san_ramon,,,5336594,250,MICONAZOLE 2% 30GM CR,118.0,88.5,both
san_ramon,,,5336594,637,MICONAZOLE 2% 30GM CR,118.0,88.5,both
san_ramon,,,5336595,250,MICONAZOLE 2% 45GM VCR,298.0,223.5,both
san_ramon,,,5336595,637,MICONAZOLE 2% 45GM VCR,298.0,223.5,both
san_ramon,,,5336597,250,MICONAZOLE 2% 57GM CR,142.0,106.5,both
san_ramon,,,5336597,637,MICONAZOLE 2% 57GM CR,142.0,106.5,both
san_ramon,,,5336598,250,MICONAZOLE 2% 90GM PW,129.0,96.75,both
san_ramon,,,5336598,637,MICONAZOLE 2% 90GM PW,129.0,96.75,both
san_ramon,82043,CPT,4152044,300,MICRO ALBUMIN URINE QNT,396.0,297.0,both
san_ramon,86376,CPT,7255559,300,MICROSOMAL ANTIBODY EA,4.89,3.67,both
san_ramon,86376,CPT,7256374,300,MICROSOMAL ANTIBODY EA/2,12.49,9.37,both
san_ramon,,,5327730,250,MIDAZOLAM 10MG/5ML LQ,329.0,246.75,both
san_ramon,,,5327730,637,MIDAZOLAM 10MG/5ML LQ,329.0,246.75,both
san_ramon,,,5322454,250,MIDAZOLAM PER 1MG IJ,55.0,41.25,both
san_ramon,,,5322454,636,MIDAZOLAM PER 1MG IJ,55.0,41.25,both
san_ramon,,,5327721,250,MIDAZOLAM PER 1MG PMX IJ,118.0,88.5,both
san_ramon,,,5327721,636,MIDAZOLAM PER 1MG PMX IJ,118.0,88.5,both
san_ramon,,,5307841,250,MIDODRINE 2.5MG TB,27.0,20.25,both
san_ramon,,,5307841,637,MIDODRINE 2.5MG TB,27.0,20.25,both
san_ramon,,,5307842,250,MIDODRINE 5MG TB,87.0,65.25,both
san_ramon,,,5307842,637,MIDODRINE 5MG TB,87.0,65.25,both
san_ramon,,,5322447,250,MILRINONE PER 5MG IJ,183.0,137.25,both
san_ramon,,,5322447,636,MILRINONE PER 5MG IJ,183.0,137.25,both
san_ramon,,,5322455,250,MILRINONE PER 5MG PMX IJ,183.0,137.25,both
san_ramon,,,5322455,636,MILRINONE PER 5MG PMX IJ,183.0,137.25,both
san_ramon,,,5338534,250,MINERAL OIL 133ML RE,153.0,114.75,both
san_ramon,,,5338534,637,MINERAL OIL 133ML RE,153.0,114.75,both
san_ramon,,,5315714,250,MINERAL OIL 30 ML LQ,15.0,11.25,both
san_ramon,,,5315714,637,MINERAL OIL 30 ML LQ,15.0,11.25,both
san_ramon,,,5336644,250,MINERAL OIL STER 10ML LQ,87.0,65.25,both
san_ramon,,,5307889,250,MINOXIDIL 10MG TB,97.0,72.75,both
san_ramon,,,5307889,637,MINOXIDIL 10MG TB,97.0,72.75,both
san_ramon,,,5307881,250,MINOXIDIL 2.5MG TB,60.0,45.0,both
san_ramon,,,5307881,637,MINOXIDIL 2.5MG TB,60.0,45.0,both
san_ramon,,,5307877,250,MIRTAZAPINE 15MG DT,65.0,48.75,both
san_ramon,,,5307877,637,MIRTAZAPINE 15MG DT,65.0,48.75,both
san_ramon,,,5307880,250,MIRTAZAPINE 15MG TB,62.0,46.5,both
san_ramon,,,5307880,637,MIRTAZAPINE 15MG TB,62.0,46.5,both
san_ramon,,,5307879,250,MIRTAZAPINE 30MG TB,89.0,66.75,both
san_ramon,,,5307879,637,MIRTAZAPINE 30MG TB,89.0,66.75,both
san_ramon,86849,CPT,7250179,300,MISC IMMUNO PROC,107.32,80.49,both
san_ramon,,,5307890,250,MISOPROSTOL 100MCG TB,72.0,54.0,both
san_ramon,,,5307890,637,MISOPROSTOL 100MCG TB,72.0,54.0,both
san_ramon,,,5307892,250,MISOPROSTOL 25MCG TB,23.0,17.25,both
san_ramon,,,5307892,637,MISOPROSTOL 25MCG TB,23.0,17.25,both
san_ramon,,,5307888,250,MISOPROSTOL 50MCG TB,72.0,54.0,both
san_ramon,,,5307888,637,MISOPROSTOL 50MCG TB,72.0,54.0,both
san_ramon,86381,CPT,7253522,300,MITCHONDRIAL ANTIBODY/2,8.76,6.57,both
san_ramon,,,5331493,250,MITOMYCIN CMPD OS,2771.0,2078.25,both
san_ramon,,,5331493,636,MITOMYCIN CMPD OS,2771.0,2078.25,both
san_ramon,,,5322492,250,MITOMYCIN PER 5MG IJ,2133.0,1599.75,both
san_ramon,,,5322492,636,MITOMYCIN PER 5MG IJ,2133.0,1599.75,both
san_ramon,81288,CPT,7270027,310,MLH1 GENE,385.0,288.75,both
san_ramon,,,5079158,370,MOD SED GI >5YRS INIT15,458.0,343.5,both
san_ramon,99157,CPT,3709157,370,MOD SED OTH EA ADD15,359.0,269.25,both
san_ramon,99157,CPT,5079157,370,MOD SED OTH EA ADD15,359.0,269.25,both
san_ramon,99157,CPT,6109157,370,MOD SED OTH EA ADD15,359.0,269.25,both
san_ramon,99155,CPT,6109155,370,MOD SED OTH<5YRS INIT15,458.0,343.5,both
san_ramon,99156,CPT,3709156,370,MOD SED OTH>5YRS INIT15,458.0,343.5,both
san_ramon,99156,CPT,5079156,370,MOD SED OTH>5YRS INIT15,458.0,343.5,both
san_ramon,99156,CPT,6109156,370,MOD SED OTH>5YRS INIT15,458.0,343.5,both
san_ramon,99153,CPT,3709153,370,MOD SED SAME EA ADD15,359.0,269.25,both
san_ramon,99153,CPT,4619153,370,MOD SED SAME EA ADD15,359.0,269.25,both
san_ramon,99153,CPT,5079153,370,MOD SED SAME EA ADD15,359.0,269.25,both
san_ramon,99153,CPT,6109153,370,MOD SED SAME EA ADD15,359.0,269.25,both
san_ramon,99151,CPT,6109151,370,MOD SED SAME<5YRS INIT15,458.0,343.5,both
san_ramon,99152,CPT,3709152,370,MOD SED SAME>5YRS INIT15,458.0,343.5,both
san_ramon,99152,CPT,4619152,370,MOD SED SAME>5YRS INIT15,458.0,343.5,both
san_ramon,99152,CPT,5079152,370,MOD SED SAME>5YRS INIT15,458.0,343.5,both
san_ramon,99152,CPT,6109152,370,MOD SED SAME>5YRS INIT15,458.0,343.5,both
san_ramon,,,5307883,250,MODAFINIL 100MG TB,100.0,75.0,both
san_ramon,,,5307883,637,MODAFINIL 100MG TB,100.0,75.0,both
san_ramon,86362,CPT,7250399,300,MOG AB,550.0,412.5,both
san_ramon,88275,CPT,7258201,310,MOLEC CYTOGEN INTPHS 100-300,56.0,42.0,both
san_ramon,81401,CPT,7251399,310,MOLECULAR PATH LEVEL 2/2,170.0,127.5,both
san_ramon,88271,CPT,7258832,310,MOLECULR CYTO DNA PRB EA,29.33,22.0,both
san_ramon,,,5336680,250,MOMETASONE .1% 15GM OI,368.0,276.0,both
san_ramon,,,5336680,637,MOMETASONE .1% 15GM OI,368.0,276.0,both
san_ramon,,,5307903,250,MONTELUKAST 10MG TB,87.0,65.25,both
san_ramon,,,5307903,637,MONTELUKAST 10MG TB,87.0,65.25,both
san_ramon,,,8175336,272,MORCELLATOR ROTARY,3084.0,2313.0,both
san_ramon,,,5327712,250,MORPH PF EPI/INTR 10MGIJ,319.0,239.25,both
san_ramon,,,5327712,636,MORPH PF EPI/INTR 10MGIJ,319.0,239.25,both
san_ramon,,,5327715,250,MORPHINE 10MG/0.5ML LQ,34.0,25.5,both
san_ramon,,,5327715,637,MORPHINE 10MG/0.5ML LQ,34.0,25.5,both
san_ramon,,,5327749,250,MORPHINE 10MG/5ML LQ,60.0,45.0,both
san_ramon,,,5327749,637,MORPHINE 10MG/5ML LQ,60.0,45.0,both
san_ramon,,,5327777,250,MORPHINE 15MG TB,60.0,45.0,both
san_ramon,,,5327777,637,MORPHINE 15MG TB,60.0,45.0,both
san_ramon,,,5327780,250,MORPHINE 15MG XR TB,87.0,65.25,both
san_ramon,,,5327780,637,MORPHINE 15MG XR TB,87.0,65.25,both
san_ramon,,,5327755,250,MORPHINE 20MG/1ML LQ,92.0,69.0,both
san_ramon,,,5327755,637,MORPHINE 20MG/1ML LQ,92.0,69.0,both
san_ramon,,,5327782,250,MORPHINE 30MG XR TB,126.0,94.5,both
san_ramon,,,5327782,637,MORPHINE 30MG XR TB,126.0,94.5,both
san_ramon,,,5327778,250,MORPHINE 60MG XR TB,161.0,120.75,both
san_ramon,,,5327778,637,MORPHINE 60MG XR TB,161.0,120.75,both
san_ramon,,,5327836,250,MORPHINE PER 10MG PCA,269.0,201.75,both
san_ramon,,,5327836,636,MORPHINE PER 10MG PCA,269.0,201.75,both
san_ramon,,,5327744,250,MORPHINE UPTO 10MG IJ,347.0,260.25,both
san_ramon,,,5327744,636,MORPHINE UPTO 10MG IJ,347.0,260.25,both
san_ramon,88358,CPT,4303516,310,MORPHOMETRIC TUMOR,120.76,90.57,both
san_ramon,,,5331491,250,MOXIFLOXACIN .5% 3ML OS,1406.0,1054.5,both
san_ramon,,,5331491,637,MOXIFLOXACIN .5% 3ML OS,1406.0,1054.5,both
san_ramon,,,5331508,250,MOXIFLOXACIN 0.1% 1ML OS,145.0,108.75,both
san_ramon,,,5331508,637,MOXIFLOXACIN 0.1% 1ML OS,145.0,108.75,both
san_ramon,,,5331530,250,MOXIFLOXACIN BSS 1ML OS,360.0,270.0,both
san_ramon,,,5331530,637,MOXIFLOXACIN BSS 1ML OS,360.0,270.0,both
san_ramon,,,5331506,250,MOXIFLOXACIN.5% 0.3ML OS,352.0,264.0,both
san_ramon,,,5331506,637,MOXIFLOXACIN.5% 0.3ML OS,352.0,264.0,both
san_ramon,,,5331501,250,MOXIFLOXACIN.5% 0.5ML OS,276.0,207.0,both
san_ramon,,,5331501,637,MOXIFLOXACIN.5% 0.5ML OS,276.0,207.0,both
san_ramon,81338,CPT,7250095,300,MPL GENE VARIANTS,300.0,225.0,both
san_ramon,74185,CPT,5258899,610,MRA ABDOMEN W/ CM,6005.0,4503.75,both
san_ramon,74185,CPT,5258901,610,MRA ABDOMEN W/O CM,4022.0,3016.5,both
san_ramon,74185,CPT,5258902,610,MRA ABDOMEN WO/W CM,6567.0,4925.25,both
san_ramon,71555,CPT,5258909,610,MRA CHEST W/CONTRAST,5925.0,4443.75,both
san_ramon,71555,CPT,5258911,610,MRA CHEST WO/W CONTRAST,8828.0,6621.0,both
san_ramon,70545,CPT,5250602,615,MRA HEAD W/CONTRAST,8352.0,6264.0,both
san_ramon,70544,CPT,5250601,615,MRA HEAD W/O CONTRAST,12474.0,9355.5,both
san_ramon,70546,CPT,5250603,615,MRA HEAD WO/W CONTRAST,10639.0,7979.25,both
san_ramon,73725,CPT,5258912,616,MRA LOWR EXTRMTY W/ CM,4975.0,3731.25,both
san_ramon,73725,CPT,5258913,616,MRA LOWR EXTRMTY W/O CM,3822.0,2866.5,both
san_ramon,73725,CPT,5258914,616,MRA LOWR EXTRMTY WO/W CM,7481.0,5610.75,both
san_ramon,70548,CPT,5250607,615,MRA NECK W CONTRAST,8666.0,6499.5,both
san_ramon,70547,CPT,5250606,615,MRA NECK W/O CONTRAST,9549.0,7161.75,both
san_ramon,70549,CPT,5250608,615,MRA NECK WO/W CONTRAST,9196.0,6897.0,both
san_ramon,72198,CPT,5258918,610,MRA PELVIS WITH CONTRAST,5366.0,4024.5,both
san_ramon,73225,CPT,5259583,610,MRA UP EXTRMTY W/O CONTR,8815.0,6611.25,both
san_ramon,74182,CPT,5250974,610,MRI ABDOMEN W/ CM,16045.0,12033.75,both
san_ramon,74181,CPT,5251075,610,MRI ABDOMEN W/O CM,16298.0,12223.5,both
san_ramon,74183,CPT,5251000,610,MRI ABDOMEN WO/W CM,21767.0,16325.25,both
san_ramon,70551,CPT,5250802,610,MRI BRAIN W/O CONTRAST,20656.0,15492.0,both
san_ramon,70552,CPT,5250810,610,MRI BRAIN WITH CONTRAST,20333.0,15249.75,both
san_ramon,70553,CPT,5250816,610,MRI BRAIN WO/W CONTRAST,25749.0,19311.75,both
san_ramon,71550,CPT,5251040,610,MRI CHEST W/O CONTRAST,19100.0,14325.0,both
san_ramon,71552,CPT,5250972,610,MRI CHEST WO/W CONTRAST,15539.0,11654.25,both
san_ramon,73723,CPT,5251007,610,MRI LE JNT WO/W CM,5757.0,4317.75,both
san_ramon,73719,CPT,5251003,610,MRI LE NONJNT W/CM,4219.0,3164.25,both
san_ramon,73718,CPT,5251004,610,MRI LE NONJNT W/O CM,3577.0,2682.75,both
san_ramon,73720,CPT,5251065,610,MRI LE NONJNT WO/W CM,13434.0,10075.5,both
san_ramon,73722,CPT,5251006,610,MRI LOWR EXT JNT W/ CM,5089.0,3816.75,both
san_ramon,73721,CPT,5251070,610,MRI LOWR EXT JNT W/O CM,13673.0,10254.75,both
san_ramon,70542,CPT,5250821,610,MRI ORB/FACE/NECK W/CM,9184.0,6888.0,both
san_ramon,70540,CPT,5251025,610,MRI ORB/FACE/NECK WO CM,21134.0,15850.5,both
san_ramon,70543,CPT,5250822,610,MRI ORB/FACE/NECK WO/W C,9452.0,7089.0,both
san_ramon,72196,CPT,5251050,610,MRI PELVIS W/ CONTRAST,18309.0,13731.75,both
san_ramon,72195,CPT,5250850,610,MRI PELVIS W/O CONTRAST,11296.0,8472.0,both
san_ramon,72197,CPT,5250852,610,MRI PELVIS WO/W CONTRAST,18654.0,13990.5,both
san_ramon,72156,CPT,5250230,610,MRI SPINE CERV WO/W CM,20782.0,15586.5,both
san_ramon,72142,CPT,5252142,610,MRI SPINE CERVICAL W/CM,20185.0,15138.75,both
san_ramon,72141,CPT,5250662,610,MRI SPINE CERVICL W/O CM,15493.0,11619.75,both
san_ramon,72149,CPT,5252149,610,MRI SPINE LUMBAR W/CM,21465.0,16098.75,both
san_ramon,72148,CPT,5250692,610,MRI SPINE LUMBAR W/O CM,17142.0,12856.5,both
san_ramon,72158,CPT,5250238,610,MRI SPINE LUMBAR WO/W CM,20572.0,15429.0,both
san_ramon,72157,CPT,5250234,610,MRI SPINE THOR WO/W CM,14559.0,10919.25,both
san_ramon,72146,CPT,5250676,610,MRI SPINE THORAC W/O CM,13563.0,10172.25,both
san_ramon,72147,CPT,5252147,610,MRI SPINE THORACIC W/CM,14671.0,11003.25,both
san_ramon,73222,CPT,5250844,610,MRI UP EXT JNT W/ CM,6818.0,5113.5,both
san_ramon,73221,CPT,5251060,610,MRI UP EXT JNT W/O CM,13624.0,10218.0,both
san_ramon,73223,CPT,5250846,610,MRI UP EXT JNT WO/W CM,8000.0,6000.0,both
san_ramon,73218,CPT,5250840,610,MRI UP EXT NONJNT W/O CM,4264.0,3198.0,both
san_ramon,73220,CPT,5251055,610,MRI UP EXT NONJNT WO/WCM,14797.0,11097.75,both
san_ramon,,,4024008,278,MSH FLEXHD PLIABLE PRE,32051.0,24038.25,both
san_ramon,,,4024082,278,MSH H SEPRA/POLY,4949.0,3711.75,both
san_ramon,,,4024075,278,MSH H VENTRALIGHT ST,6135.0,4601.25,both
san_ramon,,,4024095,278,MSH LAPAROSCOPIC SLF-FIX,3513.0,2634.75,both
san_ramon,87556,CPT,4177556,300,MTB AMP PROBE,41.68,31.26,both
san_ramon,87556,CPT,7257556,300,MTB AMP PROBE,74.05,55.54,both
san_ramon,81291,CPT,7259210,310,MTHFR COMMON VARIANTS,55.0,41.25,both
san_ramon,87801,CPT,4107801,300,MULTI ORGANISMS AMP PRB,568.0,426.0,both
san_ramon,,,8187101,278,MULTI SPEEDBAND LIGATOR,16760.0,12570.0,both
san_ramon,86735,CPT,7256712,300,MUMPS AB,7.34,5.51,both
san_ramon,86735,CPT,7256735,300,MUMPS AB/3,2.44,1.83,both
san_ramon,,,5331488,250,MUPIROCIN 2% 22GM OI,546.0,409.5,both
san_ramon,,,5331488,637,MUPIROCIN 2% 22GM OI,546.0,409.5,both
san_ramon,85549,CPT,7255546,300,MURAMIDASE,5.0,3.75,both
san_ramon,83519,CPT,7250021,300,MUSK ANTIBODY QUANT,900.0,675.0,both
san_ramon,,,5322591,250,MVI 10ML IJ,983.0,737.25,both
san_ramon,,,5315811,250,MVI 15ML LQ,5.0,3.75,both
san_ramon,,,5315811,637,MVI 15ML LQ,5.0,3.75,both
san_ramon,,,5315807,250,MVI 5ML LQ,15.0,11.25,both
san_ramon,,,5315807,637,MVI 5ML LQ,15.0,11.25,both
san_ramon,,,5316645,250,MVI DROPS 50ML LQ,261.0,195.75,both
san_ramon,,,5316645,637,MVI DROPS 50ML LQ,261.0,195.75,both
san_ramon,,,5307923,250,MVI MIN ANTIOX OCULAR TB,13.0,9.75,both
san_ramon,,,5307923,637,MVI MIN ANTIOX OCULAR TB,13.0,9.75,both
san_ramon,,,5307943,250,MVI MIN TB,4.0,3.0,both
san_ramon,,,5307943,637,MVI MIN TB,4.0,3.0,both
san_ramon,,,5309800,250,MVI PRENTAL TB,53.0,39.75,both
san_ramon,,,5309800,637,MVI PRENTAL TB,53.0,39.75,both
san_ramon,,,5312435,250,MVI RENAL FORMULA TB,15.0,11.25,both
san_ramon,,,5312435,637,MVI RENAL FORMULA TB,15.0,11.25,both
san_ramon,,,5307912,250,MVI THERAP TB,17.0,12.75,both
san_ramon,,,5307912,637,MVI THERAP TB,17.0,12.75,both
san_ramon,,,5310960,250,MVI VIT B&C STRESS TB,33.0,24.75,both
san_ramon,,,5310960,637,MVI VIT B&C STRESS TB,33.0,24.75,both
san_ramon,,,5307959,250,MYCOPHENOL ACID 180MG TB,102.0,76.5,both
san_ramon,,,5307959,637,MYCOPHENOL ACID 180MG TB,102.0,76.5,both
san_ramon,,,5307956,250,MYCOPHENOLATE 250MG CP,60.0,45.0,both
san_ramon,,,5307956,637,MYCOPHENOLATE 250MG CP,60.0,45.0,both
san_ramon,,,5307963,250,MYCOPHENOLATE 500MG TB,246.0,184.5,both
san_ramon,,,5307963,637,MYCOPHENOLATE 500MG TB,246.0,184.5,both
san_ramon,,,5322649,250,MYCOPHENOLATE PER 10MG IJ,9.0,6.75,both
san_ramon,,,5322649,636,MYCOPHENOLATE PER 10MG IJ,9.0,6.75,both
san_ramon,,,5315824,250,MYCOPHENOLATE200MG/ML LQ,126.0,94.5,both
san_ramon,,,5315824,637,MYCOPHENOLATE200MG/ML LQ,126.0,94.5,both
san_ramon,80180,CPT,7254055,300,MYCOPHENOLIC ACID,40.0,30.0,both
san_ramon,86738,CPT,7256739,300,MYCOPLASMA AB/3,5.7,4.28,both
san_ramon,86738,CPT,7256740,300,MYCOPLASMA AB/4,5.7,4.28,both
san_ramon,81305,CPT,7250409,310,MYD88 GENE ANALYSIS,300.0,225.0,both
san_ramon,81305,CPT,7270032,310,MYD88 GENE P.LEU265PRO VRNT,310.0,232.5,both
san_ramon,86362,CPT,7256265,300,MYELIN AB/2,26.48,19.86,both
san_ramon,83873,CPT,7253874,300,MYELIN BASIC PROTEIN CSF,13.16,9.87,both
san_ramon,72270,CPT,4902271,320,MYELOGRAM 2 OR> REGIONS,8963.0,6722.25,both
san_ramon,,,4902305,360,MYELOGRAM C/T/L LUMB INJ,7774.0,5830.5,both
san_ramon,72240,CPT,4902240,320,MYELOGRAM CERV S&I,5441.0,4080.75,both
san_ramon,72265,CPT,4902250,320,MYELOGRAM LUMBAR S&I,4721.0,3540.75,both
san_ramon,72255,CPT,4902260,320,MYELOGRAM THORACIC S&I,9580.0,7185.0,both
san_ramon,83520,CPT,7253567,300,MYELOPEROXIDASE (MPO) AB,6.0,4.5,both
san_ramon,83876,CPT,7258352,300,MYELOPEROXIDASE (MPO) AB,13.11,9.83,both
san_ramon,83874,CPT,4103873,300,MYOGLOBIN,1585.0,1188.75,both
san_ramon,83874,CPT,4153873,300,MYOGLOBIN,1187.0,890.25,both
san_ramon,83874,CPT,7253875,300,MYOGLOBIN/2,5.0,3.75,both
san_ramon,,,5324130,250,NA ACETATE2MEQ/ML 20MLIJ,74.0,55.5,both
san_ramon,,,5324136,250,NA BICARB 150MEQ 1L IJ,238.0,178.5,both
san_ramon,,,5324138,250,NA BICARB 4%5ML IJ,143.0,107.25,both
san_ramon,,,5324137,250,NA BICARB 4.2% 5ML IJ,197.0,147.75,both
san_ramon,,,5324150,250,NA BICARB 8.4%10ML PFSIJ,723.0,542.25,both
san_ramon,,,5324151,250,NA BICARB 8.4%50ML IJ,353.0,264.75,both
san_ramon,,,5324154,250,NA BICARB 8.4%50ML PFSIJ,922.0,691.5,both
san_ramon,,,5324141,250,NA BICARB PED4.2% IJ,719.0,539.25,both
san_ramon,,,5310810,250,NA BICARBONATE 650MG TB,39.0,29.25,both
san_ramon,,,5310810,637,NA BICARBONATE 650MG TB,39.0,29.25,both
san_ramon,,,5338726,250,NA BIPHOSPHATE ADULT RE,126.0,94.5,both
san_ramon,,,5338726,637,NA BIPHOSPHATE ADULT RE,126.0,94.5,both
san_ramon,,,5338730,250,NA BIPHOSPHATE PED RE,27.0,20.25,both
san_ramon,,,5338730,637,NA BIPHOSPHATE PED RE,27.0,20.25,both
san_ramon,,,5316353,250,NA CITRA/CITRC AC15ML LQ,27.0,20.25,both
san_ramon,,,5316353,637,NA CITRA/CITRC AC15ML LQ,27.0,20.25,both
san_ramon,,,5316355,250,NA CITRA/CITRC AC30ML LQ,44.0,33.0,both
san_ramon,,,5316355,637,NA CITRA/CITRC AC30ML LQ,44.0,33.0,both
san_ramon,,,5324156,250,NA CITRATE 4% 3ML IJ,57.0,42.75,both
san_ramon,,,5310833,250,NA CL 1GM TB,12.0,9.0,both
san_ramon,,,5310833,637,NA CL 1GM TB,12.0,9.0,both
san_ramon,,,5322669,250,NA FERR GLUC PER12.5MGIJ,161.0,120.75,both
san_ramon,,,5322669,636,NA FERR GLUC PER12.5MGIJ,161.0,120.75,both
san_ramon,,,5337305,250,NA HYPOCHL .25% 480ML TS,217.0,162.75,both
san_ramon,,,5334811,250,NA HYPOCHL .5% 480ML TS,222.0,166.5,both
san_ramon,,,5337310,250,NA HYPOCHL.125% 480ML TS,195.0,146.25,both
san_ramon,,,5324256,250,NA PHOSPHATE3MM/ML 5MLIJ,177.0,132.75,both
san_ramon,,,5324257,250,NA PHOSPHATE3MM/ML15MLIJ,65.0,48.75,both
san_ramon,,,5307970,250,NA/K PHOS 250/280/160 PK,24.0,18.0,both
san_ramon,,,5307970,637,NA/K PHOS 250/280/160 PK,24.0,18.0,both
san_ramon,,,5332385,250,NACL .65% 45ML NASAL SP,53.0,39.75,both
san_ramon,,,5332385,637,NACL .65% 45ML NASAL SP,53.0,39.75,both
san_ramon,,,5324194,250,NACL .9% 10ML IJ,130.0,97.5,both
san_ramon,,,5324200,250,NACL .9% 10ML PFS IJ,23.0,17.25,both
san_ramon,,,5412625,258,NACL 0.45 1000ML IVF,1268.0,951.0,both
san_ramon,,,5412620,258,NACL 0.45 500ML IVF,1268.0,951.0,both
san_ramon,,,5412670,250,NACL 0.9 1000ML IVF,1250.0,937.5,both
san_ramon,,,5412670,636,NACL 0.9 1000ML IVF,1250.0,937.5,both
san_ramon,,,5412640,250,NACL 0.9 100ML IVF,555.0,416.25,both
san_ramon,,,5412640,636,NACL 0.9 100ML IVF,555.0,416.25,both
san_ramon,,,5412655,250,NACL 0.9 250ML IVF,555.0,416.25,both
san_ramon,,,5412655,636,NACL 0.9 250ML IVF,555.0,416.25,both
san_ramon,,,5412665,250,NACL 0.9 500ML IVF,974.0,730.5,both
san_ramon,,,5412665,636,NACL 0.9 500ML IVF,974.0,730.5,both
san_ramon,,,5412635,250,NACL 0.9 50ML IVF,555.0,416.25,both
san_ramon,,,5412635,636,NACL 0.9 50ML IVF,555.0,416.25,both
san_ramon,,,5412642,250,NACL 0.9 MB+ 100ML IVF,76.0,57.0,both
san_ramon,,,5412642,636,NACL 0.9 MB+ 100ML IVF,76.0,57.0,both
san_ramon,,,5332401,250,NACL 10% 15ML IS,27.0,20.25,both
san_ramon,,,5332401,637,NACL 10% 15ML IS,27.0,20.25,both
san_ramon,,,5324178,250,NACL 23.4% 30ML IJ,130.0,97.5,both
san_ramon,,,5412690,258,NACL 3% 500ML IVF,824.0,618.0,both
san_ramon,,,5332391,250,NACL 9% 3ML IS,1.0,0.75,both
san_ramon,,,5332391,637,NACL 9% 3ML IS,1.0,0.75,both
san_ramon,,,5332404,250,NACL HYPERTONIC5%3.5MLOO,131.0,98.25,both
san_ramon,,,5332404,637,NACL HYPERTONIC5%3.5MLOO,131.0,98.25,both
san_ramon,,,5412621,258,NACL.45 KCL20 1000ML IVF,141.0,105.75,both
san_ramon,,,5412680,258,NACL.9 KCL20 1000ML IVF,187.0,140.25,both
san_ramon,,,5412685,258,NACL.9 KCL40 1000ML IVF,153.0,114.75,both
san_ramon,,,5307974,250,NADOLOL 40MG TB,71.0,53.25,both
san_ramon,,,5307974,637,NADOLOL 40MG TB,71.0,53.25,both
san_ramon,,,5322653,250,NAFCILLIN PER 20MG IJ,2.0,1.5,both
san_ramon,,,5322653,636,NAFCILLIN PER 20MG IJ,2.0,1.5,both
san_ramon,,,8137780,278,NAIL CEPHALOMEDULLARY,25092.0,18819.0,both
san_ramon,,,8132996,278,NAIL CLAVICLE CRX,51541.0,38655.75,both
san_ramon,,,8133002,278,NAIL INTRAMEDULLARY TYP2,18679.0,14009.25,both
san_ramon,,,5322685,250,NALBUPHINE PER 10MG IJ,339.0,254.25,both
san_ramon,,,5322685,636,NALBUPHINE PER 10MG IJ,339.0,254.25,both
san_ramon,,,5308060,250,NALOXEGOL 25MG TB,166.0,124.5,both
san_ramon,,,5308060,637,NALOXEGOL 25MG TB,166.0,124.5,both
san_ramon,,,5322718,250,NALOXONE PER 0.01MG IJ,1.0,0.75,both
san_ramon,,,5322718,636,NALOXONE PER 0.01MG IJ,1.0,0.75,both
san_ramon,,,5331527,250,NAPHAZOLINE-PHENIR15MLOS,143.0,107.25,both
san_ramon,,,5331527,637,NAPHAZOLINE-PHENIR15MLOS,143.0,107.25,both
san_ramon,,,5308078,250,NAPROXEN 250MG TB,80.0,60.0,both
san_ramon,,,5308078,637,NAPROXEN 250MG TB,80.0,60.0,both
san_ramon,70160,CPT,4900160,320,NASAL BONES 3VW MIN,2734.0,2050.5,both
san_ramon,89190,CPT,4109190,300,NASAL SMEAR EOSINOPHILES,871.0,653.25,both
san_ramon,89190,CPT,4159190,300,NASAL SMEAR EOSINOPHILES,354.0,265.5,both
san_ramon,,,5322769,250,NATALIZUMAB PER 1MG IJ,172.0,129.0,both
san_ramon,,,5322769,636,NATALIZUMAB PER 1MG IJ,172.0,129.0,both
san_ramon,,,8240268,272,NDL BRACHYTHERAPY,55.0,41.25,both
san_ramon,,,5308102,250,NEBIVOLOL 10MG TB,65.0,48.75,both
san_ramon,,,5308102,637,NEBIVOLOL 10MG TB,65.0,48.75,both
san_ramon,,,5308104,250,NEBIVOLOL 5MG TB,38.0,28.5,both
san_ramon,,,5308104,637,NEBIVOLOL 5MG TB,38.0,28.5,both
san_ramon,70360,CPT,4900360,320,NECK FOR SOFT TISSUES,2176.0,1632.0,both
san_ramon,97605,CPT,6907608,761,NEG PRESS THRPY <=50CM,1858.0,1393.5,both
san_ramon,97606,CPT,6907609,761,NEG PRESS THRPY >50CM,1359.0,1019.25,both
san_ramon,97607,CPT,6900456,761,NEG PRESS TX MPD <50CM,916.0,687.0,both
san_ramon,97608,CPT,6900457,761,NEG PRESS TX MPD >50CM,1631.0,1223.25,both
san_ramon,,,5336776,250,NEO/BAC/POLYB 15GM OI,86.0,64.5,both
san_ramon,,,5336776,637,NEO/BAC/POLYB 15GM OI,86.0,64.5,both
san_ramon,,,5336775,250,NEO/BAC/POLYB 30GM OI,147.0,110.25,both
san_ramon,,,5336775,637,NEO/BAC/POLYB 30GM OI,147.0,110.25,both
san_ramon,,,5336777,250,NEO/BAC/POLYB.9GM OI,13.0,9.75,both
san_ramon,,,5336777,637,NEO/BAC/POLYB.9GM OI,13.0,9.75,both
san_ramon,,,5331612,250,NEOMY/POLY/BACIT3.5GM OO,483.0,362.25,both
san_ramon,,,5331612,637,NEOMY/POLY/BACIT3.5GM OO,483.0,362.25,both
san_ramon,,,5308105,250,NEOMYCIN 500MG TB,86.0,64.5,both
san_ramon,,,5308105,637,NEOMYCIN 500MG TB,86.0,64.5,both
san_ramon,,,5322810,250,NEOSTIGMINE UPTO .5MG IJ,31.0,23.25,both
san_ramon,,,5322810,636,NEOSTIGMINE UPTO .5MG IJ,31.0,23.25,both
san_ramon,,,4024253,278,NEURAWRAP PER CM,5318.0,3988.5,both
san_ramon,83520,CPT,7253501,300,NEUROMYELITIS OPTICA,300.0,225.0,both
san_ramon,,,1990010,171,NEWBORN LEVEL I,7638.0,5728.5,both
san_ramon,,,2210010,171,NEWBORN LEVEL I,7638.0,5728.5,both
san_ramon,,,2550010,171,NEWBORN LEVEL I,7638.0,5728.5,both
san_ramon,,,1990011,179,NEWBORN OTHER,8418.0,6313.5,both
san_ramon,,,2210011,179,NEWBORN OTHER,8418.0,6313.5,both
san_ramon,99465,CPT,3110164,410,NEWBORN RESUSCITATION,3447.0,2585.25,both
san_ramon,,,7020019,300,NEWBORN SCREEN PN CALIFORNIA,176.25,132.19,both
san_ramon,,,5308250,250,NIACIN 1000MG XR TB,65.0,48.75,both
san_ramon,,,5308250,637,NIACIN 1000MG XR TB,65.0,48.75,both
san_ramon,,,5308247,250,NIACIN 500MG TB,39.0,29.25,both
san_ramon,,,5308247,637,NIACIN 500MG TB,39.0,29.25,both
san_ramon,,,5308248,250,NIACIN 500MG XR TB,36.0,27.0,both
san_ramon,,,5308248,637,NIACIN 500MG XR TB,36.0,27.0,both
san_ramon,,,5322851,250,NICARDIPINE PER 0.1MG IJ,0.71,0.53,both
san_ramon,,,5322851,636,NICARDIPINE PER 0.1MG IJ,0.71,0.53,both
san_ramon,,,5336811,250,NICOTINE 14MG TD,98.0,73.5,both
san_ramon,,,5336811,637,NICOTINE 14MG TD,98.0,73.5,both
san_ramon,,,5336812,250,NICOTINE 21MG TD,104.0,78.0,both
san_ramon,,,5336812,637,NICOTINE 21MG TD,104.0,78.0,both
san_ramon,,,5336810,250,NICOTINE 7MG TD,141.0,105.75,both
san_ramon,,,5336810,637,NICOTINE 7MG TD,141.0,105.75,both
san_ramon,,,1990013,172,NICU NB LVL II,9846.0,7384.5,both
san_ramon,,,2210013,172,NICU NB LVL II,9846.0,7384.5,both
san_ramon,,,1990070,173,NICU NB LVL III,12348.0,9261.0,both
san_ramon,,,2210070,173,NICU NB LVL III,12348.0,9261.0,both
san_ramon,,,1990020,174,NICU NB LVL IV,14601.0,10950.75,both
san_ramon,,,2210020,174,NICU NB LVL IV,14601.0,10950.75,both
san_ramon,,,5308312,250,NIFEDIPINE 10MG CP,71.0,53.25,both
san_ramon,,,5308312,637,NIFEDIPINE 10MG CP,71.0,53.25,both
san_ramon,,,5308310,250,NIFEDIPINE 30MG XR TB,31.0,23.25,both
san_ramon,,,5308310,637,NIFEDIPINE 30MG XR TB,31.0,23.25,both
san_ramon,,,5308308,250,NIFEDIPINE 90MG XR TB,65.0,48.75,both
san_ramon,,,5308308,637,NIFEDIPINE 90MG XR TB,65.0,48.75,both
san_ramon,,,5308320,250,NIMODIPINE 30MG CP,451.0,338.25,both
san_ramon,,,5308320,637,NIMODIPINE 30MG CP,451.0,338.25,both
san_ramon,,,5308348,250,NIRMATR-RITON 150/100 DOSE 2TB,253.0,189.75,both
san_ramon,,,5308348,637,NIRMATR-RITON 150/100 DOSE 2TB,253.0,189.75,both
san_ramon,,,5308349,250,NIRMATR-RITON 300/100 DOSE 3TB,760.0,570.0,both
san_ramon,,,5308349,637,NIRMATR-RITON 300/100 DOSE 3TB,760.0,570.0,both
san_ramon,,,5308347,250,NIRMATRE-RITON 150/100 20EA TB,7600.0,5700.0,both
san_ramon,,,5308347,637,NIRMATRE-RITON 150/100 20EA TB,7600.0,5700.0,both
san_ramon,,,5308346,250,NIRMATRE-RITON 300/100 30EA TB,7600.0,5700.0,both
san_ramon,,,5308346,637,NIRMATRE-RITON 300/100 30EA TB,7600.0,5700.0,both
san_ramon,90380,CPT,5322870,250,NIRSEVIMAB-ALIP RSV MAB .5MLIJ,2098.0,1573.5,both
san_ramon,90380,CPT,5322870,636,NIRSEVIMAB-ALIP RSV MAB .5MLIJ,2098.0,1573.5,both
san_ramon,90381,CPT,5322871,250,NIRSEVIMAB-ALIP RSV MAB 1ML IJ,2098.0,1573.5,both
san_ramon,90381,CPT,5322871,636,NIRSEVIMAB-ALIP RSV MAB 1ML IJ,2098.0,1573.5,both
san_ramon,,,5308395,250,NITAZOXANIDE 500MG TB,859.0,644.25,both
san_ramon,,,5308395,637,NITAZOXANIDE 500MG TB,859.0,644.25,both
san_ramon,,,5308337,250,NITROFURANTOIN 100MG CP,71.0,53.25,both
san_ramon,,,5308337,637,NITROFURANTOIN 100MG CP,71.0,53.25,both
san_ramon,,,5308335,250,NITROFURANTOIN 50MG CP,71.0,53.25,both
san_ramon,,,5308335,637,NITROFURANTOIN 50MG CP,71.0,53.25,both
san_ramon,,,5336835,250,NITROGLYCERIN .1MG/HR TD,61.0,45.75,both
san_ramon,,,5336835,637,NITROGLYCERIN .1MG/HR TD,61.0,45.75,both
san_ramon,,,5336836,250,NITROGLYCERIN .2MG/HR TD,68.0,51.0,both
san_ramon,,,5336836,637,NITROGLYCERIN .2MG/HR TD,68.0,51.0,both
san_ramon,,,5308374,250,NITROGLYCERIN .3MG SL TB,141.0,105.75,both
san_ramon,,,5308374,637,NITROGLYCERIN .3MG SL TB,141.0,105.75,both
san_ramon,,,5336838,250,NITROGLYCERIN .4MG/HR TD,108.0,81.0,both
san_ramon,,,5336838,637,NITROGLYCERIN .4MG/HR TD,108.0,81.0,both
san_ramon,,,5336840,250,NITROGLYCERIN .6MG/HR TD,97.0,72.75,both
san_ramon,,,5336840,637,NITROGLYCERIN .6MG/HR TD,97.0,72.75,both
san_ramon,,,5308362,250,NITROGLYCERIN 6.5MGXR CP,70.0,52.5,both
san_ramon,,,5308362,637,NITROGLYCERIN 6.5MGXR CP,70.0,52.5,both
san_ramon,,,5322955,250,NITROGLYCERIN PER 5MG IJ,13.0,9.75,both
san_ramon,,,5322955,636,NITROGLYCERIN PER 5MG IJ,13.0,9.75,both
san_ramon,,,5322956,250,NITROGLYCERIN PER 5MG PMX IJ,17.0,12.75,both
san_ramon,,,5322956,636,NITROGLYCERIN PER 5MG PMX IJ,17.0,12.75,both
san_ramon,,,5308373,250,NITROGLYCERIN.3MGSL100TB,249.0,186.75,both
san_ramon,,,5308373,637,NITROGLYCERIN.3MGSL100TB,249.0,186.75,both
san_ramon,,,5308379,250,NITROGLYCERIN.4MGSL 25TB,400.0,300.0,both
san_ramon,,,5308379,637,NITROGLYCERIN.4MGSL 25TB,400.0,300.0,both
san_ramon,,,5336888,250,NITROGLYCERIN2% 1GM OI,27.0,20.25,both
san_ramon,,,5336888,637,NITROGLYCERIN2% 1GM OI,27.0,20.25,both
san_ramon,,,5322926,250,NITROPRUSSIDE 50MG/2MLIJ,7795.0,5846.25,both
san_ramon,97610,CPT,6900185,510,NON-THERAPIST MIST THERAPY,940.0,705.0,both
san_ramon,97610,CPT,6900185,761,NON-THERAPIST MIST THERAPY,940.0,705.0,both
san_ramon,,,5322913,250,NOREPIN/D5W 4MG/250ML IJ,1129.0,846.75,both
san_ramon,,,5322914,250,NOREPIN/NS 4MG/250ML IJ,202.0,151.5,both
san_ramon,,,5322912,250,NOREPINEPHR 16MG DRIP IJ,189.0,141.75,both
san_ramon,,,5321698,250,NOREPINEPHRINE 4MG/4MLIJ,451.0,338.25,both
san_ramon,,,5308428,250,NORTRIPTYLINE 10MG CP,45.0,33.75,both
san_ramon,,,5308428,637,NORTRIPTYLINE 10MG CP,45.0,33.75,both
san_ramon,,,5308432,250,NORTRIPTYLINE 25MG CP,70.0,52.5,both
san_ramon,,,5308432,637,NORTRIPTYLINE 25MG CP,70.0,52.5,both
san_ramon,83520,CPT,7253488,300,NOS IMMUNOASSAY NON-RIA,35.0,26.25,both
san_ramon,83520,CPT,7253520,300,NOS IMMUNOASSAY NON-RIA/2,175.0,131.25,both
san_ramon,83520,CPT,7258357,300,NOS IMMUNOASSAY NON-RIA/3,15.0,11.25,both
san_ramon,97602,CPT,6907605,510,NSEL DEB WNDS WO ANES B,645.0,483.75,both
san_ramon,97602,CPT,6907605,761,NSEL DEB WNDS WO ANES B,645.0,483.75,both
san_ramon,97602,CPT,6907606,510,NSEL DEB WNDS WO ANES I,759.0,569.25,both
san_ramon,97602,CPT,6907606,761,NSEL DEB WNDS WO ANES I,759.0,569.25,both
san_ramon,81194,CPT,7270168,310,NTRK TRANSLOCATION ANALYSIS,860.0,645.0,both
san_ramon,86235,CPT,7256239,300,NUCLEAR ANTIGEN AB/11,14.66,11.0,both
san_ramon,86235,CPT,7256242,300,NUCLEAR ANTIGEN AB/14,34.0,25.5,both
san_ramon,86235,CPT,7256271,300,NUCLEAR ANTIGEN AB/15,4.77,3.58,both
san_ramon,86235,CPT,7256275,300,NUCLEAR ANTIGEN AB/17,5.0,3.75,both
san_ramon,86235,CPT,7258623,300,NUCLEAR ANTIGEN AB/23,12.22,9.17,both
san_ramon,86235,CPT,7258626,300,NUCLEAR ANTIGEN AB/24,4.77,3.58,both
san_ramon,86235,CPT,7256224,300,NUCLEAR ANTIGEN AB/4,8.0,6.0,both
san_ramon,86235,CPT,7256233,300,NUCLEAR ANTIGEN AB/5,8.99,6.74,both
san_ramon,86235,CPT,7256234,300,NUCLEAR ANTIGEN AB/6,4.68,3.51,both
san_ramon,86235,CPT,7256237,300,NUCLEAR ANTIGEN AB/9,4.77,3.58,both
san_ramon,87593,CPT,7250413,300,NV ORTHOPOX VIR DNA AMP PROBE,80.85,60.64,both
san_ramon,,,5336909,250,NYSTATIN 15GM CR,621.0,465.75,both
san_ramon,,,5336909,637,NYSTATIN 15GM CR,621.0,465.75,both
san_ramon,,,5336924,250,NYSTATIN 15GM OI,621.0,465.75,both
san_ramon,,,5336924,637,NYSTATIN 15GM OI,621.0,465.75,both
san_ramon,,,5336919,250,NYSTATIN 15GM PW,923.0,692.25,both
san_ramon,,,5336919,637,NYSTATIN 15GM PW,923.0,692.25,both
san_ramon,,,5315881,250,NYSTATIN 5ML LQ,136.0,102.0,both
san_ramon,,,5315881,637,NYSTATIN 5ML LQ,136.0,102.0,both
san_ramon,99281,CPT,6169281,450,OB ER VISIT LVL I,976.0,732.0,both
san_ramon,99282,CPT,6169282,450,OB ER VISIT LVL II,2789.0,2091.75,both
san_ramon,99283,CPT,6169283,450,OB ER VISIT LVL III,4561.0,3420.75,both
san_ramon,99284,CPT,6169284,450,OB ER VISIT LVL IV,9136.0,6852.0,both
san_ramon,99285,CPT,6169285,450,OB ER VISIT LVL V,11860.0,8895.0,both
san_ramon,,,6240410,762,OBS 201 ICC 1/HR,1151.0,863.25,both
san_ramon,,,6240411,762,OBS 201 ICC ADD HR,1215.0,911.25,both
san_ramon,,,6240412,762,OBS 201 ICC DIR ADM,1456.0,1092.0,both
san_ramon,,,6240652,762,OBS 215 DOU 1/HR,913.0,684.75,both
san_ramon,,,6240654,762,OBS 215 DOU DIR ADM,604.0,453.0,both
san_ramon,,,6240616,762,OBS 232 M/S 1/HR,679.0,509.25,both
san_ramon,,,6240620,762,OBS 250 OB 1/HR,475.0,356.25,both
san_ramon,,,6240625,762,OBS 250 OB ADD HR,622.0,466.5,both
san_ramon,,,6241620,762,OBS 250 OB DIR ADM,622.0,466.5,both
san_ramon,,,4617790,360,OCCLSN/EMBL CATH NON-CNS,4214.0,3160.5,both
san_ramon,82271,CPT,4102273,300,OCCULT BLD OTHR SOURCE,727.0,545.25,both
san_ramon,82271,CPT,4152273,300,OCCULT BLD OTHR SOURCE,290.0,217.5,both
san_ramon,,,5322919,250,OCTREOTIDE DEPO PER1MGIJ,1546.0,1159.5,both
san_ramon,,,5322919,636,OCTREOTIDE DEPO PER1MGIJ,1546.0,1159.5,both
san_ramon,,,5322920,250,OCTREOTIDE PER 25MCG IV IJ,92.0,69.0,both
san_ramon,,,5322920,636,OCTREOTIDE PER 25MCG IV IJ,92.0,69.0,both
san_ramon,,,5322948,250,OCTREOTIDE PER 25MCG SQ IJ,92.0,69.0,both
san_ramon,,,5322948,637,OCTREOTIDE PER 25MCG SQ IJ,92.0,69.0,both
san_ramon,,,5331635,250,OCULAR LUB 3.5GM OO,232.0,174.0,both
san_ramon,,,5331635,637,OCULAR LUB 3.5GM OO,232.0,174.0,both
san_ramon,,,5330242,250,OCULAR LUB PF 15ML OS,98.0,73.5,both
san_ramon,,,5330242,637,OCULAR LUB PF 15ML OS,98.0,73.5,both
san_ramon,,,5332036,250,OCULAR LUB PF.4ML UD OS,13.0,9.75,both
san_ramon,,,5332036,637,OCULAR LUB PF.4ML UD OS,13.0,9.75,both
san_ramon,,,5330241,250,OCULAR LUB PF.6ML UD OS,5.0,3.75,both
san_ramon,,,5330241,637,OCULAR LUB PF.6ML UD OS,5.0,3.75,both
san_ramon,,,5332130,250,OCULAR LUB PRSRV 15ML OS,126.0,94.5,both
san_ramon,,,5332130,637,OCULAR LUB PRSRV 15ML OS,126.0,94.5,both
san_ramon,,,5330944,250,OFLOXACIN .3% 5ML OT,584.0,438.0,both
san_ramon,,,5330944,637,OFLOXACIN .3% 5ML OT,584.0,438.0,both
san_ramon,,,8175902,278,OH PATCH PERICARDL BOVIN,1844.0,1383.0,both
san_ramon,,,8143498,278,OH RING ANNULOPLASTY,20012.0,15009.0,both
san_ramon,,,3303557,360,OH SURG EA ADD 15MIN,9430.0,7072.5,both
san_ramon,,,3303556,360,OH SURG INT 30 MIN,23577.0,17682.75,both
san_ramon,,,8143515,278,OH VALVE AORTIC,36881.0,27660.75,both
san_ramon,,,8143525,278,OH VALVE MITRAL,74353.0,55764.75,both
san_ramon,,,5308500,250,OLANZAPINE 2.5MG TB,124.0,93.0,both
san_ramon,,,5308500,637,OLANZAPINE 2.5MG TB,124.0,93.0,both
san_ramon,,,5308506,250,OLANZAPINE 5MG DT,114.0,85.5,both
san_ramon,,,5308506,637,OLANZAPINE 5MG DT,114.0,85.5,both
san_ramon,,,5308497,250,OLANZAPINE 5MG TB,229.0,171.75,both
san_ramon,,,5308497,637,OLANZAPINE 5MG TB,229.0,171.75,both
san_ramon,,,5322958,250,OLANZAPINE PER 0.5MG IJ,20.0,15.0,both
san_ramon,,,5322958,636,OLANZAPINE PER 0.5MG IJ,20.0,15.0,both
san_ramon,83916,CPT,7253925,300,OLIGOCLONAL BANDS,22.14,16.61,both
san_ramon,,,5308528,250,OMEGA3 ETH ESTERS 1GM CP,33.0,24.75,both
san_ramon,,,5308528,637,OMEGA3 ETH ESTERS 1GM CP,33.0,24.75,both
san_ramon,,,5308530,250,OMEGA3 FISH OIL 1000MGCP,13.0,9.75,both
san_ramon,,,5308530,637,OMEGA3 FISH OIL 1000MGCP,13.0,9.75,both
san_ramon,,,5315903,250,ONDANSETRON 2MG/2.5ML LQ,305.0,228.75,both
san_ramon,,,5315903,637,ONDANSETRON 2MG/2.5ML LQ,305.0,228.75,both
san_ramon,,,5308492,250,ONDANSETRON 4MG DT,697.0,522.75,both
san_ramon,,,5308492,637,ONDANSETRON 4MG DT,697.0,522.75,both
san_ramon,,,5308495,250,ONDANSETRON 4MG TB,564.0,423.0,both
san_ramon,,,5308495,637,ONDANSETRON 4MG TB,564.0,423.0,both
san_ramon,,,5315890,250,ONDANSETRON 4MG/5ML LQ,489.0,366.75,both
san_ramon,,,5315890,637,ONDANSETRON 4MG/5ML LQ,489.0,366.75,both
san_ramon,,,5308494,250,ONDANSETRON 8MG DT,604.0,453.0,both
san_ramon,,,5308494,637,ONDANSETRON 8MG DT,604.0,453.0,both
san_ramon,,,5322936,250,ONDANSETRON PER 1MG IJ,136.0,102.0,both
san_ramon,,,5322936,636,ONDANSETRON PER 1MG IJ,136.0,102.0,both
san_ramon,,,4616833,360,OPEN A/V FIST W/THROMB,56564.0,42423.0,both
san_ramon,,,4617236,360,OPEN/PERC PL ST 1ST AR,24323.0,18242.25,both
san_ramon,,,4617238,360,OPEN/PERC PL ST 1ST VN,24323.0,18242.25,both
san_ramon,,,4617239,360,OPEN/PERC PL ST E/ADD VN,11477.0,8607.75,both
san_ramon,,,5327831,250,OPIUM 10% TINC PER DS LQ,249.0,186.75,both
san_ramon,,,5327831,637,OPIUM 10% TINC PER DS LQ,249.0,186.75,both
san_ramon,,,5322821,250,OPRELVEKIN PER 5MG IJ,3831.0,2873.25,both
san_ramon,,,5322821,636,OPRELVEKIN PER 5MG IJ,3831.0,2873.25,both
san_ramon,70190,CPT,4900190,320,OPTIC FORAMINA,907.0,680.25,both
san_ramon,70200,CPT,4900152,320,ORBITS 4VW MIN,2027.0,1520.25,both
san_ramon,83921,CPT,7252125,300,ORGANIC ACID SNG QNT,10.0,7.5,both
san_ramon,,,8130081,274,ORTH ADD BODY SOCK,901.0,675.75,both
san_ramon,,,8133237,274,ORTH AFO RIG ANT TIB PF,26793.0,20094.75,both
san_ramon,,,8133243,274,ORTH COLLR CERV FLX FOAM,76.0,57.0,both
san_ramon,,,8133199,274,ORTH DROP LCK RETAINER,410.0,307.5,both
san_ramon,,,8133200,274,ORTH ELBOW ADJ LCK JNT,5815.0,4361.25,both
san_ramon,,,8133197,274,ORTH FOOT INSRT REMOVBLE,765.0,573.75,both
san_ramon,,,8133206,274,ORTH FX UE RAD/ULN PREF,5863.0,4397.25,both
san_ramon,,,8130086,274,ORTH HIP ADJ FLX EXT ABD,5827.0,4370.25,both
san_ramon,,,8130091,274,ORTH KNEE DROP LOCK EA,884.0,663.0,both
san_ramon,,,8130094,274,ORTH LACER MOLDED LE,5328.0,3996.0,both
san_ramon,,,8133276,274,ORTH LE ADD VRS/VLGS COR,2250.0,1687.5,both
san_ramon,,,8130099,274,ORTH LE PELVIC HIP JNT,3466.0,2599.5,both
san_ramon,,,8130131,274,ORTH LO RGD A/P L1-L5,5664.0,4248.0,both
san_ramon,,,8130146,274,ORTH LO SAG RGD A/P L1-5,4173.0,3129.75,both
san_ramon,,,8130104,274,ORTH LSO PST RGD PAN PF,1821.0,1365.75,both
san_ramon,,,8130145,274,ORTH LSO RGD A/P SAC-T9,10899.0,8174.25,both
san_ramon,,,8130106,274,ORTH LSO RGD PST SAC-T9,3638.0,2728.5,both
san_ramon,,,8130149,274,ORTH LSO RGD SAC/T9 II,7016.0,5262.0,both
san_ramon,,,8130109,274,ORTH LSO SAG CTRL SAC-T9,11071.0,8303.25,both
san_ramon,,,8133228,274,ORTH LSO SAGITTAL RGD PA,16675.0,12506.25,both
san_ramon,,,8130116,274,ORTH REPAIR/REPLC PARTS,1752.0,1314.0,both
san_ramon,,,8133263,274,ORTH SO FIG8 RESTRN PRF,100.0,75.0,both
san_ramon,,,8133235,274,ORTH TLSO FLX THOR/SAC,13699.0,10274.25,both
san_ramon,,,8133257,274,ORTH TLSO TRPLNR 4 RGD,16251.0,12188.25,both
san_ramon,,,8133267,274,ORTH TSLO TRPL CTRL 2PC,25414.0,19060.5,both
san_ramon,,,8130160,274,ORTH WHFO W/O JNTS PREFA,3169.0,2376.75,both
san_ramon,,,8133187,274,ORTHO BOOT PNEU/VAC PREF,3424.0,2568.0,both
san_ramon,73650,CPT,4903650,320,OS CALCIS 2 VIEWS,1713.0,1284.75,both
san_ramon,,,5308477,250,OSELTAMIVIR 30MG CP,168.0,126.0,both
san_ramon,,,5308477,637,OSELTAMIVIR 30MG CP,168.0,126.0,both
san_ramon,,,5315904,250,OSELTAMIVIR 6/1 5ML PWLQ,303.0,227.25,both
san_ramon,,,5315904,637,OSELTAMIVIR 6/1 5ML PWLQ,303.0,227.25,both
san_ramon,,,5308504,250,OSELTAMIVIR 75MG CP,261.0,195.75,both
san_ramon,,,5308504,637,OSELTAMIVIR 75MG CP,261.0,195.75,both
san_ramon,83930,CPT,4153930,300,OSMOLALITY BLOOD,597.0,447.75,both
san_ramon,83930,CPT,7253930,300,OSMOLALITY BLOOD,4.89,3.67,both
san_ramon,84999,CPT,7250168,300,OSMOLALITY FECAL,4.89,3.67,both
san_ramon,83935,CPT,4103935,300,OSMOLALITY URINE,736.0,552.0,both
san_ramon,83935,CPT,4153935,300,OSMOLALITY URINE,486.0,364.5,both
san_ramon,83935,CPT,7253935,300,OSMOLALITY URINE,5.09,3.82,both
san_ramon,,,8032975,274,OST ADHES+RING,133.0,99.75,both
san_ramon,,,8033080,274,OST CLAMP BG,85.0,63.75,both
san_ramon,,,8033150,274,OST PCH FEC,70.0,52.5,both
san_ramon,83937,CPT,7253938,300,OSTEOCALCIN,20.36,15.27,both
san_ramon,97034,CPT,5815278,430,OT CONT BATH EA 15 BASIC,225.0,168.75,both
san_ramon,,,5800283,430,OT E-STIM BASIC,385.0,288.75,both
san_ramon,,,5810283,430,OT E-STIM BASIC,355.0,266.25,both
san_ramon,97167,CPT,5805205,434,OT EVAL HIGH COMP,944.0,708.0,both
san_ramon,97165,CPT,5805201,434,OT EVAL LOW COMP,872.0,654.0,both
san_ramon,97166,CPT,5805203,434,OT EVAL MOD COMP,872.0,654.0,both
san_ramon,97026,CPT,5817025,430,OT INFRARED BSC,276.0,207.0,both
san_ramon,97033,CPT,5815272,430,OT IONTOPHOR EA 15 BSC,370.0,277.5,both
san_ramon,97140,CPT,5815180,430,OT MANUAL THERAPY EA 15M,438.0,328.5,both
san_ramon,97112,CPT,5805300,430,OT NEUROMUSC RE-EDUC EA15,359.0,269.25,both
san_ramon,97112,CPT,5815300,430,OT NEUROMUSC RE-EDUC EA15,360.0,270.0,both
san_ramon,97112,CPT,5805302,430,OT NEUROMUSC REEDUC 15 #2,308.0,231.0,both
san_ramon,97112,CPT,5815302,430,OT NEUROMUSC REEDUC 15 #2,281.0,210.75,both
san_ramon,97760,CPT,5807760,430,OT ORTHO MGMT INIT EA 15MIN,261.0,195.75,both
san_ramon,97760,CPT,5817760,430,OT ORTHO MGMT INIT EA 15MIN,241.0,180.75,both
san_ramon,97018,CPT,5815248,430,OT PARAFFIN BATH BSC,240.0,180.0,both
san_ramon,97112,CPT,5805426,430,OT PED NEURO RE-ED EA15,367.0,275.25,both
san_ramon,97530,CPT,5805428,430,OT PED THER ACT EA 15,488.0,366.0,both
san_ramon,97110,CPT,5805424,430,OT PED THER EXER EA 15,519.0,389.25,both
san_ramon,97761,CPT,5807762,430,OT PROSTH TRN INIT EA 15MIN,209.0,156.75,both
san_ramon,97168,CPT,5805221,434,OT RE-EVAL,568.0,426.0,both
san_ramon,97168,CPT,5805421,434,OT RE-EVAL NEURODEV/PED,528.0,396.0,both
san_ramon,97533,CPT,5807545,430,OT SENSRY INTRGRN EA15,161.0,120.75,both
san_ramon,97535,CPT,5805318,430,OT SLF CARE HM MGMT 15#2,593.0,444.75,both
san_ramon,97535,CPT,5805316,430,OT SLF CARE HM MGMT EA15,570.0,427.5,both
san_ramon,97535,CPT,5815316,430,OT SLF CARE HM MGMT EA15,622.0,466.5,both
san_ramon,97530,CPT,5805312,430,OT THERAPTC ACT EA 15,483.0,362.25,both
san_ramon,97530,CPT,5815312,430,OT THERAPTC ACT EA 15,483.0,362.25,both
san_ramon,97530,CPT,5805314,430,OT THERAPTC ACT EA 15 #2,558.0,418.5,both
san_ramon,97530,CPT,5815314,430,OT THERAPTC ACT EA 15 #2,594.0,445.5,both
san_ramon,97110,CPT,5805296,430,OT THERAPTC EXER EA 15,513.0,384.75,both
san_ramon,97110,CPT,5815296,430,OT THERAPTC EXER EA 15,513.0,384.75,both
san_ramon,97110,CPT,5805298,430,OT THERAPTC EXER EA15 #2,609.0,456.75,both
san_ramon,97110,CPT,5815298,430,OT THERAPTC EXER EA15 #2,513.0,384.75,both
san_ramon,97124,CPT,5815308,430,OT THERAPTC MASSAGE EA15,504.0,378.0,both
san_ramon,97035,CPT,5815284,430,OT US EA 15 BASIC,275.0,206.25,both
san_ramon,87177,CPT,4157177,300,OVA & PARASITES SMEARS,680.0,510.0,both
san_ramon,87177,CPT,7257177,300,OVA & PARASITES SMEARS/2,4.37,3.28,both
san_ramon,81500,CPT,7252793,310,OVARIAN ASSAY TWO PROTNS,292.0,219.0,both
san_ramon,83945,CPT,7253945,300,OXALATE,9.0,6.75,both
san_ramon,,,5308571,250,OXCARBAZEPINE 300MG TB,56.0,42.0,both
san_ramon,,,5308571,637,OXCARBAZEPINE 300MG TB,56.0,42.0,both
san_ramon,80183,CPT,7250317,300,OXCARBAZEPINE/2,6.52,4.89,both
san_ramon,,,5308640,250,OXYBUTYNIN 5MG TB,60.0,45.0,both
san_ramon,,,5308640,637,OXYBUTYNIN 5MG TB,60.0,45.0,both
san_ramon,,,5327844,250,OXYCOD/APAP 10/325 TB,69.0,51.75,both
san_ramon,,,5327844,637,OXYCOD/APAP 10/325 TB,69.0,51.75,both
san_ramon,,,5327847,250,OXYCOD/APAP 5/325 TB,84.0,63.0,both
san_ramon,,,5327847,637,OXYCOD/APAP 5/325 TB,84.0,63.0,both
san_ramon,,,5327857,250,OXYCODONE 10MG XR TB,126.0,94.5,both
san_ramon,,,5327857,637,OXYCODONE 10MG XR TB,126.0,94.5,both
san_ramon,,,5327858,250,OXYCODONE 20MG XR TB,136.0,102.0,both
san_ramon,,,5327858,637,OXYCODONE 20MG XR TB,136.0,102.0,both
san_ramon,,,5327872,250,OXYCODONE 20MG/ML LQ,40.0,30.0,both
san_ramon,,,5327872,637,OXYCODONE 20MG/ML LQ,40.0,30.0,both
san_ramon,,,5327861,250,OXYCODONE 30MG TB,36.0,27.0,both
san_ramon,,,5327861,637,OXYCODONE 30MG TB,36.0,27.0,both
san_ramon,,,5327859,250,OXYCODONE 40MG XR TB,173.0,129.75,both
san_ramon,,,5327859,637,OXYCODONE 40MG XR TB,173.0,129.75,both
san_ramon,,,5327855,250,OXYCODONE 5MG TB,33.0,24.75,both
san_ramon,,,5327855,637,OXYCODONE 5MG TB,33.0,24.75,both
san_ramon,,,5331682,250,OXYMETAZOLN NS.05%15MLSP,152.0,114.0,both
san_ramon,,,5331682,637,OXYMETAZOLN NS.05%15MLSP,152.0,114.0,both
san_ramon,,,5331681,250,OXYMETAZOLN NS.05%30MLSP,27.0,20.25,both
san_ramon,,,5331681,637,OXYMETAZOLN NS.05%30MLSP,27.0,20.25,both
san_ramon,,,5323038,250,OXYTOCIN PER 10U LR IV,266.0,199.5,both
san_ramon,,,5323038,636,OXYTOCIN PER 10U LR IV,266.0,199.5,both
san_ramon,,,5323036,250,OXYTOCIN PER 10U NACL IV,70.0,52.5,both
san_ramon,,,5323036,636,OXYTOCIN PER 10U NACL IV,70.0,52.5,both
san_ramon,,,5323045,250,OXYTOCIN UPTO 10U IJ,356.0,267.0,both
san_ramon,,,5323045,636,OXYTOCIN UPTO 10U IJ,356.0,267.0,both
san_ramon,,,5323052,250,PACLITAX PRTBD PER 1MGIJ,136.0,102.0,both
san_ramon,,,5323052,636,PACLITAX PRTBD PER 1MGIJ,136.0,102.0,both
san_ramon,,,5323050,250,PACLITAXEL PER 1MG IJ,92.0,69.0,both
san_ramon,,,5323050,636,PACLITAXEL PER 1MG IJ,92.0,69.0,both
san_ramon,,,5323064,250,PALONOSETRON PER25MCGIJ,486.0,364.5,both
san_ramon,,,5323064,636,PALONOSETRON PER25MCGIJ,486.0,364.5,both
san_ramon,,,5323060,250,PAMIDRONATE PER 30MG IJ,3915.0,2936.25,both
san_ramon,,,5323060,636,PAMIDRONATE PER 30MG IJ,3915.0,2936.25,both
san_ramon,83520,CPT,7256264,300,PANCREATIC POLYPEPTIDE,35.0,26.25,both
san_ramon,,,5306608,250,PANCRELIP 12-38-60 XRCP,36.0,27.0,both
san_ramon,,,5306608,637,PANCRELIP 12-38-60 XRCP,36.0,27.0,both
san_ramon,,,5306609,250,PANCRELIP 6-19-30 XRCP,27.0,20.25,both
san_ramon,,,5306609,637,PANCRELIP 6-19-30 XRCP,27.0,20.25,both
san_ramon,,,5308871,250,PANTOPRAZOLE 20MG EC TB,97.0,72.75,both
san_ramon,,,5308871,637,PANTOPRAZOLE 20MG EC TB,97.0,72.75,both
san_ramon,,,5308870,250,PANTOPRAZOLE 40MG EC TB,106.0,79.5,both
san_ramon,,,5308870,637,PANTOPRAZOLE 40MG EC TB,106.0,79.5,both
san_ramon,,,5323071,250,PANTOPRAZOLE 40MG LQ,158.0,118.5,both
san_ramon,,,5323071,637,PANTOPRAZOLE 40MG LQ,158.0,118.5,both
san_ramon,,,5323070,250,PANTOPRAZOLE PER40MGIJ,491.0,368.25,both
san_ramon,,,5323070,636,PANTOPRAZOLE PER40MGIJ,491.0,368.25,both
san_ramon,,,5323077,250,PAPAVERINE UPTO 60MG IJ,106.0,79.5,both
san_ramon,,,5323077,636,PAPAVERINE UPTO 60MG IJ,106.0,79.5,both
san_ramon,83970,CPT,4103970,300,PARATHORMONE (PTH),459.0,344.25,both
san_ramon,83970,CPT,4153972,300,PARATHORMONE (PTH),453.0,339.75,both
san_ramon,83970,CPT,7253902,300,PARATHORMONE (PTH),4.8,3.6,both
san_ramon,83970,CPT,4103972,300,PARATHORMONE (PTH)/2,453.0,339.75,both
san_ramon,78071,CPT,5208071,341,PARATHYRD IMG W/SPECT,3782.0,2836.5,both
san_ramon,78070,CPT,5208031,341,PARATHYROID IMAGING,8537.0,6402.75,both
san_ramon,83516,CPT,7258658,300,PARIETAL CELL AB,8.15,6.11,both
san_ramon,,,5308949,250,PAROXETINE 10MG TB,126.0,94.5,both
san_ramon,,,5308949,637,PAROXETINE 10MG TB,126.0,94.5,both
san_ramon,,,5308953,250,PAROXETINE 12.5MG XR TB,72.0,54.0,both
san_ramon,,,5308953,637,PAROXETINE 12.5MG XR TB,72.0,54.0,both
san_ramon,,,5308950,250,PAROXETINE 20MG TB,126.0,94.5,both
san_ramon,,,5308950,637,PAROXETINE 20MG TB,126.0,94.5,both
san_ramon,,,5308951,250,PAROXETINE 30MG TB,191.0,143.25,both
san_ramon,,,5308951,637,PAROXETINE 30MG TB,191.0,143.25,both
san_ramon,86403,CPT,4106400,300,PARTICLE AGGLUT AB EA/4,1672.0,1254.0,both
san_ramon,86403,CPT,4106407,300,PARTICLE AGGLUT AB EA/9,213.0,159.75,both
san_ramon,86747,CPT,7256248,300,PARVOVIRUS AB,11.4,8.55,both
san_ramon,86747,CPT,7256748,300,PARVOVIRUS AB/3,11.4,8.55,both
san_ramon,,,4013062,278,PATELA ANY X3 MCK PFJ STRY CL,2653.0,1989.75,both
san_ramon,,,4012996,278,PATELA PERSN PROLG VIV ZIM CL,2998.0,2248.5,both
san_ramon,,,4012822,278,PATELLA ATTUNE POLY DEPUY CL,3953.0,2964.75,both
san_ramon,,,4013409,278,PATELLA KNEE POLY DJO CL,2722.0,2041.5,both
san_ramon,,,4012916,278,PATELLA METAL/POLY/JRNY SN CL,1898.0,1423.5,both
san_ramon,,,4013286,278,PATELLA POLY MICROPORT CL,4747.0,3560.25,both
san_ramon,,,4012824,278,PATELLA POLY RP DEPUY CL,3459.0,2594.25,both
san_ramon,,,4013064,278,PATELLA POLY STRYKER CL,1591.0,1193.25,both
san_ramon,,,4012997,278,PATELLA TM METAL POLY ZIMM CL,5994.0,4495.5,both
san_ramon,,,4013065,278,PATELLA TM METAL STRYKER CL,2653.0,1989.75,both
san_ramon,,,5190018,278,PD103 NOSTRAND EA SOURCE,389.0,291.75,both
san_ramon,,,5192640,278,PD103 STRAND EA SOURCE,410.0,307.5,both
san_ramon,,,5331822,250,PE 10% 5ML OS,576.0,432.0,both
san_ramon,,,5331829,250,PE 2.5% 15ML OS,474.0,355.5,both
san_ramon,,,5331829,637,PE 2.5% 15ML OS,474.0,355.5,both
san_ramon,,,5331828,250,PE 2.5% 2ML OS,564.0,423.0,both
san_ramon,,,5339939,250,PEDIA-POP PALSICLS 2.1OZ,13.0,9.75,both
san_ramon,,,5339939,637,PEDIA-POP PALSICLS 2.1OZ,13.0,9.75,both
san_ramon,,,5339930,250,PEDIALYTE 240ML,48.0,36.0,both
san_ramon,,,5339930,637,PEDIALYTE 240ML,48.0,36.0,both
san_ramon,,,5339938,250,PEDIALYTE 960 ML,113.0,84.75,both
san_ramon,,,5339938,637,PEDIALYTE 960 ML,113.0,84.75,both
san_ramon,,,5323097,250,PEGFILGRASTIM-JMDB PER 0.5MGIJ,2177.0,1632.75,both
san_ramon,,,5323097,636,PEGFILGRASTIM-JMDB PER 0.5MGIJ,2177.0,1632.75,both
san_ramon,72170,CPT,4902170,320,PELVIS 1 VIEW,2329.0,1746.75,both
san_ramon,72170,CPT,4902175,320,PELVIS 2 VIEWS,2329.0,1746.75,both
san_ramon,72190,CPT,4902190,320,PELVIS MIN 3 VWS,4108.0,3081.0,both
san_ramon,,,5052200,360,PELVIS/HIP JT I&D ABSC,15073.0,11304.75,both
san_ramon,,,5323115,250,PEMBROLIZUMAB PER 1MG IJ,451.0,338.25,both
san_ramon,,,5323115,636,PEMBROLIZUMAB PER 1MG IJ,451.0,338.25,both
san_ramon,,,5323121,250,PEN G BENZ PER 100KU IJ,187.0,140.25,both
san_ramon,,,5323121,636,PEN G BENZ PER 100KU IJ,187.0,140.25,both
san_ramon,,,5323151,250,PEN G K UPTO 600KU IJ,71.0,53.25,both
san_ramon,,,5323151,636,PEN G K UPTO 600KU IJ,71.0,53.25,both
san_ramon,,,5323173,250,PEN G PROC UPTO 600KU IJ,391.0,293.25,both
san_ramon,,,5323173,636,PEN G PROC UPTO 600KU IJ,391.0,293.25,both
san_ramon,,,5309025,250,PENICILLIN 250MG TB,68.0,51.0,both
san_ramon,,,5309025,637,PENICILLIN 250MG TB,68.0,51.0,both
san_ramon,,,5309029,250,PENICILLIN 500MG TB,65.0,48.75,both
san_ramon,,,5309029,637,PENICILLIN 500MG TB,65.0,48.75,both
san_ramon,,,5323153,250,PENICILLIN G NA 5MU IJ,496.0,372.0,both
san_ramon,,,5315991,250,PENICILLIN VK250M/5MPWLQ,44.0,33.0,both
san_ramon,,,5315991,637,PENICILLIN VK250M/5MPWLQ,44.0,33.0,both
san_ramon,94642,CPT,5500696,410,PENTAMIDINE TREATMENT,1087.0,815.25,both
san_ramon,,,5309066,250,PENTOXIFYLLN 400MG XR TB,74.0,55.5,both
san_ramon,,,5309066,637,PENTOXIFYLLN 400MG XR TB,74.0,55.5,both
san_ramon,,,4619605,480,PER COR REVAS CABG ADDL,33008.0,24756.0,both
san_ramon,,,4619605,481,PER COR REVAS CABG ADDL,33008.0,24756.0,both
san_ramon,,,4619607,480,PER COR REVAS CHRONC SNG,34163.5,25622.63,both
san_ramon,,,4619607,481,PER COR REVAS CHRONC SNG,34163.5,25622.63,both
san_ramon,,,4619606,480,PER COR REVAS D-E W/AMI,185286.0,138964.5,both
san_ramon,,,4619606,481,PER COR REVAS D-E W/AMI,185286.0,138964.5,both
san_ramon,,,4619720,360,PERC AUG 1 BD LUMB/IMG,116616.0,87462.0,both
san_ramon,,,4619718,360,PERC AUG 1 BD THOR/IMG,24759.0,18569.25,both
san_ramon,,,4617552,360,PERC BILIARY BRUSH BIOPS,12708.0,9531.0,both
san_ramon,,,5057516,360,PERC BIOPSY LYMPH NODE,2488.0,1866.0,both
san_ramon,,,5068505,360,PERC BIOPSY LYMPH NODE,2452.0,1839.0,both
san_ramon,,,4617600,360,PERC CHOLECYSTOSTOMY,10180.0,7635.0,both
san_ramon,,,5057490,360,PERC CHOLECYSTOSTOMY,9555.0,7166.25,both
san_ramon,,,4619602,480,PERC COR ATH D-E STNT,107023.0,80267.25,both
san_ramon,,,4619602,481,PERC COR ATH D-E STNT,107023.0,80267.25,both
san_ramon,,,4619600,480,PERC COR DRUG-ELUT STNT,91244.0,68433.0,both
san_ramon,,,4619600,481,PERC COR DRUG-ELUT STNT,91244.0,68433.0,both
san_ramon,,,4619604,480,PERC COR REVASC D-E CABG,57126.0,42844.5,both
san_ramon,,,4619604,481,PERC COR REVASC D-E CABG,57126.0,42844.5,both
san_ramon,92973,CPT,4612973,480,PERC CORON THROMBECT,17762.0,13321.5,both
san_ramon,,,3079281,360,PERC DEVC BRST 1ST MAMMO,4134.0,3100.5,both
san_ramon,,,3079283,360,PERC DEVC BRST 1ST STRTC,7617.0,5712.75,both
san_ramon,,,3079285,360,PERC DEVC BRST 1ST US,7767.0,5825.25,both
san_ramon,,,5069285,360,PERC DEVC BRST 1ST US,1635.0,1226.25,both
san_ramon,,,3079282,360,PERC DEVC BRST ADD MAM,1372.0,1029.0,both
san_ramon,,,3079284,360,PERC DEVC BRST ADD STRTC,1372.0,1029.0,both
san_ramon,,,3079286,360,PERC DEVC BRST ADD US,955.0,716.25,both
san_ramon,75989,CPT,4615990,320,PERC DRAIN W CATH PLC,7597.0,5697.75,both
san_ramon,75989,CPT,5055990,350,PERC DRAIN W CATH PLC,8282.0,6211.5,both
san_ramon,75989,CPT,5067630,402,PERC DRAIN W CATH PLC,7942.0,5956.5,both
san_ramon,,,4619601,480,PERC DRUG-ELUT STNT ADDL,23487.0,17615.25,both
san_ramon,,,4619601,481,PERC DRUG-ELUT STNT ADDL,23487.0,17615.25,both
san_ramon,,,4613967,360,PERC INSERT IABP DEV,7557.0,5667.75,both
san_ramon,,,4617187,360,PERC MECH THROMBECTMY VN,13058.0,9793.5,both
san_ramon,,,5050592,360,PERC RF ABLATE RENL TUMR,56592.0,42444.0,both
san_ramon,75885,CPT,4615885,320,PERC TRNSHEP PORT W/EVL,17413.0,13059.75,both
san_ramon,,,4614480,360,PERC VERT 1 BD ADD/IMG,14925.0,11193.75,both
san_ramon,,,4614479,360,PERC VERT 1 BD LSAC/IMG,14925.0,11193.75,both
san_ramon,,,4614478,360,PERC VERT 1BD CTHOR/IMG,14925.0,11193.75,both
san_ramon,,,5336988,250,PERFLUOROCARBON 7ML KT,4175.0,3131.25,both
san_ramon,,,5358247,255,PERFLUTREN LIP MICRO 1ML,1053.0,789.75,both
san_ramon,,,5358247,636,PERFLUTREN LIP MICRO 1ML,1053.0,789.75,both
san_ramon,,,5336998,250,PERMETHRIN 5% 60GM CR,424.0,318.0,both
san_ramon,,,5336998,637,PERMETHRIN 5% 60GM CR,424.0,318.0,both
san_ramon,92972,CPT,4610715,480,PERQ TRANSLUM CORONARY LITHOTR,17541.0,13155.75,both
san_ramon,,,5323232,250,PERTUZUMAB PER 1MG IJ,128.0,96.0,both
san_ramon,,,5323232,636,PERTUZUMAB PER 1MG IJ,128.0,96.0,both
san_ramon,,,5331752,250,PETROLATUM 112GM OI,44.0,33.0,both
san_ramon,,,5331752,637,PETROLATUM 112GM OI,44.0,33.0,both
san_ramon,,,5337011,250,PETROLATUM 52GM OI,16.0,12.0,both
san_ramon,,,5337011,637,PETROLATUM 52GM OI,16.0,12.0,both
san_ramon,,,5334205,250,PETROLATUM AQUA 396GM OI,153.0,114.75,both
san_ramon,,,5334205,637,PETROLATUM AQUA 396GM OI,153.0,114.75,both
san_ramon,83986,CPT,7259358,300,PH BODY FLUID NOS/2,8.41,6.31,both
san_ramon,,,4014300,275,PHALANGEAL BASE,11225.0,8418.75,both
san_ramon,70371,CPT,4900368,320,PHARYNGL EVAL CINEVIDEO,871.0,653.25,both
san_ramon,,,5309145,250,PHENAZOPYRIDINE 100MG TB,60.0,45.0,both
san_ramon,,,5309145,637,PHENAZOPYRIDINE 100MG TB,60.0,45.0,both
san_ramon,,,5309149,250,PHENAZOPYRIDINE 200MG TB,68.0,51.0,both
san_ramon,,,5309149,637,PHENAZOPYRIDINE 200MG TB,68.0,51.0,both
san_ramon,,,5327941,250,PHENOBARB UPTO 120MG IJ,370.0,277.5,both
san_ramon,,,5327941,636,PHENOBARB UPTO 120MG IJ,370.0,277.5,both
san_ramon,80184,CPT,4104020,300,PHENOBARBITAL,1356.0,1017.0,both
san_ramon,80184,CPT,4154020,300,PHENOBARBITAL,484.0,363.0,both
san_ramon,,,5327936,250,PHENOBARBITAL 32.4MG TB,23.0,17.25,both
san_ramon,,,5327936,637,PHENOBARBITAL 32.4MG TB,23.0,17.25,both
san_ramon,,,5314597,250,PHENOL 1.4% 180ML SP,98.0,73.5,both
san_ramon,,,5314597,637,PHENOL 1.4% 180ML SP,98.0,73.5,both
san_ramon,,,5323267,250,PHENTOLAMINE UPTO 5MG IJ,3682.0,2761.5,both
san_ramon,,,5323267,636,PHENTOLAMINE UPTO 5MG IJ,3682.0,2761.5,both
san_ramon,,,5323296,250,PHENYLEPHRINE 50MG PMX IJ,417.0,312.75,both
san_ramon,,,5338585,250,PHENYLEPHRINE HEMOR R OI,60.0,45.0,both
san_ramon,,,5338585,637,PHENYLEPHRINE HEMOR R OI,60.0,45.0,both
san_ramon,,,5323281,250,PHENYLEPHRINE PER 20MCG IJ,1.0,0.75,both
san_ramon,,,5323281,636,PHENYLEPHRINE PER 20MCG IJ,1.0,0.75,both
san_ramon,,,5323283,250,PHENYLEPHRINE PER 20MCG PFS IJ,7.0,5.25,both
san_ramon,,,5323283,636,PHENYLEPHRINE PER 20MCG PFS IJ,7.0,5.25,both
san_ramon,,,5309438,250,PHENYTOIN 100MG XR CP,60.0,45.0,both
san_ramon,,,5309438,637,PHENYTOIN 100MG XR CP,60.0,45.0,both
san_ramon,,,5316059,250,PHENYTOIN 100MG/4ML LQ,72.0,54.0,both
san_ramon,,,5316059,637,PHENYTOIN 100MG/4ML LQ,72.0,54.0,both
san_ramon,,,5309434,250,PHENYTOIN 50MG CTB,53.0,39.75,both
san_ramon,,,5309434,637,PHENYTOIN 50MG CTB,53.0,39.75,both
san_ramon,80186,CPT,7254045,300,PHENYTOIN FREE,6.74,5.06,both
san_ramon,,,5323320,250,PHENYTOIN PER 50MG IJ,237.0,177.75,both
san_ramon,,,5323320,636,PHENYTOIN PER 50MG IJ,237.0,177.75,both
san_ramon,80185,CPT,4102655,300,PHENYTOIN TOTAL,1245.0,933.75,both
san_ramon,80185,CPT,4152655,300,PHENYTOIN TOTAL,553.0,414.75,both
san_ramon,99195,CPT,6292730,940,PHLEBOTOMY/THERAPEUT,1116.0,837.0,both
san_ramon,84075,CPT,4104075,300,PHOSPHATASE ALKALINE,95.0,71.25,both
san_ramon,84075,CPT,4154075,300,PHOSPHATASE ALKALINE,77.0,57.75,both
san_ramon,84075,CPT,7254075,300,PHOSPHATASE ALKALINE,2.5,1.88,both
san_ramon,84080,CPT,7254080,300,PHOSPHATASE ISO ALK,2.5,1.88,both
san_ramon,84080,CPT,7258444,300,PHOSPHATASE ISO ALK/2,24.44,18.33,both
san_ramon,85597,CPT,7255597,300,PHOSPHOLIP NEUT PLATELET,152.32,114.24,both
san_ramon,85598,CPT,7255598,300,PHOSPHOLP NEUT HEXAGONAL,20.36,15.27,both
san_ramon,84100,CPT,4104100,300,PHOSPHORUS,703.0,527.25,both
san_ramon,84100,CPT,4154100,300,PHOSPHORUS,58.0,43.5,both
san_ramon,84105,CPT,7254103,300,PHOSPHORUS URINE/2,2.0,1.5,both
san_ramon,,,5761500,960,PHYS INTERP OCCMED ONLY,13.0,9.75,both
san_ramon,,,5309461,250,PHYTONADIONE 5MG TB,314.0,235.5,both
san_ramon,,,5309461,637,PHYTONADIONE 5MG TB,314.0,235.5,both
san_ramon,,,5323366,250,PHYTONADIONE PER 1MG IJ,142.0,106.5,both
san_ramon,,,5323366,636,PHYTONADIONE PER 1MG IJ,142.0,106.5,both
san_ramon,,,5323365,250,PHYTONADN PED PER 1MG IJ,142.0,106.5,both
san_ramon,,,5323365,636,PHYTONADN PED PER 1MG IJ,142.0,106.5,both
san_ramon,,,5331906,250,PILOCARPINE 1% 15ML OS,488.0,366.0,both
san_ramon,,,5331906,637,PILOCARPINE 1% 15ML OS,488.0,366.0,both
san_ramon,,,5331927,250,PILOCARPINE 2% 15ML OS,928.0,696.0,both
san_ramon,,,5331927,637,PILOCARPINE 2% 15ML OS,928.0,696.0,both
san_ramon,,,5331933,250,PILOCARPINE 2% 1ML OS,152.0,114.0,both
san_ramon,,,5331933,637,PILOCARPINE 2% 1ML OS,152.0,114.0,both
san_ramon,,,5309470,250,PILOCARPINE 5MG TB,19.0,14.25,both
san_ramon,,,5309470,637,PILOCARPINE 5MG TB,19.0,14.25,both
san_ramon,,,8133540,278,PIN ABSORBABLE,1664.0,1248.0,both
san_ramon,,,8133543,278,PIN DISTRACTION,1054.0,790.5,both
san_ramon,,,8133595,278,PIN MLT FIXATN,2603.0,1952.25,both
san_ramon,,,8133636,278,PIN TYPE II,855.0,641.25,both
san_ramon,,,8133645,278,PINS LG EXT FIX,1196.0,897.0,both
san_ramon,,,8133650,278,PINS SM EXT FIX,1196.0,897.0,both
san_ramon,,,5309500,250,PIOGLITAZONE 15MG TB,104.0,78.0,both
san_ramon,,,5309500,637,PIOGLITAZONE 15MG TB,104.0,78.0,both
san_ramon,,,5309502,250,PIOGLITAZONE 30MG TB,143.0,107.25,both
san_ramon,,,5309502,637,PIOGLITAZONE 30MG TB,143.0,107.25,both
san_ramon,,,5323412,250,PIPER/TAZ PER1.125GM IJ,172.0,129.0,both
san_ramon,,,5323412,636,PIPER/TAZ PER1.125GM IJ,172.0,129.0,both
san_ramon,,,5323411,250,PIPER/TAZPER1.125GMPMXIJ,233.0,174.75,both
san_ramon,,,5323411,636,PIPER/TAZPER1.125GMPMXIJ,233.0,174.75,both
san_ramon,,,5309525,250,PIRFENIDONE 267MG CP,226.0,169.5,both
san_ramon,,,5309525,637,PIRFENIDONE 267MG CP,226.0,169.5,both
san_ramon,,,4619440,360,PL GASTRO TUBE W/FLUORO,8780.0,6585.0,both
san_ramon,,,4617538,360,PL STNT BIL EXIS ACCESS,75829.0,56871.75,both
san_ramon,,,4617539,360,PL STNT BIL W/O DRN,75829.0,56871.75,both
san_ramon,84112,CPT,4103507,300,PLACENTAL A1 MICRO DIR,1107.0,830.25,both
san_ramon,84112,CPT,4104112,300,PLACENTAL A1 MICRO DIR/2,1107.0,830.25,both
san_ramon,,,8133843,278,PLATE OTHER,13799.0,10349.25,both
san_ramon,,,8133186,278,PLATE ULNAR,14363.0,10772.25,both
san_ramon,86022,CPT,7256017,300,PLATELET AB/2,14.66,11.0,both
san_ramon,86022,CPT,7256022,300,PLATELET AB/3,14.66,11.0,both
san_ramon,85049,CPT,4105595,300,PLATELET AUTO,730.0,547.5,both
san_ramon,85049,CPT,4155595,300,PLATELET AUTO,460.0,345.0,both
san_ramon,,,4617800,360,PLC CATH AORTA,2483.0,1862.25,both
san_ramon,,,4617835,360,PLC CATH ART 1ST ORDR,1972.0,1479.0,both
san_ramon,,,4617840,360,PLC CATH ART 2ND ORDR,2149.0,1611.75,both
san_ramon,,,4617845,360,PLC CATH ART 3RD ORDR,2167.0,1625.25,both
san_ramon,,,4617815,360,PLC CATH ART ABD 1ST,1972.0,1479.0,both
san_ramon,,,4617820,360,PLC CATH ART ABD 2ND,1972.0,1479.0,both
san_ramon,,,4617825,360,PLC CATH ART ABD 3RD,2167.0,1625.25,both
san_ramon,,,4617810,360,PLC CATH ART ABD ADD,2950.0,2212.5,both
san_ramon,,,4617830,360,PLC CATH ART ADD ORDR,1308.0,981.0,both
san_ramon,,,4617865,360,PLC CATH LT/RT ARTERY,3904.0,2928.0,both
san_ramon,,,4616011,360,PLC CATH VEIN 1ST ORDR,3618.0,2713.5,both
san_ramon,,,4616012,360,PLC CATH VEIN 2ND ORDR,3786.0,2839.5,both
san_ramon,,,4617870,360,PLC CATH VENACAVA,2418.0,1813.5,both
san_ramon,,,4613256,360,PLC ENDO GAST TUBE,3381.0,2535.75,both
san_ramon,,,5052856,360,PLC FIDUCL MRKR ABD/PEL,14857.0,11142.75,both
san_ramon,,,5052854,360,PLC FIDUCL MRKR LUNG,14857.0,11142.75,both
san_ramon,,,5052855,360,PLC FIDUCL MRKR PROSTATE,14857.0,11142.75,both
san_ramon,,,5052853,360,PLC FIDUCL MRKR SPINE,12011.0,9008.25,both
san_ramon,,,4610392,360,PLC NEPHROSTOMY CATH,7180.0,5385.0,both
san_ramon,,,5050392,360,PLC NEPHROSTOMY CATH,7768.0,5826.0,both
san_ramon,,,4610695,360,PLC STNT NEW DX W/CATH,35272.0,26454.0,both
san_ramon,,,4610693,360,PLC STNT W/DX NEPHRO,37554.0,28165.5,both
san_ramon,,,4610269,360,PLC VASC CLSURE DEVICE,1372.0,1029.0,both
san_ramon,,,4610269,361,PLC VASC CLSURE DEVICE,1372.0,1029.0,both
san_ramon,94726,CPT,5504726,460,PLETHSYMOGRAPHY LUNG VOL,1672.0,1254.0,both
san_ramon,,,4612557,360,PLEURAL DRAINAGE PERC,10498.0,7873.5,both
san_ramon,,,5052557,360,PLEURAL DRAINAGE PERC,3464.0,2598.0,both
san_ramon,85576,CPT,4105576,300,PLT AGGREGATION EA AGENT,643.0,482.25,both
san_ramon,85576,CPT,4155576,300,PLT AGGREGATION EA AGENT,643.0,482.25,both
san_ramon,,,8133675,278,PLT BN MED,6663.0,4997.25,both
san_ramon,,,8133680,278,PLT BN SMALL,5059.0,3794.25,both
san_ramon,,,8133687,278,PLT CLAVICLE HOOK,6483.0,4862.25,both
san_ramon,,,8133700,278,PLT COMPRESSION,1213.0,909.75,both
san_ramon,,,8133701,278,PLT COMPRESSION 2,6988.0,5241.0,both
san_ramon,,,8133711,278,PLT DISTL FEMUR LCKNG,6184.0,4638.0,both
san_ramon,,,8133825,278,PLT E 1/3 TUBE,512.0,384.0,both
san_ramon,,,8133725,278,PLT E COMP DCP,3631.0,2723.25,both
san_ramon,,,8133730,278,PLT E COMP DHS,6685.0,5013.75,both
san_ramon,,,8133786,278,PLT E SEM TUBE 2,953.0,714.75,both
san_ramon,,,8133790,278,PLT E SM STRAT,27707.0,20780.25,both
san_ramon,,,8133795,278,PLT E T,1402.0,1051.5,both
san_ramon,,,8154029,278,PLT FLEXIBLE PDS,4249.0,3186.75,both
san_ramon,,,4014313,278,PLT LC MED DISTL HUMERUS,8945.0,6708.75,both
san_ramon,,,4014312,278,PLT LC MEDIAL DISTAL TIB,19318.0,14488.5,both
san_ramon,,,4014311,278,PLT LC PROX TIBIAL,11667.0,8750.25,both
san_ramon,,,8133840,278,PLT MINI FRAG,509.0,381.75,both
san_ramon,,,8133821,278,PLT MINIBUNION OFFSET 3.5,18453.0,13839.75,both
san_ramon,,,8133838,278,PLT MTP,33171.0,24878.25,both
san_ramon,,,8133783,278,PLT NEURO,1934.0,1450.5,both
san_ramon,,,8133841,278,PLT OLECRANON,5912.0,4434.0,both
san_ramon,,,4505588,399,PLT PHER LEUKORED IRRAD,1752.0,1314.0,both
san_ramon,,,8133898,278,PLT PROX HUMERAL,12704.0,9528.0,both
san_ramon,,,8133899,278,PLT VOLAR DISTAL RADIUS,7683.0,5762.25,both
san_ramon,,,8130133,278,PLT VOLAR LCP,2424.0,1818.0,both
san_ramon,,,8133888,278,PLT VOLAR RADIUS,5812.0,4359.0,both
san_ramon,,,4004087,275,PM ACCOLADE DR MRI L311,51192.0,38394.0,both
san_ramon,,,4004092,275,PM ACCOLADE MRI EL L331,53694.0,40270.5,both
san_ramon,,,4004091,275,PM ACCOLADE MRI SR L310,49546.0,37159.5,both
san_ramon,,,4000439,275,PM AMVIA EDGE DR-T 460163,28959.0,21719.25,both
san_ramon,,,4000433,275,PM ASSURITY MRI PM2272,59715.0,44786.25,both
san_ramon,,,4000434,275,PM AZURE XT DR MRI W1DR01,40216.0,30162.0,both
san_ramon,,,4000435,275,PM AZURE XT SR MRI W1SR01,31627.0,23720.25,both
san_ramon,,,4000548,275,PM DC DR MRI ATTESTA ATDR01,28198.0,21148.5,both
san_ramon,,,4004146,275,PM EDORA 8 HF-T 407138,69847.0,52385.25,both
san_ramon,,,4004144,275,PM EDORA PROMRI 407145,39190.0,29392.5,both
san_ramon,,,4004137,275,PM EDORA PROMRI 407157,38027.0,28520.25,both
san_ramon,,,4001203,275,PM SC ACCENT SR PM1210,21925.0,16443.75,both
san_ramon,,,4004201,275,PM VISIONIST LV-1 CRT-P U225,57652.0,43239.0,both
san_ramon,,,4004198,275,PM VISIONIST X4 CRT-P U228,57373.0,43029.75,both
san_ramon,,,8130012,274,PNEUMATC ANKL CNTR SPLNT,240.0,180.0,both
san_ramon,,,8130057,274,PNEUMATC WALK SPLNT,412.0,309.0,both
san_ramon,90670,CPT,5323447,636,PNEUMOCOC 13 VAL VACC IJ,1103.0,827.25,both
san_ramon,90732,CPT,5323449,636,PNEUMOCOC23 VAL VACC IJ,1086.0,814.5,both
san_ramon,90677,CPT,5323451,636,PNEUMOCOCCAL 20-VALENT VACCINE,1111.0,833.25,both
san_ramon,,,6100009,771,PNEUMOCOCCAL VACC ADMIN,231.0,173.25,both
san_ramon,,,6160009,771,PNEUMOCOCCAL VACC ADMIN,208.0,156.0,both
san_ramon,,,6290009,771,PNEUMOCOCCAL VACC ADMIN,318.0,238.5,both
san_ramon,87281,CPT,7257281,300,PNEUMOCYST CARIN DFA,32.58,24.44,both
san_ramon,,,5323459,250,POLIDOCANOL 1% 2ML IJ,219.0,164.25,both
san_ramon,,,5332095,250,POLY/NEO/HCTS 10ML OT,998.0,748.5,both
san_ramon,,,5332095,637,POLY/NEO/HCTS 10ML OT,998.0,748.5,both
san_ramon,,,5316072,250,POLYETHYLE GLYCOL 17GMPW,65.0,48.75,both
san_ramon,,,5316072,637,POLYETHYLE GLYCOL 17GMPW,65.0,48.75,both
san_ramon,,,5316080,250,POLYETHYLE GLYCOL238GMPW,126.0,94.5,both
san_ramon,,,5316080,637,POLYETHYLE GLYCOL238GMPW,126.0,94.5,both
san_ramon,,,5323491,250,POLYMYXIN B 500MU IJ,550.0,412.5,both
san_ramon,,,5338560,250,POLYSTYREN SULF 120ML RE,443.0,332.25,both
san_ramon,,,5316064,250,POLYSTYRENE 15GM PWLQ,162.0,121.5,both
san_ramon,,,5316064,637,POLYSTYRENE 15GM PWLQ,162.0,121.5,both
san_ramon,,,5316075,250,POLYSTYRENE 60ML LQ,168.0,126.0,both
san_ramon,,,5316075,637,POLYSTYRENE 60ML LQ,168.0,126.0,both
san_ramon,84110,CPT,7254110,300,PORPHOBILINOGEN URINE QN,6.37,4.78,both
san_ramon,84110,CPT,7258411,300,PORPHOBILINOGEN URINE QN/2,6.23,4.67,both
san_ramon,84311,CPT,7254321,300,PORPHYRINS,21.85,16.39,both
san_ramon,84120,CPT,7254121,300,PORPHYRINS URINE QN/FRACT/2,16.0,12.0,both
san_ramon,,,5309635,250,POSACONAZOLE 100MG XRTB,267.0,200.25,both
san_ramon,,,5309635,637,POSACONAZOLE 100MG XRTB,267.0,200.25,both
san_ramon,,,4013303,278,POST GLENOID SHLD ARTHROSRF CL,4186.0,3139.5,both
san_ramon,,,4014355,278,POST X TITN,2494.0,1870.5,both
san_ramon,84132,CPT,4104132,300,POTASSIUM,475.0,356.25,both
san_ramon,84132,CPT,4154132,300,POTASSIUM,100.0,75.0,both
san_ramon,,,5316133,250,POTASSIUM 10MEQ EFF TB,14.0,10.5,both
san_ramon,,,5316133,637,POTASSIUM 10MEQ EFF TB,14.0,10.5,both
san_ramon,,,5316132,250,POTASSIUM 20MEQ EFF TB,15.0,11.25,both
san_ramon,,,5316132,637,POTASSIUM 20MEQ EFF TB,15.0,11.25,both
san_ramon,,,5309640,250,POTASSIUM BICARB25MEQTB,38.0,28.5,both
san_ramon,,,5309640,637,POTASSIUM BICARB25MEQTB,38.0,28.5,both
san_ramon,,,5309657,250,POTASSIUM CL 10MEQ XR CP,60.0,45.0,both
san_ramon,,,5309657,637,POTASSIUM CL 10MEQ XR CP,60.0,45.0,both
san_ramon,,,5309658,250,POTASSIUM CL 20MEQ XR TB,68.0,51.0,both
san_ramon,,,5309658,637,POTASSIUM CL 20MEQ XR TB,68.0,51.0,both
san_ramon,,,5309665,250,POTASSIUM CL 8MEQ XR TB,45.0,33.75,both
san_ramon,,,5309665,637,POTASSIUM CL 8MEQ XR TB,45.0,33.75,both
san_ramon,84999,CPT,7250170,300,POTASSIUM FECAL,18.45,13.84,both
san_ramon,84133,CPT,4104133,300,POTASSIUM URINE,1139.0,854.25,both
san_ramon,84133,CPT,4154133,300,POTASSIUM URINE,550.0,412.5,both
san_ramon,84133,CPT,7254133,300,POTASSIUM URINE,2.0,1.5,both
san_ramon,84133,CPT,4104134,300,POTASSIUM URINE/2,1243.0,932.25,both
san_ramon,,,5332145,250,POVIDONE IODINE5%30ML OS,232.0,174.0,both
san_ramon,,,5337107,250,POVIDONE-IODINE10%30GMOI,320.0,240.0,both
san_ramon,,,5337107,637,POVIDONE-IODINE10%30GMOI,320.0,240.0,both
san_ramon,,,5309693,250,PRAMIPEXOLE .125MG TB,72.0,54.0,both
san_ramon,,,5309693,637,PRAMIPEXOLE .125MG TB,72.0,54.0,both
san_ramon,,,5309706,250,PRAMIPEXOLE .5MG TB,60.0,45.0,both
san_ramon,,,5309706,637,PRAMIPEXOLE .5MG TB,60.0,45.0,both
san_ramon,,,5309694,250,PRAMIPEXOLE 1MG TB,60.0,45.0,both
san_ramon,,,5309694,637,PRAMIPEXOLE 1MG TB,60.0,45.0,both
san_ramon,,,5337139,250,PRAMOXINE HC 1%30GM TCR,833.0,624.75,both
san_ramon,,,5337139,637,PRAMOXINE HC 1%30GM TCR,833.0,624.75,both
san_ramon,,,5309703,250,PRASUGREL 10MG TB,175.0,131.25,both
san_ramon,,,5309703,637,PRASUGREL 10MG TB,175.0,131.25,both
san_ramon,,,5309690,250,PRAVASTATIN 10MG TB,118.0,88.5,both
san_ramon,,,5309690,637,PRAVASTATIN 10MG TB,118.0,88.5,both
san_ramon,,,5309691,250,PRAVASTATIN 20MG TB,126.0,94.5,both
san_ramon,,,5309691,637,PRAVASTATIN 20MG TB,126.0,94.5,both
san_ramon,,,5309723,250,PRAZOSIN 1MG CP,60.0,45.0,both
san_ramon,,,5309723,637,PRAZOSIN 1MG CP,60.0,45.0,both
san_ramon,,,5309731,250,PRAZOSIN 5MG CP,82.0,61.5,both
san_ramon,,,5309731,637,PRAZOSIN 5MG CP,82.0,61.5,both
san_ramon,84134,CPT,7254166,300,PRE-ALBUMIN,4.0,3.0,both
san_ramon,,,5332193,250,PREDNISOLONE 1% 5ML OS,638.0,478.5,both
san_ramon,,,5332193,637,PREDNISOLONE 1% 5ML OS,638.0,478.5,both
san_ramon,,,5316123,250,PREDNISOLONE 15/5 5ML LQ,109.0,81.75,both
san_ramon,,,5316123,637,PREDNISOLONE 15/5 5ML LQ,109.0,81.75,both
san_ramon,,,5316122,250,PREDNISOLONE 5/5 5ML LQ,48.0,36.0,both
san_ramon,,,5316122,637,PREDNISOLONE 5/5 5ML LQ,48.0,36.0,both
san_ramon,,,5309793,250,PREDNISONE 20MG TB,89.0,66.75,both
san_ramon,,,5309793,637,PREDNISONE 20MG TB,89.0,66.75,both
san_ramon,,,5309777,250,PREDNISONE PER 1MG TB,17.0,12.75,both
san_ramon,,,5309777,637,PREDNISONE PER 1MG TB,17.0,12.75,both
san_ramon,,,5309795,250,PREGABALIN 25MG CP,48.0,36.0,both
san_ramon,,,5309795,637,PREGABALIN 25MG CP,48.0,36.0,both
san_ramon,,,5309796,250,PREGABALIN 50MG CP,48.0,36.0,both
san_ramon,,,5309796,637,PREGABALIN 50MG CP,48.0,36.0,both
san_ramon,84140,CPT,7254140,300,PREGNENOLONE,26.23,19.67,both
san_ramon,,,8122172,276,PRESBYOPIA CORRECT FUNCT,5094.0,3820.5,both
san_ramon,,,8122173,276,PRESBYOPIA FUNCTION IOL,2209.0,1656.75,both
san_ramon,86970,CPT,7036213,300,PRETX RBC AB W/CHEM EA,49.5,37.13,both
san_ramon,86978,CPT,7036012,300,PRETX RBC EA ABSRP,66.3,49.73,both
san_ramon,86977,CPT,7036977,300,PRETX RBC S W/INHIB EA,56.1,42.08,both
san_ramon,,,5309809,250,PRIMAQUINE 26.3MG TB,34.0,25.5,both
san_ramon,,,5309809,637,PRIMAQUINE 26.3MG TB,34.0,25.5,both
san_ramon,,,5309824,250,PRIMIDONE 250MG TB,45.0,33.75,both
san_ramon,,,5309824,637,PRIMIDONE 250MG TB,45.0,33.75,both
san_ramon,,,5309820,250,PRIMIDONE 50MG TB,27.0,20.25,both
san_ramon,,,5309820,637,PRIMIDONE 50MG TB,27.0,20.25,both
san_ramon,,,1990005,111,PRIV ISOLATION,15672.0,11754.0,both
san_ramon,,,2010005,111,PRIV ISOLATION,15672.0,11754.0,both
san_ramon,,,2150005,111,PRIV ISOLATION,15672.0,11754.0,both
san_ramon,,,2320005,111,PRIV ISOLATION,15672.0,11754.0,both
san_ramon,,,1990043,112,PRIVATE OBSTETRICS,15998.0,11998.5,both
san_ramon,,,2500043,112,PRIVATE OBSTETRICS,15998.0,11998.5,both
san_ramon,,,1990001,111,PRIVATE ROOM,15730.0,11797.5,both
san_ramon,,,2010001,111,PRIVATE ROOM,15730.0,11797.5,both
san_ramon,,,2150001,111,PRIVATE ROOM,15730.0,11797.5,both
san_ramon,,,2320001,111,PRIVATE ROOM,15730.0,11797.5,both
san_ramon,,,2500001,111,PRIVATE ROOM,15730.0,11797.5,both
san_ramon,,,8176161,278,PROBE BIOROBOT HNDPC AQUABEAM,12511.0,9383.25,both
san_ramon,,,8240355,272,PROBE CRYOABLATION,7513.0,5634.75,both
san_ramon,,,5309847,250,PROBENECID 500MG TB,70.0,52.5,both
san_ramon,,,5309847,637,PROBENECID 500MG TB,70.0,52.5,both
san_ramon,,,5309901,250,PROCAINAMIDE 500MG XR TB,89.0,66.75,both
san_ramon,,,5309901,637,PROCAINAMIDE 500MG XR TB,89.0,66.75,both
san_ramon,,,5323678,250,PROCAINAMIDE UPTO 1GM IJ,668.0,501.0,both
san_ramon,,,5323678,636,PROCAINAMIDE UPTO 1GM IJ,668.0,501.0,both
san_ramon,84145,CPT,4108374,300,PROCALCITONIN,253.0,189.75,both
san_ramon,84145,CPT,4158374,300,PROCALCITONIN,253.0,189.75,both
san_ramon,84145,CPT,7258374,300,PROCALCITONIN,82.5,61.88,both
san_ramon,,,5323720,250,PROCHLORPERAZINE 10MG IJ,400.0,300.0,both
san_ramon,,,5323720,636,PROCHLORPERAZINE 10MG IJ,400.0,300.0,both
san_ramon,,,5309983,250,PROCHLORPERAZINE 10MG TB,60.0,45.0,both
san_ramon,,,5309983,637,PROCHLORPERAZINE 10MG TB,60.0,45.0,both
san_ramon,84144,CPT,4154144,300,PROGESTERONE,789.0,591.75,both
san_ramon,,,5310030,250,PROGESTERONE 100MG CP,44.0,33.0,both
san_ramon,,,5310030,637,PROGESTERONE 100MG CP,44.0,33.0,both
san_ramon,,,8240357,270,PROGRAMMER PT NEUROSTIM,10097.0,7572.75,both
san_ramon,84146,CPT,4104146,300,PROLACTIN,1861.0,1395.75,both
san_ramon,84146,CPT,4154146,300,PROLACTIN,1136.0,852.0,both
san_ramon,,,5316147,250,PROMETHAZIN/COD 5ML LQ,60.0,45.0,both
san_ramon,,,5316147,637,PROMETHAZIN/COD 5ML LQ,60.0,45.0,both
san_ramon,,,5338634,250,PROMETHAZINE 12.5MG SU,129.0,96.75,both
san_ramon,,,5338634,637,PROMETHAZINE 12.5MG SU,129.0,96.75,both
san_ramon,,,5338638,250,PROMETHAZINE 25MG SU,104.0,78.0,both
san_ramon,,,5338638,637,PROMETHAZINE 25MG SU,104.0,78.0,both
san_ramon,,,5310068,250,PROMETHAZINE 25MG TB,60.0,45.0,both
san_ramon,,,5310068,637,PROMETHAZINE 25MG TB,60.0,45.0,both
san_ramon,,,5323798,250,PROMETHAZINE UPTO50MG IJ,356.0,267.0,both
san_ramon,,,5323798,636,PROMETHAZINE UPTO50MG IJ,356.0,267.0,both
san_ramon,,,5310090,250,PROPAFENONE 150MG TB,89.0,66.75,both
san_ramon,,,5310090,637,PROPAFENONE 150MG TB,89.0,66.75,both
san_ramon,,,5310092,250,PROPAFENONE 225MG TB,126.0,94.5,both
san_ramon,,,5310092,637,PROPAFENONE 225MG TB,126.0,94.5,both
san_ramon,,,5310094,250,PROPAFENONE 325MG XR CP,102.0,76.5,both
san_ramon,,,5310094,637,PROPAFENONE 325MG XR CP,102.0,76.5,both
san_ramon,,,5332242,250,PROPARACAINE .5% 15ML OS,1172.0,879.0,both
san_ramon,,,5323852,250,PROPOFOL PER 10MG IJ,32.0,24.0,both
san_ramon,,,5323852,636,PROPOFOL PER 10MG IJ,32.0,24.0,both
san_ramon,,,5310199,250,PROPRANOLOL 10MG TB,45.0,33.75,both
san_ramon,,,5310199,637,PROPRANOLOL 10MG TB,45.0,33.75,both
san_ramon,,,5310201,250,PROPRANOLOL 20MG TB,58.0,43.5,both
san_ramon,,,5310201,637,PROPRANOLOL 20MG TB,58.0,43.5,both
san_ramon,,,5310203,250,PROPRANOLOL 40MG TB,60.0,45.0,both
san_ramon,,,5310203,637,PROPRANOLOL 40MG TB,60.0,45.0,both
san_ramon,,,5310208,250,PROPRANOLOL 60MG XR CP,72.0,54.0,both
san_ramon,,,5310208,637,PROPRANOLOL 60MG XR CP,72.0,54.0,both
san_ramon,,,5310207,250,PROPRANOLOL 80MG TB,77.0,57.75,both
san_ramon,,,5310207,637,PROPRANOLOL 80MG TB,77.0,57.75,both
san_ramon,,,5310210,250,PROPRANOLOL 80MG XR CP,80.0,60.0,both
san_ramon,,,5310210,637,PROPRANOLOL 80MG XR CP,80.0,60.0,both
san_ramon,,,5323819,250,PROPRANOLOL UPTO 1MG IJ,486.0,364.5,both
san_ramon,,,5323819,636,PROPRANOLOL UPTO 1MG IJ,486.0,364.5,both
san_ramon,,,8133306,274,PROS BK NONWT RGD DRSNG,4546.0,3409.5,both
san_ramon,,,8242871,278,PROS BRST MENTR SALINE,5630.0,4222.5,both
san_ramon,,,8242870,278,PROS BRST MENTR SILTX GL,8328.0,6246.0,both
san_ramon,,,8134204,278,PROS FEMORAL HEAD,5204.0,3903.0,both
san_ramon,,,8134280,278,PROS FINGER JNT,9652.0,7239.0,both
san_ramon,,,8134315,278,PROS HIP FEMSTE,16211.0,12158.25,both
san_ramon,,,8134355,278,PROS JNT SPEC,17545.0,13158.75,both
san_ramon,,,8134390,278,PROS KNE/PATELA,14774.0,11080.5,both
san_ramon,,,8240363,278,PROS PENILE INHIBIZONE/PRECONN,63244.0,47433.0,both
san_ramon,,,8134435,278,PROS RADIAL HEAD,15813.0,11859.75,both
san_ramon,,,8130236,278,PROS RADIAL STEM,18799.0,14099.25,both
san_ramon,,,8154180,278,PROS SHEET SILA,209.0,156.75,both
san_ramon,,,8134453,278,PROS STEM EXTENDER,9051.0,6788.25,both
san_ramon,,,8134490,278,PROS TOE GREAT,9677.0,7257.75,both
san_ramon,,,8134495,278,PROS TOE HAMMER,4022.0,3016.5,both
san_ramon,,,4154150,300,PROSTATE CANCER SCREEN,1043.0,782.25,both
san_ramon,,,4300416,310,PROSTATE NEEDLE BX,259.18,194.39,both
san_ramon,,,7180012,310,PROSTATE NEEDLE BX,222.76,167.07,both
san_ramon,,,5323870,250,PROTAMINE PER 10MG IJ,55.0,41.25,both
san_ramon,,,5323870,636,PROTAMINE PER 10MG IJ,55.0,41.25,both
san_ramon,85303,CPT,7255303,300,PROTEIN C ACTIVITY,48.22,36.17,both
san_ramon,85303,CPT,7255304,300,PROTEIN C ACTIVITY/2,14.1,10.58,both
san_ramon,85302,CPT,7255302,300,PROTEIN C ANTIGEN,7.0,5.25,both
san_ramon,85307,CPT,7255307,300,PROTEIN C RESIST,36.65,27.49,both
san_ramon,84166,CPT,4154175,300,PROTEIN ELCTRO OTHER FLUIDS,391.0,293.25,both
san_ramon,84166,CPT,7254167,300,PROTEIN ELCTRO OTHER FLUIDS,2.62,1.97,both
san_ramon,84166,CPT,4104175,300,PROTEIN ELCTRO OTHER FLUIDS/2,887.0,665.25,both
san_ramon,84165,CPT,7254165,300,PROTEIN ELCTRO SERUM,3.04,2.28,both
san_ramon,83883,CPT,7254179,300,PROTEIN RETINOL BINDING,21.0,15.75,both
san_ramon,85306,CPT,7255306,300,PROTEIN S FREE/2,33.29,24.97,both
san_ramon,85306,CPT,7255308,300,PROTEIN S FREE/3,12.22,9.17,both
san_ramon,85306,CPT,7256898,300,PROTEIN S FREE/4,16.0,12.0,both
san_ramon,85305,CPT,7255305,300,PROTEIN S TOTAL,19.0,14.25,both
san_ramon,84155,CPT,4104155,300,PROTEIN TOTAL,95.0,71.25,both
san_ramon,84155,CPT,4154155,300,PROTEIN TOTAL,47.0,35.25,both
san_ramon,84155,CPT,7254155,300,PROTEIN TOTAL,2.25,1.69,both
san_ramon,84157,CPT,4104196,300,PROTEIN TOTAL OTHER SOURCE/3,887.0,665.25,both
san_ramon,84157,CPT,4154196,300,PROTEIN TOTAL OTHER SOURCE/3,396.0,297.0,both
san_ramon,84156,CPT,4104156,300,PROTEIN URINE,99.0,74.25,both
san_ramon,84156,CPT,4154156,300,PROTEIN URINE,99.0,74.25,both
san_ramon,84156,CPT,7254157,300,PROTEIN URINE/2,3.96,2.97,both
san_ramon,84156,CPT,4104180,300,PROTEIN URINE/3,1086.0,814.5,both
san_ramon,84156,CPT,4154180,300,PROTEIN URINE/3,517.0,387.75,both
san_ramon,84156,CPT,7254180,300,PROTEIN URINE/4,3.33,2.5,both
san_ramon,83516,CPT,7253510,300,PROTEINASE ANTIBODY,6.0,4.5,both
san_ramon,,,5323877,250,PROTHROM COMPLX BALFAXAR 1U IJ,36.0,27.0,both
san_ramon,,,5323877,636,PROTHROM COMPLX BALFAXAR 1U IJ,36.0,27.0,both
san_ramon,,,5323876,250,PROTHROM COMPLX KCENTRA 1U IJ,17.0,12.75,both
san_ramon,,,5323876,636,PROTHROM COMPLX KCENTRA 1U IJ,17.0,12.75,both
san_ramon,85610,CPT,4105610,300,PROTHROMBIN TIME,925.0,693.75,both
san_ramon,85610,CPT,4155610,300,PROTHROMBIN TIME,424.0,318.0,both
san_ramon,85610,CPT,7255614,300,PROTHROMBIN TIME/2,3.03,2.27,both
san_ramon,86753,CPT,7256753,300,PROTOZOA AB NES/8,10.59,7.94,both
san_ramon,92938,CPT,4612938,480,PRQ REVASC BYP GRAFT ADDL,26090.0,19567.5,both
san_ramon,84154,CPT,7254200,300,PSA FREE,7.33,5.5,both
san_ramon,84153,CPT,4106316,300,PSA TOTAL,1458.0,1093.5,both
san_ramon,84153,CPT,4156316,300,PSA TOTAL,918.0,688.5,both
san_ramon,84153,CPT,7256316,300,PSA TOTAL,2.44,1.83,both
san_ramon,84153,CPT,7254153,300,PSA TOTAL/2,22.48,16.86,both
san_ramon,,,5310266,250,PSEUDOEPHED 30MG TB,33.0,24.75,both
san_ramon,,,5310266,637,PSEUDOEPHED 30MG TB,33.0,24.75,both
san_ramon,,,5316205,250,PSYLLIUM PK,60.0,45.0,both
san_ramon,,,5316205,637,PSYLLIUM PK,60.0,45.0,both
san_ramon,95992,CPT,5705992,420,PT CANALITH REPOS PROC BASIC,391.0,293.25,both
san_ramon,95992,CPT,5715992,420,PT CANALITH REPOS PROC BASIC,391.0,293.25,both
san_ramon,97034,CPT,5715278,420,PT CONTRAST BATH 15 BSC,222.0,166.5,both
san_ramon,,,5710283,420,PT E-STIM BASIC,325.0,243.75,both
san_ramon,97163,CPT,5705205,424,PT EVAL HIGH COMP,1069.0,801.75,both
san_ramon,97163,CPT,5715205,424,PT EVAL HIGH COMP,1069.0,801.75,both
san_ramon,97161,CPT,5705201,424,PT EVAL LOW COMP,667.0,500.25,both
san_ramon,97161,CPT,5715201,424,PT EVAL LOW COMP,667.0,500.25,both
san_ramon,97162,CPT,5705203,424,PT EVAL MOD COMP,918.0,688.5,both
san_ramon,97162,CPT,5715203,424,PT EVAL MOD COMP,918.0,688.5,both
san_ramon,97116,CPT,5705656,420,PT GAIT/STR TRN EA 15,541.0,405.75,both
san_ramon,97116,CPT,5715656,420,PT GAIT/STR TRN EA 15,541.0,405.75,both
san_ramon,97026,CPT,5715632,420,PT INFRARED BSC,238.0,178.5,both
san_ramon,97033,CPT,5715272,420,PT IONTOPHORESIS 15 BSC,373.0,279.75,both
san_ramon,97140,CPT,5705178,420,PT MANUAL THERAPY EA 15M,396.0,297.0,both
san_ramon,97140,CPT,5715178,420,PT MANUAL THERAPY EA 15M,396.0,297.0,both
san_ramon,97140,CPT,5715179,420,PT MANUAL THERAPY EA15#2,427.0,320.25,both
san_ramon,97012,CPT,5715600,420,PT MECH TRACTION BSC,303.0,227.25,both
san_ramon,97112,CPT,5705300,420,PT NEUROMUSC RE-ED EA15,288.0,216.0,both
san_ramon,97112,CPT,5715300,420,PT NEUROMUSC RE-ED EA15,288.0,216.0,both
san_ramon,97112,CPT,5705302,420,PT NEUROMUSC RE-ED EA15#,288.0,216.0,both
san_ramon,97112,CPT,5715302,420,PT NEUROMUSC RE-ED EA15#2,288.0,216.0,both
san_ramon,97018,CPT,5715248,420,PT PARAFFIN BATH BSC,249.0,186.75,both
san_ramon,97112,CPT,5705426,420,PT PED NEURO RE-ED EA15,288.0,216.0,both
san_ramon,97530,CPT,5705428,420,PT PED THER ACTIVITY EA1,546.0,409.5,both
san_ramon,97110,CPT,5705424,420,PT PED THERPTC EXER EA 1,523.0,392.25,both
san_ramon,97750,CPT,5715224,420,PT PHYS PERF TST 15MIN,185.0,138.75,both
san_ramon,97761,CPT,5707762,420,PT PROSTH TRN INIT EA 15MIN,209.0,156.75,both
san_ramon,97164,CPT,5705209,424,PT RE-EVAL,456.0,342.0,both
san_ramon,97164,CPT,5715209,424,PT RE-EVAL,456.0,342.0,both
san_ramon,97533,CPT,5707541,420,PT SENSORY INTERGRTN EA15M,175.0,131.25,both
san_ramon,97535,CPT,5705316,420,PT SLF CR/HM MGMT EA 15,547.0,410.25,both
san_ramon,97535,CPT,5705318,420,PT SLF CR/HM MGMT EA15#2,546.0,409.5,both
san_ramon,97110,CPT,5705296,420,PT THER EX EA 15,638.0,478.5,both
san_ramon,97110,CPT,5705298,420,PT THER EX EA 15 #2,523.0,392.25,both
san_ramon,97530,CPT,5705312,420,PT THERAPEUTC ACT EA 15,460.0,345.0,both
san_ramon,97530,CPT,5715312,420,PT THERAPEUTC ACT EA 15,460.0,345.0,both
san_ramon,97124,CPT,5715308,420,PT THERAPEUTC MASSG EA15,460.0,345.0,both
san_ramon,97110,CPT,5715298,420,PT THERAPEUTIC EXER EA15,523.0,392.25,both
san_ramon,97110,CPT,5715296,420,PT THERPTC EX EA15MIN #2,523.0,392.25,both
san_ramon,97124,CPT,5715310,420,PT THERPTC MASSG EA 15MIN #2,561.0,420.75,both
san_ramon,97110,CPT,5711600,420,PT TX TO 1 AREA AD15CAWC,694.0,520.5,both
san_ramon,97035,CPT,5705284,420,PT US EA 15 BSC,261.0,195.75,both
san_ramon,97035,CPT,5715284,420,PT US EA 15 BSC,261.0,195.75,both
san_ramon,97545,CPT,5715360,420,PT WK HRD/COND INIT 2 HR,1364.0,1023.0,both
san_ramon,,,4024619,278,PTCH H VENTRALX LC STRP,4291.0,3218.25,both
san_ramon,,,8144163,278,PTCH HERNIA OVAL 1,2045.0,1533.75,both
san_ramon,83519,CPT,7259381,300,PTH ANTIBODY/2,14.66,11.0,both
san_ramon,85730,CPT,7255730,300,PTT,3.86,2.9,both
san_ramon,85732,CPT,7255732,300,PTT SUB EA FRACTION,45.0,33.75,both
san_ramon,85732,CPT,7252732,300,PTT SUB EA FRACTION/2,16.29,12.22,both
san_ramon,85732,CPT,7255617,300,PTT SUB EA FRACTION/3,8.72,6.54,both
san_ramon,85730,CPT,4105730,300,PTT/2,1075.0,806.25,both
san_ramon,85730,CPT,4155730,300,PTT/2,507.0,380.25,both
san_ramon,85730,CPT,7255003,300,PTT/2,45.0,33.75,both
san_ramon,94618,CPT,5504618,460,PULMONARY STRESS TST,4898.0,3673.5,both
san_ramon,94760,CPT,5502205,460,PULSE OX SINGLE,266.0,199.5,both
san_ramon,94761,CPT,5504761,460,PULSE OXIM MULT DETRM,1555.0,1166.25,both
san_ramon,94762,CPT,5504762,460,PULSE OXIMTRY CONTINUOUS,1445.0,1083.75,both
san_ramon,,,6901109,360,PUNCH BX SKIN EA SEP/ADDL,900.0,675.0,both
san_ramon,,,6901109,361,PUNCH BX SKIN EA SEP/ADDL,900.0,675.0,both
san_ramon,,,6901104,360,PUNCH BX SKIN SINGLE LESION,2142.0,1606.5,both
san_ramon,,,6901104,361,PUNCH BX SKIN SINGLE LESION,2142.0,1606.5,both
san_ramon,,,4611070,360,PUNCT SHUNT TB/RESERV,3424.0,2568.0,both
san_ramon,,,4024264,250,PURAPLY AM PER SQ CM,578.0,433.5,both
san_ramon,,,4024264,636,PURAPLY AM PER SQ CM,578.0,433.5,both
san_ramon,,,4024641,250,PURAPLY XT EF PER SQ CM,633.0,474.75,both
san_ramon,,,4024641,636,PURAPLY XT EF PER SQ CM,633.0,474.75,both
san_ramon,,,4014499,278,PUTTY OP-1 BMP7,44009.0,33006.75,both
san_ramon,,,4014500,278,PUTTY OP1 BMP7 3.5MG,53881.0,40410.75,both
san_ramon,,,5310295,250,PYRAZINAMIDE 500MG TB,148.0,111.0,both
san_ramon,,,5310295,637,PYRAZINAMIDE 500MG TB,148.0,111.0,both
san_ramon,,,5310297,250,PYRIDOSTIGMINE 60MG TB,53.0,39.75,both
san_ramon,,,5310297,637,PYRIDOSTIGMINE 60MG TB,53.0,39.75,both
san_ramon,,,5310328,250,PYRIDOXINE 50MG TB,4.0,3.0,both
san_ramon,,,5310328,637,PYRIDOXINE 50MG TB,4.0,3.0,both
san_ramon,84207,CPT,7254207,300,PYRIDOXL PHOSPH VIT B6,7.25,5.44,both
san_ramon,86638,CPT,7256541,300,Q FEVER AB,13.64,10.23,both
san_ramon,78835,CPT,5208834,340,QUAN MEASURE SNGL AREA,1160.0,870.0,both
san_ramon,,,5310371,250,QUETIAPINE 100MG TB,89.0,66.75,both
san_ramon,,,5310371,637,QUETIAPINE 100MG TB,89.0,66.75,both
san_ramon,,,5310370,250,QUETIAPINE 25MG TB,53.0,39.75,both
san_ramon,,,5310370,637,QUETIAPINE 25MG TB,53.0,39.75,both
san_ramon,90375,CPT,5323970,250,RABIES IG IM/SC 150U IJ,2361.0,1770.75,both
san_ramon,90375,CPT,5323970,636,RABIES IG IM/SC 150U IJ,2361.0,1770.75,both
san_ramon,90675,CPT,5323974,250,RABIES VACCINE IM IJ,2619.0,1964.25,both
san_ramon,90675,CPT,5323974,636,RABIES VACCINE IM IJ,2619.0,1964.25,both
san_ramon,70370,CPT,4900370,320,RAD EXM PHARYNX/LARYNX,510.0,382.5,both
san_ramon,,,5310487,250,RALOXIFENE 60MG TB,89.0,66.75,both
san_ramon,,,5310487,637,RALOXIFENE 60MG TB,89.0,66.75,both
san_ramon,,,5310519,250,RANOLAZINE 500MG SPRK CP,62.0,46.5,both
san_ramon,,,5310519,637,RANOLAZINE 500MG SPRK CP,62.0,46.5,both
san_ramon,,,5310520,250,RANOLAZINE 500MG XR TB,80.0,60.0,both
san_ramon,,,5310520,637,RANOLAZINE 500MG XR TB,80.0,60.0,both
san_ramon,,,5310525,250,RASAGILINE 1MG TB,246.0,184.5,both
san_ramon,,,5310525,637,RASAGILINE 1MG TB,246.0,184.5,both
san_ramon,,,5323996,250,RASBURICASE PER .5MG IJ,1928.0,1446.0,both
san_ramon,,,5323996,636,RASBURICASE PER .5MG IJ,1928.0,1446.0,both
san_ramon,,,9970001,990,RATE ADJUSTMENT - ATB,0.01,0.01,both
san_ramon,86905,CPT,4106095,300,RBC AG EXCPT ABO/RHO EA,1867.0,1400.25,both
san_ramon,86905,CPT,4156095,300,RBC AG EXCPT ABO/RHO EA,325.0,243.75,both
san_ramon,86905,CPT,7036095,300,RBC AG EXCPT ABO/RHO EA,43.0,32.25,both
san_ramon,86860,CPT,7036019,300,RBC ANTIBDY ELUTION EACH,61.2,45.9,both
san_ramon,86850,CPT,4106016,300,RBC ANTIBODIES SCREEN,1074.0,805.5,both
san_ramon,86850,CPT,4156016,300,RBC ANTIBODIES SCREEN,554.0,415.5,both
san_ramon,86850,CPT,7036016,300,RBC ANTIBODIES SCREEN,39.78,29.84,both
san_ramon,85041,CPT,7255041,300,RBC AUTO,3.0,2.25,both
san_ramon,,,4509608,399,RBC AUTOLOGOUS,1200.0,900.0,both
san_ramon,,,4506023,399,RBC LEUKORED IRRAD,895.0,671.25,both
san_ramon,,,3219022,399,RBC WASHED AUTO,4938.0,3703.5,both
san_ramon,,,3309022,399,RBC WASHED AUTO,4468.0,3351.0,both
san_ramon,,,3213573,360,RBTCS DAVN LVL II EA 15 MIN,5357.0,4017.75,both
san_ramon,,,3213572,360,RBTCS DAVN LVL II INT 30 MIN,11496.0,8622.0,both
san_ramon,,,3213575,360,RBTCS DAVN LVL III EA 15 MIN,5243.0,3932.25,both
san_ramon,,,3213574,360,RBTCS DAVN LVL III INT 30 MIN,12908.0,9681.0,both
san_ramon,,,3213577,360,RBTCS DAVN LVL IV EA 15 MIN,7061.0,5295.75,both
san_ramon,,,3213576,360,RBTCS DAVN LVL IV INT 30 MIN,17407.0,13055.25,both
san_ramon,,,3213561,360,RBTCS MAKO LVL II EA 15 MIN,5357.0,4017.75,both
san_ramon,,,3213560,360,RBTCS MAKO LVL II INT 30 MIN,11496.0,8622.0,both
san_ramon,,,3213563,360,RBTCS MAKO LVL III EA 15 MIN,5243.0,3932.25,both
san_ramon,,,3213562,360,RBTCS MAKO LVL III INT 30 MIN,12908.0,9681.0,both
san_ramon,,,3213565,360,RBTCS MAKO LVL IV EA 15 MIN,7061.0,5295.75,both
san_ramon,,,3213564,360,RBTCS MAKO LVL IV INT 30 MIN,17407.0,13055.25,both
san_ramon,84238,CPT,7254451,300,RECEPT ASSAY NON-ENDOCRN/2,11.4,8.55,both
san_ramon,84238,CPT,7254452,300,RECEPT ASSAY NON-ENDOCRN/3,40.73,30.55,both
san_ramon,84238,CPT,7254453,300,RECEPT ASSAY NON-ENDOCRN/4,65.16,48.87,both
san_ramon,84238,CPT,7258443,300,RECEPT ASSAY NON-ENDOCRN/7,24.44,18.33,both
san_ramon,,,3503571,710,RECOVERY EA ADD 15 MIN,1339.0,1004.25,both
san_ramon,,,3223571,710,RECOVERY EA ADDL 15 MIN,1339.0,1004.25,both
san_ramon,,,3223570,710,RECOVERY INIT 30 MIN,4816.0,3612.0,both
san_ramon,,,3503570,710,RECOVERY INIT 30 MIN,4154.0,3115.5,both
san_ramon,,,5323992,250,REGADENOSON PER 0.1MG IJ,536.0,402.0,both
san_ramon,,,5323992,636,REGADENOSON PER 0.1MG IJ,536.0,402.0,both
san_ramon,,,4617193,360,REM ENDO VENA CAVA FILTR,12575.0,9431.25,both
san_ramon,,,4612503,360,REM PCMKR PULS GEN ONLY,31295.0,23471.25,both
san_ramon,,,4612500,360,REM PCMKR TRAN ELCT DUAL,19834.0,14875.5,both
san_ramon,,,4612515,360,REM TRANSV PM ELCTD SNGL,19834.0,14875.5,both
san_ramon,,,4610024,360,REM TUNNLD PLEURL CATH,11307.0,8480.25,both
san_ramon,,,4616263,360,REM/REPL AICD DUAL LD,126629.0,94971.75,both
san_ramon,,,4616264,360,REM/REPL AICD MULT LD,87885.0,65913.75,both
san_ramon,,,4613262,360,REM/REPL AICD SINGL LD,79979.0,59984.25,both
san_ramon,,,4613228,360,REM/REPL PM GEN DUAL LD,30263.0,22697.25,both
san_ramon,,,4613227,360,REM/REPL PM GEN SGL LD,29252.0,21939.0,both
san_ramon,,,4613229,360,REM/REPL PM MULT LDS,33792.0,25344.0,both
san_ramon,,,5324000,250,REMDESIVIR PER 1MG IJ,39.47,29.6,both
san_ramon,,,5324000,636,REMDESIVIR PER 1MG IJ,39.47,29.6,both
san_ramon,,,5327960,250,REMIFENTANIL 1MG/3ML IJ,730.0,547.5,both
san_ramon,,,6900034,360,REMOVAL OF NAIL BED,4753.0,3564.75,both
san_ramon,,,6900034,361,REMOVAL OF NAIL BED,4753.0,3564.75,both
san_ramon,,,4610008,360,REMOVAL SS DFB ELECTRODE,35663.0,26747.25,both
san_ramon,,,4617537,360,REMOVE BILI DRAIN CATH,8703.0,6527.25,both
san_ramon,74235,CPT,4904235,320,REMOVE FB W/FLUORO,2572.0,1929.0,both
san_ramon,,,6900121,360,REMOVE FOREIGN BODY COMPLEX,3417.0,2562.75,both
san_ramon,,,6900121,361,REMOVE FOREIGN BODY COMPLEX,3417.0,2562.75,both
san_ramon,,,6900032,360,REMOVE NAIL PLATE ADD-ON,789.0,591.75,both
san_ramon,,,6900032,361,REMOVE NAIL PLATE ADD-ON,789.0,591.75,both
san_ramon,,,6900033,360,REMOVE SINGLE NAIL PLATE,2193.0,1644.75,both
san_ramon,,,6900033,361,REMOVE SINGLE NAIL PLATE,2193.0,1644.75,both
san_ramon,,,4616589,360,REMV TUNL CVC WO PMP/PRT,4825.0,3618.75,both
san_ramon,,,4610389,360,REMVE RENL TUBE W/FLUORO,4263.0,3197.25,both
san_ramon,84244,CPT,7258424,300,RENIN,5.0,3.75,both
san_ramon,,,5310554,250,REPAGLINIDE 2MG TB,15.0,11.25,both
san_ramon,,,5310554,637,REPAGLINIDE 2MG TB,15.0,11.25,both
san_ramon,,,4616576,360,REPAIR CVAD W SQ PUMP,11874.0,8905.5,both
san_ramon,,,4619451,360,REPL DUODEN TUBE W/FLUOR,4282.0,3211.5,both
san_ramon,,,4619450,360,REPL GASTRO TUBE W/FLUOR,2361.0,1770.75,both
san_ramon,,,4619452,360,REPL J-TUBE W/FLUOR,4282.0,3211.5,both
san_ramon,,,4616581,360,REPLACE TUNNELED CV CATH,6140.0,4605.0,both
san_ramon,,,4610396,360,REPOS GI TUBE THRU DUODN,4064.0,3048.0,both
san_ramon,,,4614241,360,REPOSITN CV CATH W/FLURO,3652.0,2739.0,both
san_ramon,,,4613215,360,REPS TRNSV LD RT ATR/VNT,17154.0,12865.5,both
san_ramon,,,8155033,278,RESERV CLOVERLEAF TITAN,21379.0,16034.25,both
san_ramon,87633,CPT,7257633,300,RESP VIRUS 12-25 AMP PROBE,148.0,111.0,both
san_ramon,87631,CPT,4107631,300,RESP VIRUS 3-5 AMP PROBE,689.0,516.75,both
san_ramon,87807,CPT,7250025,300,RESPI SYNC VIRUS DIR OPT,20.36,15.27,both
san_ramon,85045,CPT,4105045,300,RETICULOCYTE COUNT AUTO,958.0,718.5,both
san_ramon,85045,CPT,4155045,300,RETICULOCYTE COUNT AUTO,533.0,399.75,both
san_ramon,92944,CPT,4612944,480,REVAS PERC TRANS OCC ADD,35646.0,26734.5,both
san_ramon,92941,CPT,4612941,480,REVAS PERC TRANS OCCL MI,171767.0,128825.25,both
san_ramon,92937,CPT,4612937,480,REVAS PERC TRANS SGL VES,137032.0,102774.0,both
san_ramon,92943,CPT,4612943,480,REVAS PERC TRANS TOT OCC,61697.0,46272.75,both
san_ramon,,,4610235,360,REVASC FEMPOP STNT ATHER,78496.0,58872.0,both
san_ramon,,,4610233,360,REVASC FEMPOP W/ATHER,49134.0,36850.5,both
san_ramon,,,4610231,360,REVASC FEMPOP W/STENT,26037.0,19527.75,both
san_ramon,,,4610229,360,REVASC FEMPOP W/TLA,30222.0,22666.5,both
san_ramon,,,4610223,360,REVASC ILIAC ADD ON,74234.0,55675.5,both
san_ramon,,,4610221,360,REVASC ILIAC INITIAL,31668.0,23751.0,both
san_ramon,,,4610225,360,REVASC ILIAC W/STENT,139719.0,104789.25,both
san_ramon,,,4610239,360,REVASC TIB PER ADD ON,27225.0,20418.75,both
san_ramon,,,4610241,360,REVASC TIBPER W/ATHER,51605.0,38703.75,both
san_ramon,,,4610245,360,REVASC TIBPER W/STENT,57712.0,43284.0,both
san_ramon,,,4610237,360,REVASC TIBPER W/TLA,29051.0,21788.25,both
san_ramon,84482,CPT,7254905,300,REVERSE T3,5.7,4.28,both
san_ramon,86431,CPT,7256432,300,RHEUMATOID FACTOR QUANT,3.0,2.25,both
san_ramon,,,5321354,250,RHO(D) IG IV PER100U IJ,313.0,234.75,both
san_ramon,,,5321354,636,RHO(D) IG IV PER100U IJ,313.0,234.75,both
san_ramon,,,5324010,250,RHO(D) IG PER 300MCG IJ,1521.0,1140.75,both
san_ramon,,,5324010,636,RHO(D) IG PER 300MCG IJ,1521.0,1140.75,both
san_ramon,93041,CPT,4603040,730,RHYTHM EKG,1268.0,951.0,both
san_ramon,84252,CPT,7254252,300,RIBOFLAVIN(VITAMIN B2),7.75,5.81,both
san_ramon,71111,CPT,4901111,320,RIBS BI 4V MIN W/PA CXR,3696.0,2772.0,both
san_ramon,71110,CPT,4901110,320,RIBS BILAT 3VW MIN,3019.0,2264.25,both
san_ramon,71101,CPT,4901101,320,RIBS UNI 3V MIN W/PA CXR,4467.0,3350.25,both
san_ramon,71100,CPT,4901100,320,RIBS UNILAT 2VW,2349.0,1761.75,both
san_ramon,86757,CPT,7256437,300,RICKETTSIA AB/2,8.98,6.74,both
san_ramon,86757,CPT,7256439,300,RICKETTSIA AB/3,14.66,11.0,both
san_ramon,,,5310636,250,RIFAMPIN 150MG CP,47.0,35.25,both
san_ramon,,,5310636,637,RIFAMPIN 150MG CP,47.0,35.25,both
san_ramon,,,5310637,250,RIFAMPIN 300MG CP,136.0,102.0,both
san_ramon,,,5310637,637,RIFAMPIN 300MG CP,136.0,102.0,both
san_ramon,,,5310625,250,RIFAXIMIN 200MG TB,153.0,114.75,both
san_ramon,,,5310625,637,RIFAXIMIN 200MG TB,153.0,114.75,both
san_ramon,,,5310626,250,RIFAXIMIN 550 MG TB,351.0,263.25,both
san_ramon,,,5310626,637,RIFAXIMIN 550 MG TB,351.0,263.25,both
san_ramon,99281,CPT,6100498,450,RIGHT CARE RIGHT PLACE,973.0,729.75,both
san_ramon,,,5310628,250,RILPIVIRINE 25MG TB,308.0,231.0,both
san_ramon,,,5310628,637,RILPIVIRINE 25MG TB,308.0,231.0,both
san_ramon,,,8123700,278,RING CAPSULAR TENSION,1318.0,988.5,both
san_ramon,,,5300649,250,RISPERIDONE 0.5MG TB,89.0,66.75,both
san_ramon,,,5300649,637,RISPERIDONE 0.5MG TB,89.0,66.75,both
san_ramon,,,5310651,250,RISPERIDONE 1MG TB,187.0,140.25,both
san_ramon,,,5310651,637,RISPERIDONE 1MG TB,187.0,140.25,both
san_ramon,,,5310639,250,RITONAVIR 100 MG TB,213.0,159.75,both
san_ramon,,,5310639,637,RITONAVIR 100 MG TB,213.0,159.75,both
san_ramon,,,5324007,250,RITUXIMAB PER 10MG IJ,980.0,735.0,both
san_ramon,,,5324007,636,RITUXIMAB PER 10MG IJ,980.0,735.0,both
san_ramon,,,5324002,250,RITUXIMAB-ABBS PER 10MG IJ,840.0,630.0,both
san_ramon,,,5324002,636,RITUXIMAB-ABBS PER 10MG IJ,840.0,630.0,both
san_ramon,80375,CPT,7252576,300,RIVAROXABAN,33.0,24.75,both
san_ramon,,,5310640,250,RIVAROXABAN 10MG TB,153.0,114.75,both
san_ramon,,,5310640,637,RIVAROXABAN 10MG TB,153.0,114.75,both
san_ramon,,,5310632,250,RIVAROXABAN 15MG TB,215.0,161.25,both
san_ramon,,,5310632,637,RIVAROXABAN 15MG TB,215.0,161.25,both
san_ramon,,,5310624,250,RIVAROXABAN 2.5MG TB,81.0,60.75,both
san_ramon,,,5310624,637,RIVAROXABAN 2.5MG TB,81.0,60.75,both
san_ramon,,,5310638,250,RIVAROXABAN 20MG TB,181.0,135.75,both
san_ramon,,,5310638,637,RIVAROXABAN 20MG TB,181.0,135.75,both
san_ramon,,,5310665,250,RIVASTIGMINE 1.5MG CP,76.0,57.0,both
san_ramon,,,5310665,637,RIVASTIGMINE 1.5MG CP,76.0,57.0,both
san_ramon,,,5310666,250,RIVASTIGMINE 3MG CP,114.0,85.5,both
san_ramon,,,5310666,637,RIVASTIGMINE 3MG CP,114.0,85.5,both
san_ramon,,,5338009,250,RIVASTIGMINE 4.6MG TD,168.0,126.0,both
san_ramon,,,5338009,637,RIVASTIGMINE 4.6MG TD,168.0,126.0,both
san_ramon,,,5338010,250,RIVASTIGMINE 9.5MG TD,201.0,150.75,both
san_ramon,,,5338010,637,RIVASTIGMINE 9.5MG TD,201.0,150.75,both
san_ramon,,,6909893,360,RMV IMPACTED EAR WAX UNI,521.0,390.75,both
san_ramon,,,6909893,361,RMV IMPACTED EAR WAX UNI,521.0,390.75,both
san_ramon,,,4616590,360,RMV TUNLD CVAD W SQ PORT,4989.0,3741.75,both
san_ramon,,,4610009,360,RMVL SS IMPL DFB PG ONLY,35663.0,26747.25,both
san_ramon,,,4613273,360,RMVL SUBQ CAR RHYTHM MNTR,4078.0,3058.5,both
san_ramon,,,5324025,250,ROCURONIUM10MG/1ML 5MLIJ,718.0,538.5,both
san_ramon,,,5324024,250,ROCURONIUM10MG/1ML10MLIJ,1221.0,915.75,both
san_ramon,,,5310641,250,ROFLUMILAST 500MCG TB,132.0,99.0,both
san_ramon,,,5310641,637,ROFLUMILAST 500MCG TB,132.0,99.0,both
san_ramon,,,5310675,250,ROPINIROLE 0.25MG TB,36.0,27.0,both
san_ramon,,,5310675,637,ROPINIROLE 0.25MG TB,36.0,27.0,both
san_ramon,,,5310676,250,ROPINIROLE 0.5MG TB,65.0,48.75,both
san_ramon,,,5310676,637,ROPINIROLE 0.5MG TB,65.0,48.75,both
san_ramon,,,5310677,250,ROPINIROLE 1MG TB,45.0,33.75,both
san_ramon,,,5310677,637,ROPINIROLE 1MG TB,45.0,33.75,both
san_ramon,,,5324033,250,ROPIV 0.2% PMP 500ML IJ,4106.0,3079.5,both
san_ramon,,,5324034,250,ROPIV 0.2% PMP 550ML IJ,1970.0,1477.5,both
san_ramon,,,5324065,250,ROPIV 0.2% PMP 750ML IJ,2073.0,1554.75,both
san_ramon,,,5324052,250,ROPIVACAINE PER 1MG IJ,2.0,1.5,both
san_ramon,,,5324052,636,ROPIVACAINE PER 1MG IJ,2.0,1.5,both
san_ramon,,,5324053,250,ROPIVACAINE PER1MG PMXIJ,2.0,1.5,both
san_ramon,,,5324053,636,ROPIVACAINE PER1MG PMXIJ,2.0,1.5,both
san_ramon,,,5310693,250,ROSUVASTATIN 10MG TB,97.0,72.75,both
san_ramon,,,5310693,637,ROSUVASTATIN 10MG TB,97.0,72.75,both
san_ramon,,,5310694,250,ROSUVASTATIN 20MG TB,145.0,108.75,both
san_ramon,,,5310694,637,ROSUVASTATIN 20MG TB,145.0,108.75,both
san_ramon,87425,CPT,4104252,300,ROTAVIRUS IA,400.0,300.0,both
san_ramon,87425,CPT,4154252,300,ROTAVIRUS IA,240.0,180.0,both
san_ramon,,,4616584,360,RPLC PICC NO PRT/PMP W/IMG,6128.0,4596.0,both
san_ramon,,,4616582,360,RPLC TUNNL CVAD W PORT,9008.0,6756.0,both
san_ramon,87634,CPT,7257632,300,RSV AMP PROBE,47.0,35.25,both
san_ramon,87420,CPT,4106414,300,RSV IA,386.0,289.5,both
san_ramon,87420,CPT,4156414,300,RSV IA,485.0,363.75,both
san_ramon,86762,CPT,7256762,300,RUBELLA AB/3,2.44,1.83,both
san_ramon,86765,CPT,7256715,300,RUBEOLA AB,2.85,2.14,both
san_ramon,86765,CPT,7256765,300,RUBEOLA AB/2,7.49,5.62,both
san_ramon,85613,CPT,7255613,300,RUSSL VIPR VEN TIME DIL,18.0,13.5,both
san_ramon,85613,CPT,7255615,300,RUSSL VIPR VEN TIME DIL/2,4.42,3.32,both
san_ramon,85613,CPT,7255618,300,RUSSL VIPR VEN TIME DIL/3,45.0,33.75,both
san_ramon,85613,CPT,7255620,300,RUSSL VIPR VEN TIME DIL/5,45.0,33.75,both
san_ramon,72202,CPT,4902202,320,SACROILIAC JOINTS 3 VWS,2188.0,1641.0,both
san_ramon,72220,CPT,4902220,320,SACRUM COCCYX 2 VWS,2838.0,2128.5,both
san_ramon,,,5310707,250,SACUBIT/VALSAR 24-26MGTB,141.0,105.75,both
san_ramon,,,5310707,637,SACUBIT/VALSAR 24-26MGTB,141.0,105.75,both
san_ramon,,,5310708,250,SACUBIT/VALSAR 49-51MGTB,142.0,106.5,both
san_ramon,,,5310708,637,SACUBIT/VALSAR 49-51MGTB,142.0,106.5,both
san_ramon,,,5316261,250,SALIVA SUBST 30ML LQ,147.0,110.25,both
san_ramon,,,5316261,637,SALIVA SUBST 30ML LQ,147.0,110.25,both
san_ramon,,,5326263,250,SALIVA SUBST 45ML LQ,86.0,64.5,both
san_ramon,,,5326263,637,SALIVA SUBST 45ML LQ,86.0,64.5,both
san_ramon,,,5316265,250,SALIVA SUBST MWASH 240ML,51.0,38.25,both
san_ramon,,,5316265,637,SALIVA SUBST MWASH 240ML,51.0,38.25,both
san_ramon,,,5327965,250,SARILUMAB 200MG/1.14ML SQ IJ,9172.0,6879.0,both
san_ramon,,,5327965,637,SARILUMAB 200MG/1.14ML SQ IJ,9172.0,6879.0,both
san_ramon,87426,CPT,4150009,300,SARSCOV IA ANTIGEN,136.0,102.0,both
san_ramon,87637,CPT,4100374,300,SARSCOV2/A&B/RSV AMP PRB,713.0,534.75,both
san_ramon,87636,CPT,4100373,300,SARSCOV2/FLU A&B AMP PRB,727.0,545.25,both
san_ramon,93990,CPT,5067160,921,SCAN HEMODIALYSIS ACCESS,2006.0,1504.5,both
san_ramon,73010,CPT,4903010,320,SCAPULA COMPLETE,1801.0,1350.75,both
san_ramon,,,4619185,360,SCLEROTHERAPY FLUID COLL,6801.0,5100.75,both
san_ramon,,,5337253,250,SCOPOLAMINE1.5MG72HR TD,159.0,119.25,both
san_ramon,,,5337253,637,SCOPOLAMINE1.5MG72HR TD,159.0,119.25,both
san_ramon,77063,CPT,3077063,403,SCREEN TOMO BILAT,180.0,135.0,both
san_ramon,,,8136031,278,SCREW CANN,3008.0,2256.0,both
san_ramon,,,8136069,278,SCREW CORTX,855.0,641.25,both
san_ramon,,,4013105,278,SCREW HIP BONE STRYKER CL,584.0,438.0,both
san_ramon,,,4013435,278,SCREW LOCKING NON LCKNG DJO CL,815.0,611.25,both
san_ramon,77067,CPT,3070202,403,SCRN MAMMO+CAD BILAT,913.0,684.75,both
san_ramon,,,8136005,278,SCRW BN,1800.0,1350.0,both
san_ramon,,,8136006,278,SCRW BN,386.0,289.5,both
san_ramon,,,8136030,278,SCRW CANN,1289.0,966.75,both
san_ramon,,,8136032,278,SCRW CANN F THREAD,2650.0,1987.5,both
san_ramon,,,8136050,278,SCRW COMPRESS,2983.0,2237.25,both
san_ramon,,,8136071,278,SCRW CORTICAL,1816.0,1362.0,both
san_ramon,,,8136067,278,SCRW CORTX,3014.0,2260.5,both
san_ramon,,,8136076,278,SCRW DISTRACTION,813.0,609.75,both
san_ramon,,,8136090,278,SCRW E CORTX,968.0,726.0,both
san_ramon,,,8136115,278,SCRW E SCHANZ,1316.0,987.0,both
san_ramon,,,8132806,278,SCRW HEADLESS,4458.0,3343.5,both
san_ramon,,,8136170,278,SCRW HIP CMP LAG,6059.0,4544.25,both
san_ramon,,,8136180,278,SCRW HIP LAG,3188.0,2391.0,both
san_ramon,,,8034015,278,SCRW INTERFEREN,4167.0,3125.25,both
san_ramon,,,8136201,278,SCRW LOCK MINIBUNION VARIES,1906.0,1429.5,both
san_ramon,,,4013033,278,SCRW LOCK NON-LCK STRYKER CL,475.0,356.25,both
san_ramon,,,4012943,278,SCRW LOCK NON-LCK ZIMMER CL,829.0,621.75,both
san_ramon,,,4013516,278,SCRW LOCKG/NONLCKNG TORNIER CL,544.0,408.0,both
san_ramon,,,8136196,278,SCRW LOCKING,1237.0,927.75,both
san_ramon,,,8136205,278,SCRW MINI FRAG,746.0,559.5,both
san_ramon,,,8136209,278,SCRW NON LOCK MINIBUNION VAR,1469.0,1101.75,both
san_ramon,,,8136223,278,SCRW POLYAXIAL,1757.0,1317.75,both
san_ramon,,,8136280,278,SCRW TITAN,2137.0,1602.75,both
san_ramon,85651,CPT,4105651,300,SEDIMENTN RATE-NON-AUTO,927.0,695.25,both
san_ramon,85651,CPT,4155651,300,SEDIMENTN RATE-NON-AUTO,459.0,344.25,both
san_ramon,97597,CPT,6907597,761,SEL DEB 1ST 20CM OR LESS,1926.0,1444.5,both
san_ramon,97598,CPT,6907598,761,SEL DEB EAADD UPTO 20CM,1050.0,787.5,both
san_ramon,,,5310719,250,SELEGILINE 5MG CP,206.0,154.5,both
san_ramon,,,5310719,637,SELEGILINE 5MG CP,206.0,154.5,both
san_ramon,,,5310720,250,SELEGILINE 5MG TB,206.0,154.5,both
san_ramon,,,5310720,637,SELEGILINE 5MG TB,206.0,154.5,both
san_ramon,84255,CPT,7254255,300,SELENIUM,28.51,21.38,both
san_ramon,70240,CPT,4900240,320,SELLA TURCICA,504.0,378.0,both
san_ramon,89310,CPT,4159310,300,SEMEN MOTILITY & COUNT,222.0,166.5,both
san_ramon,,,1990044,122,SEMI-PRIVATE OBSTETRICS,12709.0,9531.75,both
san_ramon,,,2500044,122,SEMI-PRIVATE OBSTETRICS,12709.0,9531.75,both
san_ramon,,,1990002,120,SEMI-PRIVATE ROOM,15454.0,11590.5,both
san_ramon,,,2010002,120,SEMI-PRIVATE ROOM,15454.0,11590.5,both
san_ramon,,,2120002,120,SEMI-PRIVATE ROOM,15454.0,11590.5,both
san_ramon,,,2150002,120,SEMI-PRIVATE ROOM,15454.0,11590.5,both
san_ramon,,,2230002,120,SEMI-PRIVATE ROOM,15454.0,11590.5,both
san_ramon,,,2320002,120,SEMI-PRIVATE ROOM,15454.0,11590.5,both
san_ramon,,,2500002,120,SEMI-PRIVATE ROOM,15454.0,11590.5,both
san_ramon,,,5310755,250,SENNA 8.6MG TB,3.0,2.25,both
san_ramon,,,5310755,637,SENNA 8.6MG TB,3.0,2.25,both
san_ramon,87181,CPT,4107198,300,SENSITIVITY ANTBDY AGAR/2,104.0,78.0,both
san_ramon,87181,CPT,4157198,300,SENSITIVITY ANTBDY AGAR/2,89.0,66.75,both
san_ramon,84260,CPT,7254260,300,SEROTONIN,12.22,9.17,both
san_ramon,81332,CPT,7259212,310,SERPINA1 COMMON VARIANTS,162.9,122.18,both
san_ramon,,,5310761,250,SERTRALINE 100MG TB,89.0,66.75,both
san_ramon,,,5310761,637,SERTRALINE 100MG TB,89.0,66.75,both
san_ramon,,,5310759,250,SERTRALINE 25MG TB,24.0,18.0,both
san_ramon,,,5310759,637,SERTRALINE 25MG TB,24.0,18.0,both
san_ramon,,,5310760,250,SERTRALINE 50MG TB,126.0,94.5,both
san_ramon,,,5310760,637,SERTRALINE 50MG TB,126.0,94.5,both
san_ramon,,,5316317,250,SEVELAMER 0.8GM PW LQ,182.0,136.5,both
san_ramon,,,5316317,637,SEVELAMER 0.8GM PW LQ,182.0,136.5,both
san_ramon,,,5316316,250,SEVELAMER 2.4GM PW LQ,233.0,174.75,both
san_ramon,,,5316316,637,SEVELAMER 2.4GM PW LQ,233.0,174.75,both
san_ramon,,,5310764,250,SEVELAMER 800MG TB,33.0,24.75,both
san_ramon,,,5310764,637,SEVELAMER 800MG TB,33.0,24.75,both
san_ramon,,,5310765,250,SEVELAMER CARB 800MG TB,92.0,69.0,both
san_ramon,,,5310765,637,SEVELAMER CARB 800MG TB,92.0,69.0,both
san_ramon,84270,CPT,7254270,300,SEX HORMONE BIND GLOBULN,8.0,6.0,both
san_ramon,,,8177028,272,SHEATH CLOTTRIEVER,3924.0,2943.0,both
san_ramon,,,8177118,272,SHEATH GUIDE,450.0,337.5,both
san_ramon,,,8041028,272,SHEATH URETERAL ACCESS,662.0,496.5,both
san_ramon,87427,CPT,4106634,300,SHIGA-TOXIN IA,140.0,105.0,both
san_ramon,87427,CPT,4156634,300,SHIGA-TOXIN IA,140.0,105.0,both
san_ramon,,,8145005,278,SHNT CAROTD BYP,1945.0,1458.75,both
san_ramon,,,8176075,278,SHNT VENTRICULR,51915.0,38936.25,both
san_ramon,73030,CPT,4903030,320,SHOULDER 2 VWS MINIMUM,3016.0,2262.0,both
san_ramon,73040,CPT,4903040,320,SHOULDER ARTHROGRAPHY,4831.0,3623.25,both
san_ramon,73020,CPT,4903020,320,SHOULDER SINGLE VIEW,2449.0,1836.75,both
san_ramon,,,8130071,274,SHRINKER BELOW KNEE,867.0,650.25,both
san_ramon,,,8178597,278,SHTH GUIDING DESTINATION,718.0,538.5,both
san_ramon,70390,CPT,4900390,320,SIALOGRAPHY,1374.0,1030.5,both
san_ramon,85660,CPT,7033052,300,SICKLING OF RBC,40.0,30.0,both
san_ramon,93278,CPT,4600400,730,SIGNAL AVERAGED EKG,4978.0,3733.5,both
san_ramon,,,5310777,250,SILDENAFIL 20MG TB,126.0,94.5,both
san_ramon,,,5310777,637,SILDENAFIL 20MG TB,126.0,94.5,both
san_ramon,,,5337282,250,SILVER NITRAT 1 STICK EA,15.0,11.25,both
san_ramon,,,5337271,250,SILVER NITRATE APPL 10PK,53.0,39.75,both
san_ramon,,,5337279,250,SILVER SULFADIA 1%20GMCR,518.0,388.5,both
san_ramon,,,5337279,637,SILVER SULFADIA 1%20GMCR,518.0,388.5,both
san_ramon,,,5337266,250,SILVER SULFADIA1%25GM CR,303.0,227.25,both
san_ramon,,,5337266,637,SILVER SULFADIA1%25GM CR,303.0,227.25,both
san_ramon,,,5337274,250,SILVER SULFADIA1%400GMCR,2998.0,2248.5,both
san_ramon,,,5337274,637,SILVER SULFADIA1%400GMCR,2998.0,2248.5,both
san_ramon,,,5337263,250,SILVER WND DG 28.35GM GL,618.0,463.5,both
san_ramon,,,5310783,250,SIMETHICONE 80MG TB,60.0,45.0,both
san_ramon,,,5310783,637,SIMETHICONE 80MG TB,60.0,45.0,both
san_ramon,,,5316333,250,SIMETHICONE40/.6 15ML LQ,261.0,195.75,both
san_ramon,,,5316333,637,SIMETHICONE40/.6 15ML LQ,261.0,195.75,both
san_ramon,,,5316334,250,SIMETHICONE40/.6 30ML LQ,162.0,121.5,both
san_ramon,,,5316334,637,SIMETHICONE40/.6 30ML LQ,162.0,121.5,both
san_ramon,,,5310791,250,SIMVASTATIN 10MG TB,104.0,78.0,both
san_ramon,,,5310791,637,SIMVASTATIN 10MG TB,104.0,78.0,both
san_ramon,,,5310792,250,SIMVASTATIN 20MG TB,147.0,110.25,both
san_ramon,,,5310792,637,SIMVASTATIN 20MG TB,147.0,110.25,both
san_ramon,,,5310793,250,SIMVASTATIN 40MG TB,120.0,90.0,both
san_ramon,,,5310793,637,SIMVASTATIN 40MG TB,120.0,90.0,both
san_ramon,,,5310790,250,SIMVASTATIN 5MG TB,61.0,45.75,both
san_ramon,,,5310790,637,SIMVASTATIN 5MG TB,61.0,45.75,both
san_ramon,,,5310794,250,SIMVASTATIN 80MG TB,120.0,90.0,both
san_ramon,,,5310794,637,SIMVASTATIN 80MG TB,120.0,90.0,both
san_ramon,,,5358290,250,SINCALIDE 5MCG,824.0,618.0,both
san_ramon,,,5358290,636,SINCALIDE 5MCG,824.0,618.0,both
san_ramon,70210,CPT,4900210,320,SINUSES 2VW MAX,1634.0,1225.5,both
san_ramon,70220,CPT,4900220,320,SINUSES 3VW MIN,2294.0,1720.5,both
san_ramon,80195,CPT,7250254,300,SIROLIMUS,16.86,12.65,both
san_ramon,,,5310796,250,SITAGLIPTIN 100MG TB,167.0,125.25,both
san_ramon,,,5310796,637,SITAGLIPTIN 100MG TB,167.0,125.25,both
san_ramon,,,5310797,250,SITAGLIPTIN 50MG TB,195.0,146.25,both
san_ramon,,,5310797,637,SITAGLIPTIN 50MG TB,195.0,146.25,both
san_ramon,70260,CPT,4900260,320,SKULL 4VW MIN,2163.0,1622.25,both
san_ramon,70250,CPT,4900250,320,SKULL < 4 VIEWS,2070.0,1552.5,both
san_ramon,,,8114445,271,SLING ARM FASHON,457.0,342.75,both
san_ramon,74250,CPT,4904250,320,SM BOWEL SNGL CM STDY,4408.0,3306.0,both
san_ramon,91110,CPT,5070262,750,SM INT IMAGE CAP PROC,9774.0,7330.5,both
san_ramon,87206,CPT,4107201,300,SMEAR FLUORESCENT/AFS,822.0,616.5,both
san_ramon,87206,CPT,4157201,300,SMEAR FLUORESCENT/AFS,251.0,188.25,both
san_ramon,87206,CPT,4177201,300,SMEAR FLUORESCENT/AFS,5.39,4.04,both
san_ramon,87206,CPT,4157204,300,SMEAR FLUORESCENT/AFS/2,535.0,401.25,both
san_ramon,87206,CPT,7257210,300,SMEAR FLUORESCENT/AFS/3,3.25,2.44,both
san_ramon,87206,CPT,7257211,300,SMEAR FLUORESCENT/AFS/4,8.15,6.11,both
san_ramon,87210,CPT,4107215,300,SMEAR SALINE/INK/KOH,674.0,505.5,both
san_ramon,87210,CPT,4157220,300,SMEAR SALINE/INK/KOH/2,601.0,450.75,both
san_ramon,87210,CPT,4157210,300,SMEAR SALINE/INK/KOH/3,765.0,573.75,both
san_ramon,87210,CPT,4107210,300,SMEAR SALINE/INK/KOH/4,862.0,646.5,both
san_ramon,99406,CPT,5500375,942,SMKE/TOBAC CNSL 3-10MIN,271.0,203.25,both
san_ramon,99407,CPT,5500376,942,SMKE/TOBAC CNSL >10 MIN,149.0,111.75,both
san_ramon,81329,CPT,7251329,310,SMN1 GENE DOSE DELETION,135.0,101.25,both
san_ramon,,,5314855,250,SMX-TMP 200-40/5 20MLLQ,112.0,84.0,both
san_ramon,,,5314855,637,SMX-TMP 200-40/5 20MLLQ,112.0,84.0,both
san_ramon,,,5311092,250,SMX-TMP 800/160MG TB,44.0,33.0,both
san_ramon,,,5311092,637,SMX-TMP 800/160MG TB,44.0,33.0,both
san_ramon,,,8082691,278,SNARE POLYPECTOMY,2722.0,2041.5,both
san_ramon,,,5316366,250,SOD ZIRCONIUM CYCLO 5GM PWLQ,268.0,201.0,both
san_ramon,,,5316366,637,SOD ZIRCONIUM CYCLO 5GM PWLQ,268.0,201.0,both
san_ramon,,,5316362,250,SOD ZIRCONIUM CYCLOS 10GM PWLQ,155.0,116.25,both
san_ramon,,,5316362,637,SOD ZIRCONIUM CYCLOS 10GM PWLQ,155.0,116.25,both
san_ramon,84295,CPT,4104295,300,SODIUM,168.0,126.0,both
san_ramon,84295,CPT,4154295,300,SODIUM,61.0,45.75,both
san_ramon,84302,CPT,7254302,300,SODIUM OTHER SOURCE/3,18.45,13.84,both
san_ramon,,,5324290,250,SODIUM TETRADECYL3%2MLIJ,561.0,420.75,both
san_ramon,84300,CPT,4104296,300,SODIUM URINE,702.0,526.5,both
san_ramon,84300,CPT,4154296,300,SODIUM URINE,363.0,272.25,both
san_ramon,84300,CPT,7254296,300,SODIUM URINE,2.0,1.5,both
san_ramon,,,8130048,274,SOFT INTERFC ABV KNEE SE,1398.0,1048.5,both
san_ramon,,,8130050,274,SOFT INTERFC BLW KNEE SE,1667.0,1250.25,both
san_ramon,83516,CPT,7253496,300,SOLUABLE LIVER AG,25.0,18.75,both
san_ramon,84305,CPT,7253543,300,SOMATOMEDIN,6.11,4.58,both
san_ramon,,,5316373,250,SORBITOL 70% 30ML LQ,48.0,36.0,both
san_ramon,,,5316373,637,SORBITOL 70% 30ML LQ,48.0,36.0,both
san_ramon,,,5310870,250,SOTALOL 80MG TB,162.0,121.5,both
san_ramon,,,5310870,637,SOTALOL 80MG TB,162.0,121.5,both
san_ramon,,,4011214,278,SP ANT CERVICAL PLT L1,14630.0,10972.5,both
san_ramon,,,4011215,278,SP ANT CERVICAL PLT L2,13503.0,10127.25,both
san_ramon,,,4011216,278,SP ANT CERVICAL PLT L3,15095.0,11321.25,both
san_ramon,,,4011217,278,SP ANT CERVICAL PLT L4>,14732.0,11049.0,both
san_ramon,,,4011247,278,SP ANTERIOR LUMBAR PLT,34664.0,25998.0,both
san_ramon,,,4011218,278,SP ANTERIOR SCREW,2176.0,1632.0,both
san_ramon,96105,CPT,5900810,440,SP APHASIA EVAL PER HOUR,796.0,597.0,both
san_ramon,,,4011245,278,SP ARTIFICIAL DISC CERV,41323.0,30992.25,both
san_ramon,,,4011205,278,SP BN GRAFT ALLOGRAFT,7985.0,5988.75,both
san_ramon,,,4011204,278,SP BN GRFT EXT SYNTHETIC,7785.0,5838.75,both
san_ramon,,,4011254,278,SP BUTTRESS SCREW,827.0,620.25,both
san_ramon,,,4011273,278,SP CELLULAR BN MATRIX,26491.0,19868.25,both
san_ramon,,,4011206,278,SP CERV INTERBODY DEV,15523.0,11642.25,both
san_ramon,,,4011234,278,SP CERV STANDLNE INT DEV,28034.0,21025.5,both
san_ramon,,,4011235,278,SP CERV STNLN INT DV SCR,2415.0,1811.25,both
san_ramon,,,4011248,278,SP CLAMP CONNECTOR,8470.0,6352.5,both
san_ramon,97130,CPT,5907130,440,SP COG FUNC ACTIVITY ADDL 15M,280.0,210.0,both
san_ramon,97129,CPT,5907129,440,SP COG FUNC ACTIVITY INIT 15M,280.0,210.0,both
san_ramon,,,4011249,278,SP COMP SCRW WASHER,15337.0,11502.75,both
san_ramon,,,4011219,278,SP CROSSLINK ASSEMBLY,8505.0,6378.75,both
san_ramon,92524,CPT,5902524,444,SP EVAL BEH QUAL A V/RS BASIC,1901.0,1425.75,both
san_ramon,92524,CPT,5900531,444,SP EVAL BEH QUAL A V/RS CMPLX,1901.0,1425.75,both
san_ramon,92524,CPT,5900532,444,SP EVAL BEH QUAL A V/RS EXTNSV,1901.0,1425.75,both
san_ramon,92524,CPT,5900530,444,SP EVAL BEH QUAL A W/RS INTERM,1901.0,1425.75,both
san_ramon,92611,CPT,5902611,444,SP EVAL CINE VIDEO,694.0,520.5,both
san_ramon,92611,CPT,5902635,444,SP EVAL CINE VIDEO CMPLX,694.0,520.5,both
san_ramon,92611,CPT,5902637,444,SP EVAL CINE VIDEO EXTNSV,694.0,520.5,both
san_ramon,92611,CPT,5902633,444,SP EVAL CINE VIDEO INTERM,694.0,520.5,both
san_ramon,92521,CPT,5902521,444,SP EVAL FLUENCY BASIC,2292.0,1719.0,both
san_ramon,92523,CPT,5902523,444,SP EVAL LNG COM W/EXP BASIC,1901.0,1425.75,both
san_ramon,92523,CPT,5900528,444,SP EVAL LNG COM W/EXP COMPLEX,1901.0,1425.75,both
san_ramon,92523,CPT,5900529,444,SP EVAL LNG COM W/EXP EXTENSVE,1901.0,1425.75,both
san_ramon,92523,CPT,5900527,444,SP EVAL LNG COM W/EXP INTERM,1901.0,1425.75,both
san_ramon,92522,CPT,5902522,444,SP EVAL SOUND PROD BASIC,2280.0,1710.0,both
san_ramon,,,4011220,278,SP EXPAND/STACK DEVICES,17696.0,13272.0,both
san_ramon,,,4011221,272,SP GUIDEWR FOR MIS PRO,1752.0,1314.0,both
san_ramon,,,4011222,278,SP IBF BN ALLOGRAFT CERV,7568.0,5676.0,both
san_ramon,,,4011223,278,SP IBF BN ALLOGRAFT LUMB,25336.0,19002.0,both
san_ramon,,,4011208,278,SP IBF DEV ARTICULATING,30704.0,23028.0,both
san_ramon,,,4011241,278,SP INTRSPN PROC DCMP DVC,33389.0,25041.75,both
san_ramon,,,4011224,278,SP LAMINAL HOOKS BLADE,5235.0,3926.25,both
san_ramon,,,4011262,278,SP LAMINOPLASTY PLATE,11509.0,8631.75,both
san_ramon,,,4011263,278,SP LOCKING TAB,12788.0,9591.0,both
san_ramon,,,4011240,278,SP LUM INTBDY DV LAT OTR,39110.0,29332.5,both
san_ramon,,,4011225,278,SP LUMB INTBODY DEV ALIF,57142.0,42856.5,both
san_ramon,,,4011226,278,SP LUMB INTBODY DEV PLIF,12056.0,9042.0,both
san_ramon,,,4011227,278,SP LUMB INTBODY DEV TLIF,30609.0,22956.75,both
san_ramon,,,4011264,278,SP LUMB SCRW ALIF DEV,3223.0,2417.25,both
san_ramon,,,4011228,278,SP LUMB STANDLNE INT DEV,72093.0,54069.75,both
san_ramon,,,4011236,278,SP LUMB STNLN INT DV SCR,3509.0,2631.75,both
san_ramon,72114,CPT,4902114,320,SP LUMBAR MIN 6 VWS,3753.0,2814.75,both
san_ramon,,,4011239,278,SP OCCIP BN SCRW,3180.0,2385.0,both
san_ramon,,,4011238,278,SP OCCIP PLT,25030.0,18772.5,both
san_ramon,,,4011285,278,SP OTH ALIF DVC PLT,8020.0,6015.0,both
san_ramon,,,4011265,278,SP OTHER PLATE,27685.0,20763.75,both
san_ramon,,,4011229,278,SP PEDICLE SCREW ADV,11846.0,8884.5,both
san_ramon,,,4011230,278,SP PEDICLE SCREW STND,7039.0,5279.25,both
san_ramon,,,4011231,278,SP ROD ADVANCED,7280.0,5460.0,both
san_ramon,,,4011211,278,SP ROD STANDARD,2297.0,1722.75,both
san_ramon,,,4011202,278,SP SET SCRW BOLT CAP NUT,1766.0,1324.5,both
san_ramon,,,4011244,278,SP SPINOUS PROCESS DEV,36031.0,27023.25,both
san_ramon,96125,CPT,5906125,440,SP STD COG PERF TEST BASIC,796.0,597.0,both
san_ramon,96125,CPT,5906126,440,SP STD COG PERF TEST CMPLX,796.0,597.0,both
san_ramon,96125,CPT,5906128,440,SP STD COG PERF TEST EXTNSV,796.0,597.0,both
san_ramon,92610,CPT,5902610,444,SP SWAL EVAL ORAL PHARYN BASIC,3125.0,2343.75,both
san_ramon,92610,CPT,5902618,444,SP SWAL EVAL ORAL PHARYN COMP,3125.0,2343.75,both
san_ramon,92610,CPT,5902630,444,SP SWAL EVAL ORAL PHARYN EXTNS,3125.0,2343.75,both
san_ramon,92610,CPT,5902617,444,SP SWAL EVAL ORAL PHARYN INTRM,3125.0,2343.75,both
san_ramon,92526,CPT,5901090,440,SP SWAL/ORAL TX BASIC,2148.0,1611.0,both
san_ramon,92526,CPT,5901094,440,SP SWAL/ORAL TX COMPLEX,2340.0,1755.0,both
san_ramon,92526,CPT,5901096,440,SP SWAL/ORAL TX EXTENSIVE,2148.0,1611.0,both
san_ramon,92526,CPT,5901092,440,SP SWAL/ORAL TX INTERM,2148.0,1611.0,both
san_ramon,92609,CPT,5902609,440,SP THERAPEUTIC SP DEV BASIC,772.0,579.0,both
san_ramon,92609,CPT,5902620,440,SP THERAPEUTIC SP DEV COMPLEX,772.0,579.0,both
san_ramon,92609,CPT,5902613,440,SP THERAPEUTIC SP DEV INTERM,772.0,579.0,both
san_ramon,92609,CPT,5902626,440,SP THERPEUTIC SP DEV EXTENSIVE,772.0,579.0,both
san_ramon,,,4011233,278,SP THORACOLUMB SP PLT,50705.0,38028.75,both
san_ramon,,,4011232,278,SP THORCOLUMB SP PLT SCR,4621.0,3465.75,both
san_ramon,,,4012938,278,SPACER HUM OR TRAY ZIMMER CL,14833.0,11124.75,both
san_ramon,99000,CPT,5769003,300,SPEC PROC SIMPL OFF/LAB,56.0,42.0,both
san_ramon,,,3083010,360,SPEC PROC W/LITHO,40707.0,30530.25,both
san_ramon,87209,CPT,7258313,300,SPEC STAIN TRICH OVA/PARA,4.38,3.29,both
san_ramon,88312,CPT,4308312,310,SPEC STAINS GROUP I,118.04,88.53,both
san_ramon,88312,CPT,7188312,310,SPEC STAINS GROUP I,109.67,82.25,both
san_ramon,88313,CPT,4308313,310,SPEC STAINS GROUP II,96.73,72.55,both
san_ramon,88313,CPT,7188313,310,SPEC STAINS GROUP II,88.3,66.23,both
san_ramon,88313,CPT,7270081,310,SPEC STAINS GROUP II,54.0,40.5,both
san_ramon,87207,CPT,4157202,300,SPECIAL STAIN SMEAR,481.0,360.75,both
san_ramon,87207,CPT,4107202,300,SPECIAL STAIN SMEAR/2,894.0,670.5,both
san_ramon,99001,CPT,4201125,300,SPECIMEN HANDLING/4,56.0,42.0,both
san_ramon,99001,CPT,4209050,300,SPECIMEN HANDLING/6,134.0,100.5,both
san_ramon,84311,CPT,7258431,300,SPECTROPHOTOMETRY NES/5,12.45,9.34,both
san_ramon,92507,CPT,5901007,440,SPEECH/LANG TX BASIC,710.0,532.5,both
san_ramon,92507,CPT,5901009,440,SPEECH/LANG TX CMPLX,884.0,663.0,both
san_ramon,92507,CPT,5901005,440,SPEECH/LANG TX EXTNSV,710.0,532.5,both
san_ramon,92507,CPT,5901008,440,SPEECH/LANG TX INTER,710.0,532.5,both
san_ramon,,,4902321,360,SPINAL PUNCT LUMB DX WFLUOR/CT,3878.0,2908.5,both
san_ramon,,,4618901,360,SPINAL PUNCTR LUMB DIAG,7010.0,5257.5,both
san_ramon,,,4908900,360,SPINAL PUNCTR LUMB DIAG,7010.0,5257.5,both
san_ramon,,,4612272,360,SPINAL PUNCTURE THERAPTC,908.0,681.0,both
san_ramon,,,4902135,360,SPINAL PUNCTURE THERAPTC,3219.0,2414.25,both
san_ramon,,,8177171,278,SPINAL STIM LEAD,46143.0,34607.25,both
san_ramon,72020,CPT,4902020,320,SPINE ANY LEVEL SNGL VW,1606.0,1204.5,both
san_ramon,72052,CPT,4902052,320,SPINE CERV 6 > VWS,2413.0,1809.75,both
san_ramon,72040,CPT,4902040,320,SPINE CERVICAL 2 VIEWS,2338.0,1753.5,both
san_ramon,72040,CPT,4902042,320,SPINE CERVICAL 3 VIEWS,2338.0,1753.5,both
san_ramon,72050,CPT,4902050,320,SPINE CERVICAL 4 OR 5 VW,3532.0,2649.0,both
san_ramon,72100,CPT,4902100,320,SPINE LUMBAR 2 VIEWS,2594.0,1945.5,both
san_ramon,72100,CPT,4902101,320,SPINE LUMBAR 3 VIEWS,2594.0,1945.5,both
san_ramon,72110,CPT,4902110,320,SPINE LUMBAR MIN 4VWS,3713.0,2784.75,both
san_ramon,,,4612329,360,SPINE PUNC DRN CSF W/FLUOR/CT,7457.0,5592.75,both
san_ramon,,,4902332,360,SPINE PUNC DRN CSF W/FLUOR/CT,7457.0,5592.75,both
san_ramon,72070,CPT,4902070,320,SPINE THORACIC 2 VIEWS,3104.0,2328.0,both
san_ramon,72074,CPT,4902072,320,SPINE THORACIC 4VW MIN,3069.0,2301.75,both
san_ramon,72080,CPT,4902080,320,SPINE THORACO-LUMBAR JCT,2067.0,1550.25,both
san_ramon,94010,CPT,5501192,460,SPIROMETRY,681.0,510.75,both
san_ramon,,,5310917,250,SPIRONOLACTONE 100MG TB,12.0,9.0,both
san_ramon,,,5310917,637,SPIRONOLACTONE 100MG TB,12.0,9.0,both
san_ramon,,,5310910,250,SPIRONOLACTONE 25MG TB,68.0,51.0,both
san_ramon,,,5310910,637,SPIRONOLACTONE 25MG TB,68.0,51.0,both
san_ramon,,,5310914,250,SPIRONOLACTONE 50MG TB,80.0,60.0,both
san_ramon,,,5310914,637,SPIRONOLACTONE 50MG TB,80.0,60.0,both
san_ramon,,,8093170,274,SPPRT BREAST,1615.0,1211.25,both
san_ramon,94640,CPT,5500223,410,SPUTUM INDUCTION,833.0,624.75,both
san_ramon,,,8243050,278,ST DIL RENAL AMPLATZ,843.0,632.25,both
san_ramon,,,8248550,272,ST INTRO PEEL-AWAY,256.0,192.0,both
san_ramon,,,8145166,278,ST PUMP IMPELLA CP CATH,230932.0,173199.0,both
san_ramon,,,8177255,278,ST RENAL DILAT,439.0,329.25,both
san_ramon,,,8084942,278,ST THROMBECT SOLENT OMNI,10871.0,8153.25,both
san_ramon,,,8137810,278,STAPLE BN NITINOL DYN W INST,16922.0,12691.5,both
san_ramon,,,4013428,278,STEM CUP ALTIVATE HUM DJO CL,27712.0,20784.0,both
san_ramon,,,4012971,278,STEM FEM COATED HA ZIMMER CL,22782.0,17086.5,both
san_ramon,,,4012813,278,STEM FEM CT HA ANT ACT DPY CL,16307.0,12230.25,both
san_ramon,,,4013056,278,STEM FEM CT HA PA SCR STRY CL,19633.0,14724.75,both
san_ramon,,,4012814,278,STEM FEM FRACTUR STEM DPY CL,10873.0,8154.75,both
san_ramon,,,4012974,278,STEM FEM FRACTURE STM ZIMM CL,15960.0,11970.0,both
san_ramon,,,4012815,278,STEM FEM MOD SLV NCK DEPUY CL,2966.0,2224.5,both
san_ramon,,,4012975,278,STEM FEM MOD SLV NECK ZIMM CL,4796.0,3597.0,both
san_ramon,,,4012816,278,STEM FEM MODULAR STM DEPUY CL,13343.0,10007.25,both
san_ramon,,,4012976,278,STEM FEM MODULAR ZIMMER CL,19186.0,14389.5,both
san_ramon,,,4012977,278,STEM FEM UNCOATED ZIMMER CL,14665.0,10998.75,both
san_ramon,,,4012817,278,STEM FEMORAL UNCOAT DEPUY CL,13285.0,9963.75,both
san_ramon,,,4013059,278,STEM FEMORL UNCOATD STRYKR CL,15389.0,11541.75,both
san_ramon,,,4012949,278,STEM HIP MODULAR REV ZIM CL,16736.0,12552.0,both
san_ramon,,,4013027,278,STEM HUM CTD UNCEM STRYKR CL,27275.0,20456.25,both
san_ramon,,,4012939,278,STEM HUM CTD UNCEM ZIMMER CL,32038.0,24028.5,both
san_ramon,,,4012940,278,STEM HUM FRACTR REVSN ZIMM CL,32038.0,24028.5,both
san_ramon,,,4013128,278,STEM HUM MOD PRX CMP DEPUY CL,12460.0,9345.0,both
san_ramon,,,4013175,278,STEM HUMERAL COLLAR DEPUY CL,5933.0,4449.75,both
san_ramon,,,4013511,278,STEM HUMRL COATD TORNIER CL,27066.0,20299.5,both
san_ramon,,,4013107,278,STEM KNEE CEMENTED STRYKR CL,5306.0,3979.5,both
san_ramon,,,4012819,278,STEM KNEE EXTEN COATD DEPUY CL,10744.0,8058.0,both
san_ramon,,,4012881,278,STEM KNEE EXTENSION SN CL,8543.0,6407.25,both
san_ramon,,,4012823,278,STEM KNEE EXTN UNCTED DEPUY CL,5931.0,4448.25,both
san_ramon,71130,CPT,4901130,320,STERNCLAVR JNTS 3VW MIN,1620.0,1215.0,both
san_ramon,71120,CPT,4901120,320,STERNUM 2VW MIN,1743.0,1307.25,both
san_ramon,,,8243156,278,STNT B ABSOLTE OTW S-EXP,12033.0,9024.75,both
san_ramon,,,8243159,278,STNT B OMNILINK,9555.0,7166.25,both
san_ramon,,,8243154,278,STNT B RAPD EXCH SGL USE,755.0,566.25,both
san_ramon,,,4024807,278,STNT B RX PLASTIC,828.0,621.0,both
san_ramon,,,8243119,278,STNT B TH SMART NITINOL6,13596.0,10197.0,both
san_ramon,,,4024817,278,STNT B VISIPRO,7070.0,5302.5,both
san_ramon,,,4024818,278,STNT B WALLFLX RX UNCVR,13241.0,9930.75,both
san_ramon,,,8062069,278,STNT C RESOLUT INTEG DES,9206.0,6904.5,both
san_ramon,,,8062210,278,STNT C XIENCE ALPINE RX,8470.0,6352.5,both
san_ramon,,,8062041,278,STNT C/CV SYNERGY OTW,6508.0,4881.0,both
san_ramon,,,8248675,278,STNT DUODENAL WALLFLEX,16762.0,12571.5,both
san_ramon,,,8062106,278,STNT ENDOPYEL RETROMAX,1510.0,1132.5,both
san_ramon,,,4025103,278,STNT ESOPHAGEAL WALLFLEX,18923.0,14192.25,both
san_ramon,,,4025205,278,STNT MULTLINK VISION RX,7731.0,5798.25,both
san_ramon,,,4025200,278,STNT MULTLNK MINI VISION,7731.0,5798.25,both
san_ramon,,,4025250,278,STNT NEPHROURETERAL,756.0,567.0,both
san_ramon,,,8062272,278,STNT PERIPHERAL SUPERA,20204.0,15153.0,both
san_ramon,,,4025400,278,STNT TBRNCH FLUENCY PLUS,28417.0,21312.75,both
san_ramon,,,8062134,278,STNT TRABCULR MICRO-BYPS,19188.0,14391.0,both
san_ramon,,,4025496,278,STNT U PERCUFLX PLUS,1003.0,752.25,both
san_ramon,,,8243174,278,STNT U PERCUFLX SFT,907.0,680.25,both
san_ramon,,,4025497,278,STNT U POLARIS LOOP,1308.0,981.0,both
san_ramon,,,8062145,278,STNT URETERAL,2643.0,1982.25,both
san_ramon,,,8062150,278,STNT URETERAL,4375.0,3281.25,both
san_ramon,,,8062161,278,STNT URETERAL TRIA,1795.0,1346.25,both
san_ramon,,,8062177,278,STNT VAS ABSOLUTE PRO SE,10416.0,7812.0,both
san_ramon,,,8062183,278,STNT VASC BIL LIFESTAR,6071.0,4553.25,both
san_ramon,,,8062192,278,STNT VASC BLN EXPND OTW,11406.0,8554.5,both
san_ramon,,,8062194,278,STNT VASC COVERED LIFESTREAM,19992.0,14994.0,both
san_ramon,,,8062184,278,STNT VASC LIFESTENT,19992.0,14994.0,both
san_ramon,,,8136623,278,STPL COMPRESSION NEOSPAN SE,11484.0,8613.0,both
san_ramon,,,8136640,278,STPL FIXATION,6435.0,4826.25,both
san_ramon,,,8136645,278,STPL FX AS,2318.0,1738.5,both
san_ramon,,,8136193,278,STPL LIGAMENT SPIKED,735.0,551.25,both
san_ramon,,,6900092,360,STRAPPING OF PASTE BOOT,1246.0,934.5,both
san_ramon,,,6900092,361,STRAPPING OF PASTE BOOT,1246.0,934.5,both
san_ramon,,,4028740,250,STRATTICE TM PER SQ CM SKINSUB,232.0,174.0,both
san_ramon,,,4028740,636,STRATTICE TM PER SQ CM SKINSUB,232.0,174.0,both
san_ramon,,,4028746,250,STRAVIX 2CMX4CM PER SQ CM,1107.0,830.25,both
san_ramon,,,4028746,636,STRAVIX 2CMX4CM PER SQ CM,1107.0,830.25,both
san_ramon,,,4028747,250,STRAVIX 3CMX6CM PER SQ CM,775.0,581.25,both
san_ramon,,,4028747,636,STRAVIX 3CMX6CM PER SQ CM,775.0,581.25,both
san_ramon,87651,CPT,4107651,300,STREP A AMP PROBE,291.0,218.25,both
san_ramon,87430,CPT,4156411,300,STREPTOCOCCUS A IA,601.0,450.75,both
san_ramon,87430,CPT,4106411,300,STREPTOCOCCUS A IA/2,261.0,195.75,both
san_ramon,86255,CPT,7251260,300,STRIATED AB SCR,8.99,6.74,both
san_ramon,,,5324405,250,SUCCINYLCHOL UPTO 20MGIJ,58.0,43.5,both
san_ramon,,,5324405,636,SUCCINYLCHOL UPTO 20MGIJ,58.0,43.5,both
san_ramon,,,5316390,250,SUCRALFATE 1G/10ML LQ,82.0,61.5,both
san_ramon,,,5316390,637,SUCRALFATE 1G/10ML LQ,82.0,61.5,both
san_ramon,,,5311006,250,SUCRALFATE 1GM TB,80.0,60.0,both
san_ramon,,,5311006,637,SUCRALFATE 1GM TB,80.0,60.0,both
san_ramon,,,5324400,250,SUGAMMADEX 200MG/2ML IJ,1161.0,870.75,both
san_ramon,84378,CPT,7254393,300,SUGARS QUANT EA SPECIMEN,22.4,16.8,both
san_ramon,,,5332501,250,SULFACETAMID NA10%15MLOS,775.0,581.25,both
san_ramon,,,5332501,637,SULFACETAMID NA10%15MLOS,775.0,581.25,both
san_ramon,,,5324408,250,SULFAMETH/TRIM PER 5MG/1MG IJ,0.62,0.47,both
san_ramon,,,5324408,636,SULFAMETH/TRIM PER 5MG/1MG IJ,0.62,0.47,both
san_ramon,,,5311110,250,SULFASALAZINE 500MG TB,60.0,45.0,both
san_ramon,,,5311110,637,SULFASALAZINE 500MG TB,60.0,45.0,both
san_ramon,84392,CPT,7254392,300,SULFATE URINE,10.49,7.87,both
san_ramon,,,5311190,250,SUMATRIPTAN 25MG TB,481.0,360.75,both
san_ramon,,,5311190,637,SUMATRIPTAN 25MG TB,481.0,360.75,both
san_ramon,,,5311191,250,SUMATRIPTAN 50MG TB,504.0,378.0,both
san_ramon,,,5311191,637,SUMATRIPTAN 50MG TB,504.0,378.0,both
san_ramon,,,5324420,250,SUMATRIPTAN PER 6MG IJ,1497.0,1122.75,both
san_ramon,,,5324420,637,SUMATRIPTAN PER 6MG IJ,1497.0,1122.75,both
san_ramon,75827,CPT,4615828,320,SUPERIOR VENACAVAGRAM,20033.0,15024.75,both
san_ramon,,,3503551,360,SURG LEVEL I EA ADD 15,3987.0,2990.25,both
san_ramon,,,3213551,360,SURG LEVEL I EA ADD 15 MIN,4571.0,3428.25,both
san_ramon,,,3213550,360,SURG LEVEL I INT 30 MIN,11202.0,8401.5,both
san_ramon,,,3503550,360,SURG LEVEL I INT 30 MIN,11101.0,8325.75,both
san_ramon,,,3503553,360,SURG LEVEL II EA ADD 15,5800.0,4350.0,both
san_ramon,,,3213553,360,SURG LEVEL II EA ADD 15 MIN,5357.0,4017.75,both
san_ramon,,,3213552,360,SURG LEVEL II INT 30 MIN,11496.0,8622.0,both
san_ramon,,,3503552,360,SURG LEVEL II INT 30MIN,14244.0,10683.0,both
san_ramon,,,3503555,360,SURG LEVEL III EA ADD 15,6012.0,4509.0,both
san_ramon,,,3213555,360,SURG LEVEL III EA ADD 15 MIN,5794.0,4345.5,both
san_ramon,,,3213554,360,SURG LEVEL III INT 30 MIN,14269.0,10701.75,both
san_ramon,,,3503554,360,SURG LEVEL III INT 30MIN,14801.0,11100.75,both
san_ramon,,,3213557,360,SURG LEVEL IV EA ADD 15 MIN,6745.0,5058.75,both
san_ramon,,,3213556,360,SURG LEVEL IV INT 30 MIN,16628.0,12471.0,both
san_ramon,,,6296000,360,SURG PROC I,985.0,738.75,both
san_ramon,,,6296001,360,SURG PROC II,1898.0,1423.5,both
san_ramon,,,6296002,360,SURG PROC III,3417.0,2562.75,both
san_ramon,,,6296003,360,SURG PROC IV,7649.0,5736.75,both
san_ramon,,,6100400,450,SURG PROC LEVEL I,1045.0,783.75,both
san_ramon,,,6166000,450,SURG PROC LEVEL I,1045.0,783.75,both
san_ramon,,,6100402,450,SURG PROC LEVEL II,2078.0,1558.5,both
san_ramon,,,6166001,450,SURG PROC LEVEL II,2078.0,1558.5,both
san_ramon,,,6100404,450,SURG PROC LEVEL III,3237.0,2427.75,both
san_ramon,,,6166002,450,SURG PROC LEVEL III,3237.0,2427.75,both
san_ramon,,,5766003,510,SURG PROC LVL I,822.0,616.5,both
san_ramon,,,5766003,761,SURG PROC LVL I,822.0,616.5,both
san_ramon,,,5766004,510,SURG PROC LVL II,1636.0,1227.0,both
san_ramon,,,5766004,761,SURG PROC LVL II,1636.0,1227.0,both
san_ramon,88300,CPT,4308300,310,SURGICAL PATH LEVEL I,16.01,12.01,both
san_ramon,88300,CPT,7188300,310,SURGICAL PATH LEVEL I,13.96,10.47,both
san_ramon,88302,CPT,4308302,310,SURGICAL PATH LEVEL II,35.96,26.97,both
san_ramon,88302,CPT,7188302,310,SURGICAL PATH LEVEL II,31.76,23.82,both
san_ramon,88304,CPT,4308403,310,SURGICAL PATH LEVEL III,43.22,32.42,both
san_ramon,88304,CPT,7188304,310,SURGICAL PATH LEVEL III,38.88,29.16,both
san_ramon,88305,CPT,4305103,310,SURGICAL PATH LEVEL IV,48.21,36.16,both
san_ramon,88305,CPT,7188305,310,SURGICAL PATH LEVEL IV,42.89,32.17,both
san_ramon,88307,CPT,4308306,310,SURGICAL PATH LEVEL V,283.08,212.31,both
san_ramon,88307,CPT,7188307,310,SURGICAL PATH LEVEL V,262.83,197.12,both
san_ramon,88309,CPT,4308309,310,SURGICAL PATH LEVEL VI,397.8,298.35,both
san_ramon,88309,CPT,7188309,310,SURGICAL PATH LEVEL VI,375.01,281.26,both
san_ramon,76098,CPT,4906095,320,SURGICAL SPECIMEN,1922.0,1441.5,both
san_ramon,87190,CPT,7257195,300,SUSCEPTIBLTY MYCOBACTERIA/3,17.64,13.23,both
san_ramon,87186,CPT,7257181,300,SUSCEPTIBLTY STUDY MIC,101.81,76.36,both
san_ramon,87186,CPT,7251336,300,SUSCEPTIBLTY STUDY MIC/14,232.0,174.0,both
san_ramon,87186,CPT,4157186,300,SUSCEPTIBLTY STUDY MIC/2,373.0,279.75,both
san_ramon,87186,CPT,7257182,300,SUSCEPTIBLTY STUDY MIC/2,60.0,45.0,both
san_ramon,87186,CPT,4107186,300,SUSCEPTIBLTY STUDY MIC/3,1313.0,984.75,both
san_ramon,87186,CPT,7257186,300,SUSCEPTIBLTY STUDY MIC/4,60.0,45.0,both
san_ramon,74230,CPT,4904230,320,SWAL FUNC W/CINE/VIDEO+CM STDY,1651.0,1238.25,both
san_ramon,86592,CPT,7256592,300,SYPHILIS NONTREP QUAL,1.63,1.22,both
san_ramon,86592,CPT,7258661,300,SYPHILIS NONTREP QUAL/3,2.5,1.88,both
san_ramon,,,4018068,278,SYS ACHILLES SPEEDBRIDGE,20793.0,15594.75,both
san_ramon,,,8243530,278,SYS EMBOLIZATN PROTECT,13919.0,10439.25,both
san_ramon,,,8136676,278,SYS FIBULOCK IMPLANT,10851.0,8138.25,both
san_ramon,,,4018070,278,SYS IMPL SPEEDBRGD SWVLK,19147.0,14360.25,both
san_ramon,,,8073273,272,SYS INTROD ACCUSTICK II,359.0,269.25,both
san_ramon,,,8136677,278,SYS LAPIPLASTY ANATOM BIPLANAR,45711.0,34283.25,both
san_ramon,,,4036803,278,SYS LEAD DLV ACUITY,8625.0,6468.75,both
san_ramon,,,4018072,278,SYS LIGAMENT RECON CMC,23171.0,17378.25,both
san_ramon,,,8177464,278,SYS MAXILLARY SINUS BLN,12846.0,9634.5,both
san_ramon,,,4028880,278,SYS MESH PHASIX ST W ECHO2,34191.0,25643.25,both
san_ramon,,,8187792,278,SYS NDL REFLECTR DELVRY,26931.0,20198.25,both
san_ramon,,,8178722,278,SYS PERIPH INFUS MACH4,18408.0,13806.0,both
san_ramon,,,4011785,278,SYS SACROILC JOINT FUSN,27150.0,20362.5,both
san_ramon,,,4025519,272,SYS SEALANT DURAL,5642.0,4231.5,both
san_ramon,,,4025516,278,SYS SLING MINIARC,13017.0,9762.75,both
san_ramon,,,4025521,278,SYS SLNG FIX M ADVNC W/S,38250.0,28687.5,both
san_ramon,,,4028814,278,SYS SLNG MDURET TRN HALO,9951.0,7463.25,both
san_ramon,,,8178741,278,SYS SPACEOAR,37153.0,27864.75,both
san_ramon,,,4005003,275,SYS TRANSCATH PACE MICRA2 AV,136473.0,102354.75,both
san_ramon,81342,CPT,7270040,310,T CELL AG RECEPTOR GAMMA,265.0,198.75,both
san_ramon,86360,CPT,7256360,300,T CELLS T4/T8 INC RATIO,12.5,9.38,both
san_ramon,86359,CPT,7256359,300,T CELLS TOTAL COUNT,12.5,9.38,both
san_ramon,84481,CPT,7253554,300,T3 FREE,4.0,3.0,both
san_ramon,,,5311206,250,TACROLIMUS 0.5MG CP,39.0,29.25,both
san_ramon,,,5311206,637,TACROLIMUS 0.5MG CP,39.0,29.25,both
san_ramon,,,5311204,250,TACROLIMUS PER 1MG CP,117.0,87.75,both
san_ramon,,,5311204,637,TACROLIMUS PER 1MG CP,117.0,87.75,both
san_ramon,80197,CPT,7250348,300,TACROLIMUS/2,29.38,22.04,both
san_ramon,,,5337308,250,TALC STERILE 3GM PW SP,3032.0,2274.0,both
san_ramon,,,5337313,250,TALC STERILE 4GM PW SP,2497.0,1872.75,both
san_ramon,,,5311210,250,TAMOXIFEN 10MG TB,126.0,94.5,both
san_ramon,,,5311210,637,TAMOXIFEN 10MG TB,126.0,94.5,both
san_ramon,,,5311215,250,TAMSULOSIN .4MG CP,109.0,81.75,both
san_ramon,,,5311215,637,TAMSULOSIN .4MG CP,109.0,81.75,both
san_ramon,,,6901103,360,TANGNTL BX SKIN EA SEP/ADDL,900.0,675.0,both
san_ramon,,,6901103,361,TANGNTL BX SKIN EA SEP/ADDL,900.0,675.0,both
san_ramon,,,6901102,360,TANGNTL BX SKIN SINGLE LES,2142.0,1606.5,both
san_ramon,,,6901102,361,TANGNTL BX SKIN SINGLE LES,2142.0,1606.5,both
san_ramon,81450,CPT,7270052,310,TARGT SEQ ANLYS 5-50,2210.0,1657.5,both
san_ramon,83520,CPT,7253575,300,TAU PROTEIN,179.0,134.25,both
san_ramon,,,8177520,278,TB EYE CAN/INT,880.0,660.0,both
san_ramon,86480,CPT,7258648,300,TB TEST CELL AG RESPONSE,40.0,30.0,both
san_ramon,,,8207304,272,TB TRACH CUFF,187.0,140.25,both
san_ramon,,,5324441,250,TBO-FILGRASTIM PER1MCGIJ,19.0,14.25,both
san_ramon,,,5324441,636,TBO-FILGRASTIM PER1MCGIJ,19.0,14.25,both
san_ramon,,,5199540,343,TC99 ALBUMIN MAA DOSE,159.0,119.25,both
san_ramon,,,5199537,343,TC99 MEBROFENIN DOSE,384.0,288.0,both
san_ramon,,,5194010,343,TC99 MEDRONAT UPTO 30MCI,134.0,100.5,both
san_ramon,,,5199562,343,TC99 MERTIATIDE DOSE,1251.0,938.25,both
san_ramon,,,5199561,343,TC99 OXIDRONATE DOSE,265.0,198.75,both
san_ramon,,,5199567,343,TC99 PENTET AEROSL DOS,427.0,320.25,both
san_ramon,,,5199539,343,TC99 PENTETATE DOSE,256.0,192.0,both
san_ramon,,,5199512,343,TC99 PERTECHN PER MCI,2.0,1.5,both
san_ramon,,,5199538,343,TC99 PYROPHOSPHATE DOSE,316.0,237.0,both
san_ramon,,,5199560,343,TC99 RBC DOSE,485.0,363.75,both
san_ramon,,,5194170,343,TC99 SESTAMIBI DOSE,955.0,716.25,both
san_ramon,,,5199542,343,TC99 SULF COLL FILT DOSE,426.0,319.5,both
san_ramon,,,5199541,343,TC99 SULFUR COLLOID DOSE,862.0,646.5,both
san_ramon,,,5194196,343,TC99 TILMANCPT UPTO.5MCI,2625.0,1968.75,both
san_ramon,,,4617197,360,TCATH RETRV INTRAVASC FB+IMG,7311.0,5483.25,both
san_ramon,,,4617213,360,TCATH TX A/V NONCOR SUBS,7402.0,5551.5,both
san_ramon,,,4617214,360,TCATH TX CESSATION,7715.0,5786.25,both
san_ramon,,,4617211,360,TCATH TX INIT NONCOR ART,7500.0,5625.0,both
san_ramon,,,4617212,360,TCATH TX INIT NONCOR VEN,7550.0,5662.5,both
san_ramon,90715,CPT,5320147,250,TDAP > 7YR VAC IJ,766.0,574.5,both
san_ramon,90715,CPT,5320147,636,TDAP > 7YR VAC IJ,766.0,574.5,both
san_ramon,93318,CPT,4603319,483,TEE CONT/ASSESS/FUNC,6126.0,4594.5,both
san_ramon,93355,CPT,4603354,483,TEE W/INTRCARD THERAPY,6012.0,4509.0,both
san_ramon,,,5311233,250,TEMAZEPAM 15MG CP,60.0,45.0,both
san_ramon,,,5311233,637,TEMAZEPAM 15MG CP,60.0,45.0,both
san_ramon,,,5311234,250,TEMAZEPAM 7.5MG CP,92.0,69.0,both
san_ramon,,,5311234,637,TEMAZEPAM 7.5MG CP,92.0,69.0,both
san_ramon,92953,CPT,4612953,480,TEMP TRANSCUTNEOUS PACNG,2095.0,1571.25,both
san_ramon,,,5324431,250,TENECTEPLASE PER 1MG IJ,741.0,555.75,both
san_ramon,,,5324431,636,TENECTEPLASE PER 1MG IJ,741.0,555.75,both
san_ramon,,,4025526,278,TENOGLIDE PER SQ CM,249.0,186.75,both
san_ramon,,,5311250,250,TERAZOSIN 1MG CP,118.0,88.5,both
san_ramon,,,5311250,637,TERAZOSIN 1MG CP,118.0,88.5,both
san_ramon,,,5311252,250,TERAZOSIN 5MG CP,147.0,110.25,both
san_ramon,,,5311252,637,TERAZOSIN 5MG CP,147.0,110.25,both
san_ramon,,,5324426,250,TERBUTALINE UPTO 1MG IJ,544.0,408.0,both
san_ramon,,,5324426,636,TERBUTALINE UPTO 1MG IJ,544.0,408.0,both
san_ramon,84402,CPT,7254407,300,TESTOSTERONE FREE,3.26,2.45,both
san_ramon,84403,CPT,7254403,300,TESTOSTERONE TOTAL,3.26,2.45,both
san_ramon,84403,CPT,7254404,300,TESTOSTERONE TOTAL/2,6.65,4.99,both
san_ramon,,,5324499,250,TETANUS IG UPTO 250U IJ,2072.0,1554.0,both
san_ramon,,,5324499,636,TETANUS IG UPTO 250U IJ,2072.0,1554.0,both
san_ramon,,,5332590,250,TETRACAINE .5% 4ML OS,173.0,129.75,both
san_ramon,80198,CPT,4102137,300,THEOPHYLLINE,1449.0,1086.75,both
san_ramon,80198,CPT,4152137,300,THEOPHYLLINE,614.0,460.5,both
san_ramon,,,5311396,250,THEOPHYLLINE 300MG XR TB,60.0,45.0,both
san_ramon,,,5311396,637,THEOPHYLLINE 300MG XR TB,60.0,45.0,both
san_ramon,,,5316433,250,THEOPHYLLINE80MG/15ML LQ,88.0,66.0,both
san_ramon,,,5316433,637,THEOPHYLLINE80MG/15ML LQ,88.0,66.0,both
san_ramon,,,5311471,250,THIAMINE 100MG TB,27.0,20.25,both
san_ramon,,,5311471,637,THIAMINE 100MG TB,27.0,20.25,both
san_ramon,,,5311467,250,THIAMINE 50MG TB,29.0,21.75,both
san_ramon,,,5311467,637,THIAMINE 50MG TB,29.0,21.75,both
san_ramon,,,5324618,250,THIAMINE PER 100MG IJ,276.0,207.0,both
san_ramon,,,5324618,636,THIAMINE PER 100MG IJ,276.0,207.0,both
san_ramon,84425,CPT,7254429,300,THIAMINE(VITAMIN B1)/2,12.14,9.11,both
san_ramon,80375,CPT,7252555,300,THIOPURINE/2,135.0,101.25,both
san_ramon,,,5052555,360,THORACENTSIS W/IMAGING,7156.0,5367.0,both
san_ramon,,,5062555,360,THORACENTSIS W/IMAGING,8026.0,6019.5,both
san_ramon,,,4902302,360,THORACIC MYELO LUMB INJ,6419.0,4814.25,both
san_ramon,75605,CPT,4615605,320,THORACIC W/SERL COMPLT,10282.0,7711.5,both
san_ramon,,,4617184,360,THROMB NONCOR INITL VSL,12579.0,9434.25,both
san_ramon,,,5337478,250,THROMBIN 20000U RECOM KT,5763.0,4322.25,both
san_ramon,,,5337463,250,THROMBIN 20000U SP KT,2764.0,2073.0,both
san_ramon,,,5337467,250,THROMBIN 5000U PW,1006.0,754.5,both
san_ramon,,,5337458,250,THROMBIN 5000U RECOM KT,1662.0,1246.5,both
san_ramon,85670,CPT,7255616,300,THROMBIN TIME PLASMA,8.0,6.0,both
san_ramon,85670,CPT,7255670,300,THROMBIN TIME PLASMA/3,8.0,6.0,both
san_ramon,84432,CPT,7254432,300,THYROGLOBULIN,45.0,33.75,both
san_ramon,86800,CPT,7256175,300,THYROGLOBULIN AB,6.74,5.06,both
san_ramon,,,5311672,250,THYROID DESICTD 120MG TB,29.0,21.75,both
san_ramon,,,5311672,637,THYROID DESICTD 120MG TB,29.0,21.75,both
san_ramon,,,5311641,250,THYROID DESICTD 15MG TB,60.0,45.0,both
san_ramon,,,5311641,637,THYROID DESICTD 15MG TB,60.0,45.0,both
san_ramon,,,5311645,250,THYROID DESICTED 30MG TB,71.0,53.25,both
san_ramon,,,5311645,637,THYROID DESICTED 30MG TB,71.0,53.25,both
san_ramon,,,5311649,250,THYROID DESICTED 60MG TB,60.0,45.0,both
san_ramon,,,5311649,637,THYROID DESICTED 60MG TB,60.0,45.0,both
san_ramon,78014,CPT,5208014,341,THYROID IMG VSCFI SG/MLT,6113.0,4584.75,both
san_ramon,78013,CPT,5208013,341,THYROID IMG W/VASC FLOW,5608.0,4206.0,both
san_ramon,84445,CPT,7254444,300,THYROID STIM IMMUNGLBN,24.44,18.33,both
san_ramon,78012,CPT,5208012,341,THYROID UPTK SNG/MULT,4763.0,3572.25,both
san_ramon,83520,CPT,7253528,300,THYROTROPIN RECEPTOR AB,13.85,10.39,both
san_ramon,84439,CPT,4103531,300,THYROXINE FREE,1655.0,1241.25,both
san_ramon,84439,CPT,4153531,300,THYROXINE FREE,1255.0,941.25,both
san_ramon,84439,CPT,7253534,300,THYROXINE FREE,26.06,19.55,both
san_ramon,84436,CPT,4104436,300,THYROXINE TOTAL,1320.0,990.0,both
san_ramon,84436,CPT,4154436,300,THYROXINE TOTAL,261.0,195.75,both
san_ramon,84436,CPT,7254436,300,THYROXINE TOTAL,2.25,1.69,both
san_ramon,73590,CPT,4903590,320,TIBIA/FIBULA 2 VIEWS,2903.0,2177.25,both
san_ramon,,,4012888,278,TIBIAL KNEE TRY REVISION SN CL,22546.0,16909.5,both
san_ramon,,,5311679,250,TICAGRELOR 90MG TB,118.0,88.5,both
san_ramon,,,5311679,637,TICAGRELOR 90MG TB,118.0,88.5,both
san_ramon,,,5324739,250,TIGECYCLINE PER 1MG IJ,14.0,10.5,both
san_ramon,,,5324739,636,TIGECYCLINE PER 1MG IJ,14.0,10.5,both
san_ramon,93660,CPT,4601130,480,TILT TABLE SCAN PROC,4822.0,3616.5,both
san_ramon,,,5332697,250,TIMOLOL .25% 5ML OS,932.0,699.0,both
san_ramon,,,5332697,637,TIMOLOL .25% 5ML OS,932.0,699.0,both
san_ramon,,,5332692,250,TIMOLOL 0.5% 10ML OS,215.0,161.25,both
san_ramon,,,5332692,637,TIMOLOL 0.5% 10ML OS,215.0,161.25,both
san_ramon,,,5332694,250,TIMOLOL 0.5% 5ML OS,305.0,228.75,both
san_ramon,,,5332694,637,TIMOLOL 0.5% 5ML OS,305.0,228.75,both
san_ramon,,,5332720,250,TIOTROPIUM 2.5MCG 10DS IH,595.0,446.25,both
san_ramon,,,5332720,637,TIOTROPIUM 2.5MCG 10DS IH,595.0,446.25,both
san_ramon,,,5332714,250,TIOTROPIUM CP18MCG5DS IH,538.0,403.5,both
san_ramon,,,5332714,637,TIOTROPIUM CP18MCG5DS IH,538.0,403.5,both
san_ramon,,,5324763,250,TIROFIBAN PER .25MG IJ,89.0,66.75,both
san_ramon,,,5324763,636,TIROFIBAN PER .25MG IJ,89.0,66.75,both
san_ramon,87252,CPT,7257227,300,TISS CULT INOC/OBSERV,20.36,15.27,both
san_ramon,87252,CPT,7257252,300,TISS CULT INOC/OBSERV/5,30.0,22.5,both
san_ramon,88239,CPT,7258239,310,TISS CULT SOLID TUMOR,425.0,318.75,both
san_ramon,88239,CPT,7270108,310,TISS CULT SOLID TUMOR,175.0,131.25,both
san_ramon,88239,CPT,7270071,310,TISS CULT SOLID TUMOR/3,95.0,71.25,both
san_ramon,,,8186099,278,TISS REINFORCEMENT BIO-A,3776.0,2832.0,both
san_ramon,,,4025529,278,TISS RPLFRM MTRX 5X10CM,19999.0,14999.25,both
san_ramon,86364,CPT,7253562,300,TISS TRANSGLUTAMINASE AB/2,6.85,5.14,both
san_ramon,86364,CPT,7253979,300,TISS TRANSGLUTAMINASE AB/5,5.29,3.97,both
san_ramon,86364,CPT,7258354,300,TISS TRANSGLUTAMINASE AB/6,21.72,16.29,both
san_ramon,,,3412785,810,TISSUE ACQUISITN CORNEAL,8124.0,6093.0,both
san_ramon,,,3412785,812,TISSUE ACQUISITN CORNEAL,8124.0,6093.0,both
san_ramon,88237,CPT,7270070,310,TISSUE CULT BONE MARROW,95.0,71.25,both
san_ramon,88237,CPT,7270106,310,TISSUE CULT BONE MARROW/2,175.0,131.25,both
san_ramon,88230,CPT,7270067,310,TISSUE CULTURE LYMPHOCYTE,175.0,131.25,both
san_ramon,88230,CPT,7258202,310,TISSUE CULTURE LYMPHOCYTE/2,106.45,79.84,both
san_ramon,88235,CPT,7270069,310,TISSUE CULTURE PLACENTA/2,165.0,123.75,both
san_ramon,88233,CPT,7270068,310,TISSUE CULTURE SKIN/BIOPSY,175.0,131.25,both
san_ramon,88233,CPT,7258232,310,TISSUE CULTURE SKIN/BIOPSY/2,181.65,136.24,both
san_ramon,,,8177585,278,TISSUE EXPANDER,12376.0,9282.0,both
san_ramon,,,8177590,278,TISSUE EXPR IMPT,21386.0,16039.5,both
san_ramon,,,5311692,250,TIZANIDINE 4MG TB,65.0,48.75,both
san_ramon,,,5311692,637,TIZANIDINE 4MG TB,65.0,48.75,both
san_ramon,,,5194800,343,TL201 CHLORIDE 1MCI,204.0,153.0,both
san_ramon,,,8130316,274,TLSO FLX TRNK SJ-SS OTS,12707.0,9530.25,both
san_ramon,,,8130977,274,TLSO TRPLNR 2PC CSTM FAB,21602.0,16201.5,both
san_ramon,,,8130980,274,TLSO TRPLNR HYPEXT PREFB,6010.0,4507.5,both
san_ramon,70330,CPT,4900330,320,TM JOINTS BILATERAL,2030.0,1522.5,both
san_ramon,70328,CPT,4900328,320,TM JOINTS UNILATERAL,766.0,574.5,both
san_ramon,,,5332734,250,TOBRAMYC/DEXAMETH2.5MLOS,499.0,374.25,both
san_ramon,,,5332734,637,TOBRAMYC/DEXAMETH2.5MLOS,499.0,374.25,both
san_ramon,,,5332731,250,TOBRAMYC/DEXAMETH3.5GMOO,329.0,246.75,both
san_ramon,,,5332731,637,TOBRAMYC/DEXAMETH3.5GMOO,329.0,246.75,both
san_ramon,80200,CPT,4104468,300,TOBRAMYCIN,1356.0,1017.0,both
san_ramon,,,5332725,250,TOBRAMYCIN .3% 3.5GM OO,687.0,515.25,both
san_ramon,,,5332725,637,TOBRAMYCIN .3% 3.5GM OO,687.0,515.25,both
san_ramon,,,5332726,250,TOBRAMYCIN .3% 5ML OS,317.0,237.75,both
san_ramon,,,5332726,637,TOBRAMYCIN .3% 5ML OS,317.0,237.75,both
san_ramon,,,5337470,250,TOBRAMYCIN 1.2GM PW,4908.0,3681.0,both
san_ramon,,,5332732,250,TOBRAMYCIN 300MG 5ML IS,561.0,420.75,both
san_ramon,,,5332732,637,TOBRAMYCIN 300MG 5ML IS,561.0,420.75,both
san_ramon,,,5324780,250,TOBRAMYCIN UPTO 80MG IJ,1456.0,1092.0,both
san_ramon,,,5324780,636,TOBRAMYCIN UPTO 80MG IJ,1456.0,1092.0,both
san_ramon,,,5324793,636,TOCILIZUMAB (COVID) PER 1MG IJ,38.0,28.5,both
san_ramon,,,5324791,250,TOCILIZUMAB PER 1MG IJ,38.0,28.5,both
san_ramon,,,5324791,636,TOCILIZUMAB PER 1MG IJ,38.0,28.5,both
san_ramon,73660,CPT,4903660,320,TOE(S) 2 VIEWS,2171.0,1628.25,both
san_ramon,,,5311752,250,TOLTERODINE 2MG TB,48.0,36.0,both
san_ramon,,,5311752,637,TOLTERODINE 2MG TB,48.0,36.0,both
san_ramon,,,5311747,250,TOLTERODINE 2MG XR CP,72.0,54.0,both
san_ramon,,,5311747,637,TOLTERODINE 2MG XR CP,72.0,54.0,both
san_ramon,,,5311730,250,TOLVAPTAN 15MG TB,3358.0,2518.5,both
san_ramon,,,5311730,637,TOLVAPTAN 15MG TB,3358.0,2518.5,both
san_ramon,,,5311755,250,TOPIRAMATE 100MG TB,72.0,54.0,both
san_ramon,,,5311755,637,TOPIRAMATE 100MG TB,72.0,54.0,both
san_ramon,,,5311754,250,TOPIRAMATE 25MG TB,45.0,33.75,both
san_ramon,,,5311754,637,TOPIRAMATE 25MG TB,45.0,33.75,both
san_ramon,80201,CPT,7254470,300,TOPIRAMATE LVL,9.77,7.33,both
san_ramon,,,5311762,250,TORSEMIDE 20MG TB,48.0,36.0,both
san_ramon,,,5311762,637,TORSEMIDE 20MG TB,48.0,36.0,both
san_ramon,86778,CPT,7256923,300,TOXOPLASMA AB IGM,7.33,5.5,both
san_ramon,86777,CPT,7256922,300,TOXOPLASMA AB/5,15.75,11.81,both
san_ramon,,,5413009,250,TPN 2-1DEX AA .5L,4405.0,3303.75,both
san_ramon,,,5413009,636,TPN 2-1DEX AA .5L,4405.0,3303.75,both
san_ramon,,,5413010,250,TPN 2-1DEX AA 1L,5520.0,4140.0,both
san_ramon,,,5413010,636,TPN 2-1DEX AA 1L,5520.0,4140.0,both
san_ramon,,,5413015,250,TPN 2-1DEX AA 2L,11094.0,8320.5,both
san_ramon,,,5413015,636,TPN 2-1DEX AA 2L,11094.0,8320.5,both
san_ramon,,,5413020,250,TPN 2-1DEX AA 3L,14508.0,10881.0,both
san_ramon,,,5413020,636,TPN 2-1DEX AA 3L,14508.0,10881.0,both
san_ramon,,,5324844,250,TRACE METAL 1ML IJ,196.0,147.0,both
san_ramon,,,5311770,250,TRAMADOL 50MG TB,141.0,105.75,both
san_ramon,,,5311770,637,TRAMADOL 50MG TB,141.0,105.75,both
san_ramon,,,5324874,250,TRANEXAMIC ACID PER 5MG IJ,0.96,0.72,both
san_ramon,,,5324874,636,TRANEXAMIC ACID PER 5MG IJ,0.96,0.72,both
san_ramon,84460,CPT,4104460,300,TRANSAMINASE-SGPT (ALT),1066.0,799.5,both
san_ramon,84460,CPT,4154460,300,TRANSAMINASE-SGPT (ALT),662.0,496.5,both
san_ramon,84460,CPT,7254460,300,TRANSAMINASE-SGPT (ALT),19.0,14.25,both
san_ramon,,,5500665,360,TRANSBRONCH LUNG BIOPSY,9710.0,7282.5,both
san_ramon,,,5500670,360,TRANSBRONCH NDLE BIOPSY,10484.0,7863.0,both
san_ramon,,,4610387,360,TRANSCATH INS/RPL PERM LDLS PM,60783.0,45587.25,both
san_ramon,92953,CPT,6100610,450,TRANSCUTANEOUS PACING,2444.0,1833.0,both
san_ramon,84466,CPT,4104462,300,TRANSFERRIN,1618.0,1213.5,both
san_ramon,84466,CPT,4154462,300,TRANSFERRIN,502.0,376.5,both
san_ramon,84450,CPT,4104450,300,TRANSTERASE AST(SGOT),153.0,114.75,both
san_ramon,84450,CPT,4154450,300,TRANSTERASE AST(SGOT),116.0,87.0,both
san_ramon,84450,CPT,7254450,300,TRANSTERASE AST(SGOT),30.0,22.5,both
san_ramon,,,5324855,250,TRASTUZUMAB PER 10MG IJ,863.0,647.25,both
san_ramon,,,5324855,636,TRASTUZUMAB PER 10MG IJ,863.0,647.25,both
san_ramon,,,5311796,250,TRAZODONE 150MG TB,76.0,57.0,both
san_ramon,,,5311796,637,TRAZODONE 150MG TB,76.0,57.0,both
san_ramon,,,5311791,250,TRAZODONE 50MG TB,60.0,45.0,both
san_ramon,,,5311791,637,TRAZODONE 50MG TB,60.0,45.0,both
san_ramon,81340,CPT,7270039,310,TRB AMPLIFICATION METHOD,265.0,198.75,both
san_ramon,86780,CPT,7256650,300,TREPONEMA PALLIDUM AB,4.89,3.67,both
san_ramon,86780,CPT,7256781,300,TREPONEMA PALLIDUM AB/4,7.33,5.5,both
san_ramon,,,5311800,250,TRETINOIN 10MG CP,192.0,144.0,both
san_ramon,,,5311800,637,TRETINOIN 10MG CP,192.0,144.0,both
san_ramon,,,5337620,250,TRIAMCIN-A .1% 5GM PASTE,447.0,335.25,both
san_ramon,,,5337620,637,TRIAMCIN-A .1% 5GM PASTE,447.0,335.25,both
san_ramon,,,5324072,250,TRIAMCIN-A PF PER1MG IJ,48.0,36.0,both
san_ramon,,,5324072,636,TRIAMCIN-A PF PER1MG IJ,48.0,36.0,both
san_ramon,,,5337615,250,TRIAMCINOL-A .1%15GM CR,90.0,67.5,both
san_ramon,,,5337615,637,TRIAMCINOL-A .1%15GM CR,90.0,67.5,both
san_ramon,,,5324865,250,TRIAMCINOLON A PER10MGIJ,48.0,36.0,both
san_ramon,,,5324865,636,TRIAMCINOLON A PER10MGIJ,48.0,36.0,both
san_ramon,,,5337575,250,TRIAMCINOLONE .1%15GM OI,681.0,510.75,both
san_ramon,,,5337575,637,TRIAMCINOLONE .1%15GM OI,681.0,510.75,both
san_ramon,,,5337595,250,TRIAMCINOLONE .5%15GM CR,1010.0,757.5,both
san_ramon,,,5337595,637,TRIAMCINOLONE .5%15GM CR,1010.0,757.5,both
san_ramon,,,5332737,250,TRIAMCINOLONE 16.5GM SP,832.0,624.0,both
san_ramon,,,5332737,637,TRIAMCINOLONE 16.5GM SP,832.0,624.0,both
san_ramon,,,5337545,250,TRIAMCINOLONE.025%15GMCR,535.0,401.25,both
san_ramon,,,5337545,637,TRIAMCINOLONE.025%15GMCR,535.0,401.25,both
san_ramon,,,5311862,250,TRIAMTER-HCTZ 37.5/25 CP,29.0,21.75,both
san_ramon,,,5311862,637,TRIAMTER-HCTZ 37.5/25 CP,29.0,21.75,both
san_ramon,,,5311863,250,TRIAMTER-HCTZ 37.5/25 TB,71.0,53.25,both
san_ramon,,,5311863,637,TRIAMTER-HCTZ 37.5/25 TB,71.0,53.25,both
san_ramon,87661,CPT,7257661,300,TRICHOMONAS AMP PROBE,33.0,24.75,both
san_ramon,84478,CPT,4104475,300,TRIGLYCERIDES,884.0,663.0,both
san_ramon,84478,CPT,4154475,300,TRIGLYCERIDES,341.0,255.75,both
san_ramon,84478,CPT,7254475,300,TRIGLYCERIDES/2,7.25,5.44,both
san_ramon,84478,CPT,7258447,300,TRIGLYCERIDES/4,2.25,1.69,both
san_ramon,,,5311942,250,TRIHEXYPHENIDYL 2MGTB,77.0,57.75,both
san_ramon,,,5311942,637,TRIHEXYPHENIDYL 2MGTB,77.0,57.75,both
san_ramon,84479,CPT,7254250,300,TRIIODTHYRN (T3/T4) UPTAKE,2.25,1.69,both
san_ramon,84480,CPT,4103538,300,TRIIODTHYRNINE TOTAL T3,1053.0,789.75,both
san_ramon,84480,CPT,4153538,300,TRIIODTHYRNINE TOTAL T3,481.0,360.75,both
san_ramon,84480,CPT,7251278,300,TRIIODTHYRNINE TOTAL T3/2,3.67,2.75,both
san_ramon,,,6900035,360,TRIM NAILS ANY NUMBER,521.0,390.75,both
san_ramon,,,6900035,361,TRIM NAILS ANY NUMBER,521.0,390.75,both
san_ramon,,,6900071,360,TRIM SKIN LESION 2-4,1294.0,970.5,both
san_ramon,,,6900071,361,TRIM SKIN LESION 2-4,1294.0,970.5,both
san_ramon,,,6900072,360,TRIM SKIN LESION >4,1576.0,1182.0,both
san_ramon,,,6900072,361,TRIM SKIN LESION >4,1576.0,1182.0,both
san_ramon,,,6900070,360,TRIM SKIN LESION SINGLE,1294.0,970.5,both
san_ramon,,,6900070,361,TRIM SKIN LESION SINGLE,1294.0,970.5,both
san_ramon,,,4617200,360,TRNSCTH BIOPSY,60776.0,45582.0,both
san_ramon,75970,CPT,4615971,320,TRNSCTH BIOPSY S&I,9311.0,6983.25,both
san_ramon,75894,CPT,4616005,320,TRNSCTH EMBOLIZATN,10117.0,7587.75,both
san_ramon,,,4617182,360,TRNSVN INTRHEP PORT SHNT,16988.0,12741.0,both
san_ramon,,,5332774,250,TROPICAMIDE .5% 15ML OS,1141.0,855.75,both
san_ramon,,,5332781,250,TROPICAMIDE 1% 15ML OS,472.0,354.0,both
san_ramon,,,5332780,250,TROPICAMIDE 1% 2ML OS,61.0,45.75,both
san_ramon,84484,CPT,4157235,300,TROPONIN QUAN,1282.0,961.5,both
san_ramon,84484,CPT,4107235,300,TROPONIN QUAN/2,1939.0,1454.25,both
san_ramon,,,8057028,278,TRY CATH PICC NRS SL FUL,1091.0,818.25,both
san_ramon,,,8083682,272,TRY INTRD PERC SHLY TRCH,2367.0,1775.25,both
san_ramon,83519,CPT,7254489,300,TRYPSIN BLOOD TOTAL,7.0,5.25,both
san_ramon,83520,CPT,7253529,300,TRYPTASE LEVEL,35.71,26.78,both
san_ramon,84443,CPT,4104443,300,TSH,1392.0,1044.0,both
san_ramon,84443,CPT,4154443,300,TSH,1178.0,883.5,both
san_ramon,84443,CPT,7254440,300,TSH/2,2.58,1.94,both
san_ramon,86580,CPT,5324989,300,TUBERCULIN PPD 5TU IJ,383.0,287.25,both
san_ramon,86580,CPT,5764989,300,TUBERCULIN PPD 5TU IJ,269.0,201.75,both
san_ramon,88361,CPT,7270090,310,TUMOR IMM PER SPEC COMPT,94.0,70.5,both
san_ramon,88360,CPT,4300083,310,TUMOR IMM PER SPEC MAN,108.97,81.73,both
san_ramon,88360,CPT,7188005,310,TUMOR IMM PER SPEC MAN,105.22,78.92,both
san_ramon,88360,CPT,7270089,310,TUMOR IMM PER SPEC MAN,120.0,90.0,both
san_ramon,88360,CPT,7270141,310,TUMOR IMM PER SPEC MAN/2,58.0,43.5,both
san_ramon,88360,CPT,7258893,310,TUMOR IMM PER SPEC MAN/3,16.29,12.22,both
san_ramon,88360,CPT,7270145,310,TUMOR IMM PER SPEC MAN/3,156.0,117.0,both
san_ramon,88360,CPT,7270146,310,TUMOR IMM PER SPEC MAN/4,165.0,123.75,both
san_ramon,78804,CPT,5208804,341,TUMOR LOC 2D WHOLE BDY 2+DAYS,7812.0,5859.0,both
san_ramon,78800,CPT,5202002,341,TUMOR LOCAL PLANAR SNGL AREA,2940.0,2205.0,both
san_ramon,78803,CPT,5208803,341,TUMR LOC SPECT SGL AREA SGL DY,15177.0,11382.75,both
san_ramon,81003,CPT,4151003,300,UA AUTO W/O MICRO,208.0,156.0,both
san_ramon,81003,CPT,7251003,300,UA AUTO W/O MICRO,13.78,10.34,both
san_ramon,81000,CPT,4101000,300,UA NON-AUTO W/MICRO,386.0,289.5,both
san_ramon,81000,CPT,4151000,300,UA NON-AUTO W/MICRO,319.0,239.25,both
san_ramon,81002,CPT,4151098,300,UA NON-AUTO W/O MICRO/3,209.0,156.75,both
san_ramon,81005,CPT,4101005,300,UA QUAL/SEMIQUANT,69.0,51.75,both
san_ramon,,,5312244,250,UBIQUINONE 100MG CP,15.0,11.25,both
san_ramon,,,5312244,637,UBIQUINONE 100MG CP,15.0,11.25,both
san_ramon,,,5303031,250,UBIQUINONE 50MG CP,15.0,11.25,both
san_ramon,,,5303031,637,UBIQUINONE 50MG CP,15.0,11.25,both
san_ramon,93930,CPT,5062007,921,UE ART IMAGING COMP BILAT,5545.0,4158.75,both
san_ramon,93931,CPT,5067206,921,UE ART IMAGING UNI/LTD,4176.0,3132.0,both
san_ramon,,,8137048,274,UE FX ADD SOCK,481.0,360.75,both
san_ramon,,,8130041,274,UE FX HUMERAL,5278.0,3958.5,both
san_ramon,93923,CPT,6903923,921,UE/LE ART STUD COMP 3+LVL,2105.0,1578.75,both
san_ramon,93922,CPT,5067196,921,UE/LE ART STUD LTD 1-2LV,2142.0,1606.5,both
san_ramon,93922,CPT,6903925,921,UE/LE ART STUD LTD 1-2LV,1724.0,1293.0,both
san_ramon,93970,CPT,5062013,921,UE/LE IMG VEINS COMP BILAT,6048.0,4536.0,both
san_ramon,93971,CPT,5067138,921,UE/LE IMG VEINS UNI/LTD,6113.0,4584.75,both
san_ramon,,,3112120,360,UMBILICAL ART LINE NB,2651.0,1988.25,both
san_ramon,,,3112120,361,UMBILICAL ART LINE NB,2651.0,1988.25,both
san_ramon,,,3112130,360,UMBILICAL VEIN LINE NB,2651.0,1988.25,both
san_ramon,,,3112130,361,UMBILICAL VEIN LINE NB,2651.0,1988.25,both
san_ramon,81479,CPT,7270054,310,UNLISTED MOLEC PROC,477.0,357.75,both
san_ramon,81479,CPT,7270134,310,UNLISTED MOLEC PROC/10,240.0,180.0,both
san_ramon,81479,CPT,7270169,310,UNLISTED MOLEC PROC/11,3397.0,2547.75,both
san_ramon,81479,CPT,7270171,310,UNLISTED MOLEC PROC/12,1255.0,941.25,both
san_ramon,81479,CPT,7270172,310,UNLISTED MOLEC PROC/13,1555.0,1166.25,both
san_ramon,81479,CPT,7270181,310,UNLISTED MOLEC PROC/17,480.0,360.0,both
san_ramon,81479,CPT,7270126,310,UNLISTED MOLEC PROC/2,435.0,326.25,both
san_ramon,81479,CPT,7270127,310,UNLISTED MOLEC PROC/3,1910.0,1432.5,both
san_ramon,81479,CPT,7270128,310,UNLISTED MOLEC PROC/4,1380.0,1035.0,both
san_ramon,81479,CPT,7270129,310,UNLISTED MOLEC PROC/5,2950.0,2212.5,both
san_ramon,81479,CPT,7270130,310,UNLISTED MOLEC PROC/6,1574.0,1180.5,both
san_ramon,81479,CPT,7270131,310,UNLISTED MOLEC PROC/7,1800.0,1350.0,both
san_ramon,81479,CPT,7270133,310,UNLISTED MOLEC PROC/9,522.0,391.5,both
san_ramon,,,5600257,809,UNSCHED DIAL ESRD PT,6170.0,4627.5,both
san_ramon,,,5600257,829,UNSCHED DIAL ESRD PT,6170.0,4627.5,both
san_ramon,73092,CPT,4903092,320,UPPER EXTREMITY INFANT,491.0,368.25,both
san_ramon,74246,CPT,4904244,320,UPPER GI DOUBLE CM STDY,3644.0,2733.0,both
san_ramon,74248,CPT,4904248,320,UPPER GI SM INT F-THRU STD,5361.0,4020.75,both
san_ramon,74240,CPT,4904242,320,UPPER GI W/SNGL CM STDY,3693.0,2769.75,both
san_ramon,84540,CPT,4104540,300,UREA NITROGEN URINE,1441.0,1080.75,both
san_ramon,84540,CPT,4154540,300,UREA NITROGEN URINE,578.0,433.5,both
san_ramon,74450,CPT,4904450,320,URETHROCYSTOGRAPHY RETR,4401.0,3300.75,both
san_ramon,74455,CPT,4904455,320,URETHROCYSTOGRAPHY VOID,5261.0,3945.75,both
san_ramon,84550,CPT,4104550,300,URIC ACID BLOOD,181.0,135.75,both
san_ramon,84550,CPT,4154550,300,URIC ACID BLOOD,141.0,105.75,both
san_ramon,84560,CPT,4154557,300,URIC ACID OTHR SOURCE,547.0,410.25,both
san_ramon,84560,CPT,7254559,300,URIC ACID OTHR SOURCE/2,2.0,1.5,both
san_ramon,84560,CPT,4104560,300,URIC ACID OTHR SOURCE/3,1328.0,996.0,both
san_ramon,84560,CPT,4154560,300,URIC ACID OTHR SOURCE/3,637.0,477.75,both
san_ramon,74420,CPT,4904420,320,UROG/PYELOGRAPHY RETRO,5332.0,3999.0,both
san_ramon,74410,CPT,4904402,320,UROGRAM INFUSION,2173.0,1629.75,both
san_ramon,74400,CPT,4904400,320,UROGRAPHY EXCRETORY(IVP),4389.0,3291.75,both
san_ramon,,,5312255,250,URSODIOL 300MG CP,71.0,53.25,both
san_ramon,,,5312255,637,URSODIOL 300MG CP,71.0,53.25,both
san_ramon,76705,CPT,3076705,402,US ABD LTD SNGLE/QUAD/FU,5071.0,3803.25,both
san_ramon,76705,CPT,5066705,402,US ABD LTD SNGLE/QUAD/FU,6205.0,4653.75,both
san_ramon,76700,CPT,5066700,402,US ABDOMEN COMPLETE,5659.0,4244.25,both
san_ramon,76641,CPT,3070016,402,US BREAST UNI COMPLETE,924.0,693.0,both
san_ramon,76641,CPT,5066645,402,US BREAST UNI COMPLETE,2073.0,1554.75,both
san_ramon,76642,CPT,3076642,402,US BREAST UNI LTD,513.0,384.75,both
san_ramon,76642,CPT,5066642,402,US BREAST UNI LTD,553.0,414.75,both
san_ramon,76604,CPT,3076604,402,US CHEST INCLD MEDIASTNM,3864.0,2898.0,both
san_ramon,76604,CPT,5066604,402,US CHEST INCLD MEDIASTNM,3253.0,2439.75,both
san_ramon,76936,CPT,5066936,402,US COMPRESSN REP PSEUDAN,4353.0,3264.75,both
san_ramon,76982,CPT,5066982,402,US ELASTOGRAPHY 1ST TRGT LES,1189.0,891.75,both
san_ramon,76981,CPT,5060346,402,US ELASTOGRAPHY ORGAN,1189.0,891.75,both
san_ramon,76983,CPT,5066983,402,US ELASTOGRPHY EA ADL TRGT LES,535.0,401.25,both
san_ramon,76706,CPT,5060389,402,US EXAM AAA SCREEN,1251.0,938.25,both
san_ramon,76998,CPT,5066986,402,US GUIDANCE INTRAOPERATV,1368.0,1026.0,both
san_ramon,76946,CPT,3100380,402,US GUIDE AMNIOCENTESIS,5958.0,4468.5,both
san_ramon,76946,CPT,5066862,402,US GUIDE AMNIOCENTESIS,5958.0,4468.5,both
san_ramon,76965,CPT,5066965,402,US GUIDE INTERST RAD APP,1894.0,1420.5,both
san_ramon,76965,CPT,5106965,402,US GUIDE INTERST RAD APP,2975.0,2231.25,both
san_ramon,76942,CPT,4616942,402,US GUIDE NEEDLE PLACEMNT,4615.0,3461.25,both
san_ramon,76942,CPT,5066960,402,US GUIDE NEEDLE PLACEMNT,4615.0,3461.25,both
san_ramon,76937,CPT,4616937,402,US GUIDE VASCULAR ACCESS,2476.0,1857.0,both
san_ramon,76937,CPT,5066937,402,US GUIDE VASCULAR ACCESS,2214.0,1660.5,both
san_ramon,76802,CPT,5066802,402,US OB COMP<14WK ADD GEST,2190.0,1642.5,both
san_ramon,76801,CPT,5066801,402,US OB COMP<14WKS 1STGEST,5058.0,3793.5,both
san_ramon,76810,CPT,5066843,402,US OB COMP>14WK ADD GEST,8890.0,6667.5,both
san_ramon,76805,CPT,5066825,402,US OB COMP>14WK SGL GEST,6016.0,4512.0,both
san_ramon,76816,CPT,5066826,402,US OB F/U PER FETUS,4080.0,3060.0,both
san_ramon,76815,CPT,5066810,402,US OB LTD 1OR> FETUS,5060.0,3795.0,both
san_ramon,76817,CPT,5066816,402,US OB TRANSVAGINAL,3493.0,2619.75,both
san_ramon,76856,CPT,5066856,402,US PELVIC COMPLETE,5035.0,3776.25,both
san_ramon,76857,CPT,5066858,402,US PELVIC LTD/FU,1129.0,846.75,both
san_ramon,76770,CPT,5066770,402,US RETROPERITONEAL COMP,5961.0,4470.75,both
san_ramon,76775,CPT,5066775,402,US RETROPERITONEAL LTD,3838.0,2878.5,both
san_ramon,76870,CPT,5066782,402,US SCROTUM CONTENTS,5285.0,3963.75,both
san_ramon,76536,CPT,3076536,402,US SOFT TISSUE HEAD/NECK,5066.0,3799.5,both
san_ramon,76536,CPT,5066536,402,US SOFT TISSUE HEAD/NECK,4405.0,3303.75,both
san_ramon,76776,CPT,5066778,402,US TRANSPLANT KIDNEY,4776.0,3582.0,both
san_ramon,76830,CPT,3076830,402,US TRANSVAGINAL NOT OB,2129.0,1596.75,both
san_ramon,76830,CPT,5066830,402,US TRANSVAGINAL NOT OB,3280.0,2460.0,both
san_ramon,76881,CPT,5066861,402,US XTR JOINT COMPLETE,790.0,592.5,both
san_ramon,76882,CPT,5066863,402,US XTR JOINT LMTD,1027.0,770.25,both
san_ramon,76882,CPT,5066864,402,US XTR SOFT TISSUE LMTD,790.0,592.5,both
san_ramon,93352,CPT,4603352,483,USE CONTRAST AGENT ECHO,670.0,502.5,both
san_ramon,97605,CPT,3217605,940,VAC WOUND TX < 50SQCM,1858.0,1393.5,both
san_ramon,,,5312258,250,VALACYCLOVIR 500MG TB,143.0,107.25,both
san_ramon,,,5312258,637,VALACYCLOVIR 500MG TB,143.0,107.25,both
san_ramon,,,5312263,250,VALGANCICLOVIR 450MG TB,713.0,534.75,both
san_ramon,,,5312263,637,VALGANCICLOVIR 450MG TB,713.0,534.75,both
san_ramon,,,5312261,250,VALPROATE 250MG CP,68.0,51.0,both
san_ramon,,,5312261,637,VALPROATE 250MG CP,68.0,51.0,both
san_ramon,,,5316585,250,VALPROATE 250MG/5ML LQ,45.0,33.75,both
san_ramon,,,5316585,637,VALPROATE 250MG/5ML LQ,45.0,33.75,both
san_ramon,,,5325065,250,VALPROATE 500MG/5ML IJ,538.0,403.5,both
san_ramon,80164,CPT,4104584,300,VALPROIC ACID TOTAL,1600.0,1200.0,both
san_ramon,80164,CPT,4154584,300,VALPROIC ACID TOTAL,692.0,519.0,both
san_ramon,,,5312266,250,VALSARTAN 160MG TB,48.0,36.0,both
san_ramon,,,5312266,637,VALSARTAN 160MG TB,48.0,36.0,both
san_ramon,,,5312269,250,VALSARTAN 320MG TB,89.0,66.75,both
san_ramon,,,5312269,637,VALSARTAN 320MG TB,89.0,66.75,both
san_ramon,,,5312265,250,VALSARTAN 80MG TB,60.0,45.0,both
san_ramon,,,5312265,637,VALSARTAN 80MG TB,60.0,45.0,both
san_ramon,80202,CPT,4100031,300,VANCOMYCIN,1961.0,1470.75,both
san_ramon,80202,CPT,4150031,300,VANCOMYCIN,670.0,502.5,both
san_ramon,,,5312271,250,VANCOMYCIN 250MG CP,622.0,466.5,both
san_ramon,,,5312271,637,VANCOMYCIN 250MG CP,622.0,466.5,both
san_ramon,,,5325062,250,VANCOMYCIN PER 10MG IJ,1.0,0.75,both
san_ramon,,,5325062,636,VANCOMYCIN PER 10MG IJ,1.0,0.75,both
san_ramon,,,5325063,250,VANCOMYCIN PER 10MG IVPB IJ,1.0,0.75,both
san_ramon,,,5325063,636,VANCOMYCIN PER 10MG IVPB IJ,1.0,0.75,both
san_ramon,,,5325064,250,VANCOMYCIN PER 10MG PMX IJ,2.0,1.5,both
san_ramon,,,5325064,636,VANCOMYCIN PER 10MG PMX IJ,2.0,1.5,both
san_ramon,80202,CPT,4100032,300,VANCOMYCIN/2,1535.0,1151.25,both
san_ramon,,,5316594,250,VANCOMYCIN250MG/10ML LQ,61.0,45.75,both
san_ramon,,,5316594,637,VANCOMYCIN250MG/10ML LQ,61.0,45.75,both
san_ramon,94799,CPT,5504646,460,VAPOTHERM INITIAL,1400.0,1050.0,both
san_ramon,94799,CPT,5504647,460,VAPOTHERM MANAGEMENT DLY,1400.0,1050.0,both
san_ramon,,,5312296,250,VARENICLINE 1MG TB,120.0,90.0,both
san_ramon,,,5312296,637,VARENICLINE 1MG TB,120.0,90.0,both
san_ramon,86787,CPT,7256266,300,VARICELLA ZOSTER AB,15.75,11.81,both
san_ramon,86787,CPT,7256273,300,VARICELLA ZOSTER AB/2,13.49,10.12,both
san_ramon,86787,CPT,7256786,300,VARICELLA ZOSTER AB/3,3.46,2.6,both
san_ramon,86787,CPT,7256788,300,VARICELLA ZOSTER AB/4,15.75,11.81,both
san_ramon,,,4617242,360,VASC EMB/OCC ARTERY,14014.0,10510.5,both
san_ramon,,,4617244,360,VASC EMB/OCC BLEED,137476.0,103107.0,both
san_ramon,,,4617243,360,VASC EMB/OCC ORGAN,19928.0,14946.0,both
san_ramon,84586,CPT,7254238,300,VASOACTIVE INTST POLYPEP,35.0,26.25,both
san_ramon,,,5325094,250,VASOPRESSIN PER 1U IJ,61.0,45.75,both
san_ramon,,,5325094,636,VASOPRESSIN PER 1U IJ,61.0,45.75,both
san_ramon,,,5325114,250,VECURONIUM 10MG IJ,274.0,205.5,both
san_ramon,,,5325115,250,VECURONIUM 20MG IJ,419.0,314.25,both
san_ramon,80280,CPT,7250012,300,VEDOLIZUMAB,75.0,56.25,both
san_ramon,,,5325119,250,VEDOLIZUMAB IV PER 1MG IJ,156.0,117.0,both
san_ramon,,,5325119,636,VEDOLIZUMAB IV PER 1MG IJ,156.0,117.0,both
san_ramon,36415,CPT,4209010,300,VENIPUNCTURE/3,185.0,138.75,both
san_ramon,36415,CPT,4209011,300,VENIPUNCTURE/4,249.0,186.75,both
san_ramon,,,5312279,250,VENLAFAXINE 100MG TB,89.0,66.75,both
san_ramon,,,5312279,637,VENLAFAXINE 100MG TB,89.0,66.75,both
san_ramon,,,5312272,250,VENLAFAXINE 150MG XR CP,89.0,66.75,both
san_ramon,,,5312272,637,VENLAFAXINE 150MG XR CP,89.0,66.75,both
san_ramon,,,5312276,250,VENLAFAXINE 37.5MG TB,62.0,46.5,both
san_ramon,,,5312276,637,VENLAFAXINE 37.5MG TB,62.0,46.5,both
san_ramon,,,5312273,250,VENLAFAXINE 37.5MG XR CP,76.0,57.0,both
san_ramon,,,5312273,637,VENLAFAXINE 37.5MG XR CP,76.0,57.0,both
san_ramon,,,5312277,250,VENLAFAXINE 50MG TB,55.0,41.25,both
san_ramon,,,5312277,637,VENLAFAXINE 50MG TB,55.0,41.25,both
san_ramon,,,5312278,250,VENLAFAXINE 75MG TB,72.0,54.0,both
san_ramon,,,5312278,637,VENLAFAXINE 75MG TB,72.0,54.0,both
san_ramon,,,5312274,250,VENLAFAXINE 75MG XR CP,89.0,66.75,both
san_ramon,,,5312274,637,VENLAFAXINE 75MG XR CP,89.0,66.75,both
san_ramon,75822,CPT,4615823,320,VENOGRAM EXTREMITY BI,5857.0,4392.75,both
san_ramon,75820,CPT,4615821,320,VENOGRAM EXTREMITY UNI,5720.0,4290.0,both
san_ramon,75831,CPT,4615832,320,VENOGRAPHY RENAL UNILAT,5918.0,4438.5,both
san_ramon,75860,CPT,4615861,320,VENOGRM VNUS SINUS/JUGUL,7286.0,5464.5,both
san_ramon,75893,CPT,4615893,320,VENOUS SAMPLING VIA CATH,17279.0,12959.25,both
san_ramon,94002,CPT,5500610,410,VENT <12 HOURS,17009.0,12756.75,both
san_ramon,,,5312288,250,VERAPAMIL 120MG TB,106.0,79.5,both
san_ramon,,,5312288,637,VERAPAMIL 120MG TB,106.0,79.5,both
san_ramon,,,5312291,250,VERAPAMIL 120MG XR TB,32.0,24.0,both
san_ramon,,,5312291,637,VERAPAMIL 120MG XR TB,32.0,24.0,both
san_ramon,,,5312286,250,VERAPAMIL 120MG XR24 CP,20.0,15.0,both
san_ramon,,,5312286,637,VERAPAMIL 120MG XR24 CP,20.0,15.0,both
san_ramon,,,5312290,250,VERAPAMIL 180MG XR TB,92.0,69.0,both
san_ramon,,,5312290,637,VERAPAMIL 180MG XR TB,92.0,69.0,both
san_ramon,,,5312302,250,VERAPAMIL 180MG XR24 CP,92.0,69.0,both
san_ramon,,,5312302,637,VERAPAMIL 180MG XR24 CP,92.0,69.0,both
san_ramon,,,5312289,250,VERAPAMIL 240 XR TB,104.0,78.0,both
san_ramon,,,5312289,637,VERAPAMIL 240 XR TB,104.0,78.0,both
san_ramon,,,5312283,250,VERAPAMIL 40MG TB,84.0,63.0,both
san_ramon,,,5312283,637,VERAPAMIL 40MG TB,84.0,63.0,both
san_ramon,,,5312284,250,VERAPAMIL 80MG TB,71.0,53.25,both
san_ramon,,,5312284,637,VERAPAMIL 80MG TB,71.0,53.25,both
san_ramon,,,5325125,250,VERAPAMIL2.5MG/ML 2ML IJ,811.0,608.25,both
san_ramon,82726,CPT,7259920,300,VERY LNG CHN FATTY ACID,129.0,96.75,both
san_ramon,,,5325198,250,VINCRISTINE PER 1MG IJ,652.0,489.0,both
san_ramon,,,5325198,636,VINCRISTINE PER 1MG IJ,652.0,489.0,both
san_ramon,87254,CPT,7257254,300,VIRUS INOC SHELL EACH,4.49,3.37,both
san_ramon,85810,CPT,7257192,300,VISCOSITY,10.49,7.87,both
san_ramon,82652,CPT,7254594,300,VIT D1 25-DIHYDROXY,9.77,7.33,both
san_ramon,94150,CPT,5501213,460,VITAL CAPACITY,408.0,306.0,both
san_ramon,84590,CPT,7254590,300,VITAMIN A,9.5,7.13,both
san_ramon,,,5312335,250,VITAMIN A 10MU CP,20.0,15.0,both
san_ramon,,,5312335,637,VITAMIN A 10MU CP,20.0,15.0,both
san_ramon,,,5337700,250,VITAMIN A&D 120GM OI,42.0,31.5,both
san_ramon,,,5337700,637,VITAMIN A&D 120GM OI,42.0,31.5,both
san_ramon,,,5337701,250,VITAMIN A&D 45GM OI,29.0,21.75,both
san_ramon,,,5337701,637,VITAMIN A&D 45GM OI,29.0,21.75,both
san_ramon,,,5337735,250,VITAMIN A&D 60GM OI,60.0,45.0,both
san_ramon,,,5337735,637,VITAMIN A&D 60GM OI,60.0,45.0,both
san_ramon,,,5312364,250,VITAMIN B-12 1000MCG TB,24.0,18.0,both
san_ramon,,,5312364,637,VITAMIN B-12 1000MCG TB,24.0,18.0,both
san_ramon,,,5312363,250,VITAMIN B-12 100MCG TB,16.0,12.0,both
san_ramon,,,5312363,637,VITAMIN B-12 100MCG TB,16.0,12.0,both
san_ramon,,,5312375,250,VITAMIN D 1000U TB,13.0,9.75,both
san_ramon,,,5312375,637,VITAMIN D 1000U TB,13.0,9.75,both
san_ramon,82306,CPT,4104595,300,VITAMIN D/25 HYDROXY,1458.0,1093.5,both
san_ramon,82306,CPT,4154595,300,VITAMIN D/25 HYDROXY,918.0,688.5,both
san_ramon,82306,CPT,7252306,300,VITAMIN D/25 HYDROXY,32.0,24.0,both
san_ramon,82306,CPT,7254595,300,VITAMIN D/25 HYDROXY/2,7.95,5.96,both
san_ramon,,,5312390,250,VITAMIN D3 400U TB,16.0,12.0,both
san_ramon,,,5312390,637,VITAMIN D3 400U TB,16.0,12.0,both
san_ramon,,,5312405,250,VITAMIN E 200U CP,24.0,18.0,both
san_ramon,,,5312405,637,VITAMIN E 200U CP,24.0,18.0,both
san_ramon,,,5312407,250,VITAMIN E 400U CP,4.0,3.0,both
san_ramon,,,5312407,637,VITAMIN E 400U CP,4.0,3.0,both
san_ramon,84597,CPT,7254597,300,VITAMIN K,42.0,31.5,both
san_ramon,84591,CPT,7254592,300,VITAMIN NOS/2,40.0,30.0,both
san_ramon,84446,CPT,7254446,300,VITAMN E(TOCOPHRL ALPHA),8.65,6.49,both
san_ramon,86596,CPT,7253587,300,VOLTAGE GATED CALCIUM/2,90.0,67.5,both
san_ramon,94003,CPT,5500626,410,VOLUME VENT SUBSQ/DLY,14544.0,10908.0,both
san_ramon,94002,CPT,5500620,410,VOLUME VENTILATOR INTL,17009.0,12756.75,both
san_ramon,,,5325246,636,VON WILLEBRANDFC PER1UIJ,13.0,9.75,both
san_ramon,80285,CPT,7250015,300,VORICONAZOLE,64.0,48.0,both
san_ramon,80299,CPT,7251442,300,VORICONAZOLE,64.0,48.0,both
san_ramon,,,5312451,250,VORICONAZOLE 200MG TB,444.0,333.0,both
san_ramon,,,5312451,637,VORICONAZOLE 200MG TB,444.0,333.0,both
san_ramon,,,5325239,250,VORICONAZOLE PER 10MG IJ,92.0,69.0,both
san_ramon,,,5325239,636,VORICONAZOLE PER 10MG IJ,92.0,69.0,both
san_ramon,,,5312460,250,VORTIOXETINE 5MG TB,128.0,96.0,both
san_ramon,,,5312460,637,VORTIOXETINE 5MG TB,128.0,96.0,both
san_ramon,,,5312481,250,WARFARIN 1MG TB,60.0,45.0,both
san_ramon,,,5312481,637,WARFARIN 1MG TB,60.0,45.0,both
san_ramon,,,5312480,250,WARFARIN 2.5MG TB,60.0,45.0,both
san_ramon,,,5312480,637,WARFARIN 2.5MG TB,60.0,45.0,both
san_ramon,,,5312484,250,WARFARIN 2MG TB,60.0,45.0,both
san_ramon,,,5312484,637,WARFARIN 2MG TB,60.0,45.0,both
san_ramon,,,5312483,250,WARFARIN 3MG TB,71.0,53.25,both
san_ramon,,,5312483,637,WARFARIN 3MG TB,71.0,53.25,both
san_ramon,,,5312488,250,WARFARIN 5MG TB,71.0,53.25,both
san_ramon,,,5312488,637,WARFARIN 5MG TB,71.0,53.25,both
san_ramon,,,5312492,250,WARFARIN 7.5MG TB,72.0,54.0,both
san_ramon,,,5312492,637,WARFARIN 7.5MG TB,72.0,54.0,both
san_ramon,,,8137070,278,WASHER CANCL,419.0,314.25,both
san_ramon,,,5325248,250,WATER INJ STERL 100ML IJ,82.0,61.5,both
san_ramon,,,5325250,250,WATER INJ STERL 10ML IJ,113.0,84.75,both
san_ramon,,,5325254,250,WATER INJ STERL 50ML IJ,58.0,43.5,both
san_ramon,,,5412790,270,WATER STERL INJ 1L IVF,168.0,126.0,both
san_ramon,,,6900400,360,WDC SURG PROC LEVEL I,985.0,738.75,both
san_ramon,,,6900400,361,WDC SURG PROC LEVEL I,985.0,738.75,both
san_ramon,,,6900402,360,WDC SURG PROC LEVEL II,2044.0,1533.0,both
san_ramon,,,6900402,361,WDC SURG PROC LEVEL II,2044.0,1533.0,both
san_ramon,,,6900404,360,WDC SURG PROC LEVEL III,3184.0,2388.0,both
san_ramon,,,6900404,361,WDC SURG PROC LEVEL III,3184.0,2388.0,both
san_ramon,,,6900406,360,WDC SURG PROC LEVEL IV,7756.0,5817.0,both
san_ramon,,,6900406,361,WDC SURG PROC LEVEL IV,7756.0,5817.0,both
san_ramon,,,6900408,360,WDC SURG PROC LEVEL V,9111.0,6833.25,both
san_ramon,,,6900408,361,WDC SURG PROC LEVEL V,9111.0,6833.25,both
san_ramon,86789,CPT,7256784,300,WEST NILE VIRUS,20.37,15.28,both
san_ramon,86788,CPT,7256783,300,WEST NILE VIRUS IGM,19.0,14.25,both
san_ramon,86788,CPT,7256789,300,WEST NILE VIRUS IGM/2,20.36,15.27,both
san_ramon,86789,CPT,7256785,300,WEST NILE VIRUS/2,19.0,14.25,both
san_ramon,,,8130021,274,WHFO WRST EXT NONMOLD,70.0,52.5,both
san_ramon,,,8177975,278,WIRE CERCLAGE,4682.0,3511.5,both
san_ramon,,,8137090,272,WIRE GUIDEPINCAL,1178.0,883.5,both
san_ramon,,,8137095,278,WIRE KIRCHNER PL,597.0,447.75,both
san_ramon,,,8177990,272,WIREGDE AMPLTZ,294.0,220.5,both
san_ramon,,,4027010,278,WRAP NRV PROTCT AXOGUARD,43876.0,32907.0,both
san_ramon,73100,CPT,4903100,320,WRIST 2 VIEWS,2100.0,1575.0,both
san_ramon,73110,CPT,4903110,320,WRIST 3 VIEWS MINIMUM,3221.0,2415.75,both
san_ramon,73115,CPT,4903115,320,WRIST ARTHROGRAPHY,5900.0,4425.0,both
san_ramon,,,8240423,278,WSTNT B ENDOPROS VIATOR,31254.0,23440.5,both
san_ramon,,,4027020,278,WSTNT B RX ENDOPROS,14459.0,10844.25,both
san_ramon,74220,CPT,4904220,320,X-RAY ESOPHAGUS SNGL CM STDY,2837.0,2127.75,both
san_ramon,,,5312502,250,ZAFIRLUKAST 20MG TB,87.0,65.25,both
san_ramon,,,5312502,637,ZAFIRLUKAST 20MG TB,87.0,65.25,both
san_ramon,,,5306344,250,ZIDOV/LAMI300MG/150MG TB,190.0,142.5,both
san_ramon,,,5306344,637,ZIDOV/LAMI300MG/150MG TB,190.0,142.5,both
san_ramon,86794,CPT,7256730,300,ZIKA VIRUS AB IGM,45.0,33.75,both
san_ramon,,,5312517,250,ZINC GLUCONATE 50MG TB,5.0,3.75,both
san_ramon,,,5312517,637,ZINC GLUCONATE 50MG TB,5.0,3.75,both
san_ramon,,,5334688,250,ZINC OX/MENTHOL 113GM OI,132.0,99.0,both
san_ramon,,,5334688,637,ZINC OX/MENTHOL 113GM OI,132.0,99.0,both
san_ramon,,,5334684,250,ZINC OX/MENTHOL 3.5GM OI,14.0,10.5,both
san_ramon,,,5334684,637,ZINC OX/MENTHOL 3.5GM OI,14.0,10.5,both
san_ramon,,,5337755,250,ZINC OXIDE 40% 60GM OI,60.0,45.0,both
san_ramon,,,5337755,637,ZINC OXIDE 40% 60GM OI,60.0,45.0,both
san_ramon,,,5312523,250,ZINC SULFATE 220MG CP,33.0,24.75,both
san_ramon,,,5312523,637,ZINC SULFATE 220MG CP,33.0,24.75,both
san_ramon,84630,CPT,7254631,300,ZINC/2,4.28,3.21,both
san_ramon,,,5334940,250,ZINC/COD LIV 40%113GM OI,71.0,53.25,both
san_ramon,,,5334940,637,ZINC/COD LIV 40%113GM OI,71.0,53.25,both
san_ramon,,,5312532,250,ZIPRASIDONE 20MG CP,147.0,110.25,both
san_ramon,,,5312532,637,ZIPRASIDONE 20MG CP,147.0,110.25,both
san_ramon,,,5312533,250,ZIPRASIDONE 40MG CP,78.0,58.5,both
san_ramon,,,5312533,637,ZIPRASIDONE 40MG CP,78.0,58.5,both
san_ramon,,,5325301,250,ZIPRASIDONE PER 10MG IJ,166.0,124.5,both
san_ramon,,,5325301,636,ZIPRASIDONE PER 10MG IJ,166.0,124.5,both
san_ramon,,,5325293,250,ZOLEDRONIC ACID PER1MGIJ,2011.0,1508.25,both
san_ramon,,,5325293,636,ZOLEDRONIC ACID PER1MGIJ,2011.0,1508.25,both
san_ramon,,,5312529,250,ZOLPIDEM 5MG TB,204.0,153.0,both
san_ramon,,,5312529,637,ZOLPIDEM 5MG TB,204.0,153.0,both
san_ramon,80203,CPT,7250056,300,ZONISAMIDE,8.0,6.0,both
san_ramon,,,5312535,250,ZONISAMIDE 100MG CP,12.0,9.0,both
san_ramon,,,5312535,637,ZONISAMIDE 100MG CP,12.0,9.0,both
